cliente_id,nombre_cliente,tipo_cliente,zona_id,nombre_zona,empleado_id,nombre_comercial,activo,fecha_alta,fecha_baja
1,Supermercado Galindo,Supermercado,7,San Sebastián de los Reyes,14,Azahara Giménez,Sí,2018-08-27,
2,Tienda Camacho,Tienda,6,Alcobendas,13,Bernarda Gallo,Sí,2019-02-04,
3,Bar Quirós,Bar,6,Alcobendas,13,Bernarda Gallo,Sí,2021-04-24,
4,Tienda Valenzuela,Tienda,3,Madrid Sur,10,Marcelino Palacio,Sí,2018-05-05,
5,Bar Melero,Bar,6,Alcobendas,13,Bernarda Gallo,No,2018-11-23,2023-02-06
6,Bar Lillo,Bar,8,Getafe,15,Simón Coello,Sí,2020-07-28,
7,Gasolinera Falcó,Gasolinera,3,Madrid Sur,10,Marcelino Palacio,Sí,2022-04-19,
8,Tienda Villa,Tienda,5,Madrid Oeste,12,Manola Larrañaga,Sí,2022-08-18,
9,Restaurante Zamora,Restaurante,1,Madrid Centro,8,Perla Arenas,Sí,2017-10-06,
10,Restaurante Santiago,Restaurante,2,Madrid Norte,9,Carolina Lopez,Sí,2020-05-24,
11,Restaurante Pinilla,Restaurante,1,Madrid Centro,8,Perla Arenas,Sí,2017-10-27,
12,Bar Menendez,Bar,1,Madrid Centro,8,Perla Arenas,Sí,2023-04-15,
13,Restaurante Vilanova,Restaurante,12,Fuenlabrada,17,Armando Caparrós,Sí,2016-12-12,
14,Gasolinera Mascaró,Gasolinera,6,Alcobendas,13,Bernarda Gallo,Sí,2021-10-09,
15,Bar Pol,Bar,1,Madrid Centro,8,Perla Arenas,Sí,2023-11-29,
16,Tienda Cuadrado,Tienda,10,Móstoles,16,Baltasar Navas,Sí,2022-09-26,
17,Bar Rocamora,Bar,9,Leganés,15,Simón Coello,Sí,2025-05-05,
18,Tienda Talavera,Tienda,5,Madrid Oeste,12,Manola Larrañaga,Sí,2020-09-04,
19,Bar Valls,Bar,10,Móstoles,16,Baltasar Navas,Sí,2023-03-15,
20,Bar Vila,Bar,10,Móstoles,16,Baltasar Navas,No,2021-06-22,2023-11-23
21,Restaurante Rios,Restaurante,5,Madrid Oeste,12,Manola Larrañaga,Sí,2022-04-17,
22,Bar Sanjuan,Bar,3,Madrid Sur,10,Marcelino Palacio,Sí,2021-05-03,
23,Supermercado Pedro,Supermercado,6,Alcobendas,13,Bernarda Gallo,Sí,2020-12-05,
24,Supermercado Cuevas,Supermercado,9,Leganés,15,Simón Coello,Sí,2016-10-07,
25,Bar Chaparro,Bar,1,Madrid Centro,8,Perla Arenas,Sí,2024-08-12,
26,Supermercado Lloret,Supermercado,3,Madrid Sur,10,Marcelino Palacio,No,2025-01-11,2025-06-14
27,Bar Hervás,Bar,8,Getafe,15,Simón Coello,Sí,2016-10-27,
28,Gasolinera Vargas,Gasolinera,4,Madrid Este,11,Tristán Laguna,Sí,2020-07-14,
29,Supermercado Aller,Supermercado,5,Madrid Oeste,12,Manola Larrañaga,Sí,2022-07-03,
30,Bar Cózar,Bar,3,Madrid Sur,10,Marcelino Palacio,Sí,2020-12-03,
31,Bar Coll,Bar,4,Madrid Este,11,Tristán Laguna,Sí,2022-06-24,
32,Restaurante Guijarro,Restaurante,3,Madrid Sur,10,Marcelino Palacio,No,2019-10-08,2020-03-13
33,Bar Sales,Bar,4,Madrid Este,11,Tristán Laguna,No,2022-02-09,2023-03-01
34,Bar Lumbreras,Bar,4,Madrid Este,11,Tristán Laguna,Sí,2025-09-18,
35,Bar Ochoa,Bar,1,Madrid Centro,8,Perla Arenas,Sí,2021-01-06,
36,Bar Garriga,Bar,4,Madrid Este,11,Tristán Laguna,Sí,2022-12-03,
37,Tienda Mateu,Tienda,4,Madrid Este,11,Tristán Laguna,Sí,2020-08-24,
38,Supermercado Egea,Supermercado,3,Madrid Sur,10,Marcelino Palacio,Sí,2017-01-10,
39,Bar Pareja,Bar,1,Madrid Centro,8,Perla Arenas,Sí,2017-10-08,
40,Tienda Beltrán,Tienda,2,Madrid Norte,9,Carolina Lopez,Sí,2019-01-04,
41,Bar Neira,Bar,2,Madrid Norte,9,Carolina Lopez,Sí,2025-02-20,
42,Bar Crespi,Bar,1,Madrid Centro,8,Perla Arenas,Sí,2023-08-26,
43,Tienda Barba,Tienda,4,Madrid Este,11,Tristán Laguna,No,2020-08-25,2021-07-06
44,Bar Agustí,Bar,3,Madrid Sur,10,Marcelino Palacio,Sí,2019-06-15,
45,Bar Tejero,Bar,9,Leganés,15,Simón Coello,Sí,2023-03-07,
46,Restaurante Lobo,Restaurante,8,Getafe,15,Simón Coello,Sí,2023-12-03,
47,Bar Higueras,Bar,3,Madrid Sur,10,Marcelino Palacio,Sí,2024-06-07,
48,Restaurante Ibáñez,Restaurante,5,Madrid Oeste,12,Manola Larrañaga,Sí,2020-12-30,
49,Bar Ramón,Bar,3,Madrid Sur,10,Marcelino Palacio,Sí,2019-11-25,
50,Bar Miró,Bar,3,Madrid Sur,10,Marcelino Palacio,Sí,2023-09-05,
51,Restaurante Juárez,Restaurante,7,San Sebastián de los Reyes,14,Azahara Giménez,Sí,2018-05-08,
52,Supermercado Ayllón,Supermercado,3,Madrid Sur,10,Marcelino Palacio,Sí,2018-03-03,
53,Tienda Fabregat,Tienda,4,Madrid Este,11,Tristán Laguna,Sí,2021-05-16,
54,Bar Cabrero,Bar,1,Madrid Centro,8,Perla Arenas,Sí,2018-11-02,
55,Bar Cerezo,Bar,4,Madrid Este,11,Tristán Laguna,Sí,2019-02-08,
56,Bar Pizarro,Bar,6,Alcobendas,13,Bernarda Gallo,Sí,2023-08-20,
57,Restaurante Amor,Restaurante,3,Madrid Sur,10,Marcelino Palacio,Sí,2017-03-05,
58,Tienda Portillo,Tienda,5,Madrid Oeste,12,Manola Larrañaga,Sí,2021-02-04,
59,Bar Gonzalo,Bar,1,Madrid Centro,8,Perla Arenas,Sí,2019-04-17,
60,Bar Urrutia,Bar,7,San Sebastián de los Reyes,14,Azahara Giménez,Sí,2023-07-28,
61,Bar Carreras,Bar,8,Getafe,15,Simón Coello,Sí,2016-12-15,
62,Bar Porras,Bar,3,Madrid Sur,10,Marcelino Palacio,Sí,2024-09-16,
63,Bar Villalba,Bar,2,Madrid Norte,9,Carolina Lopez,Sí,2023-08-01,
64,Tienda Enríquez,Tienda,7,San Sebastián de los Reyes,14,Azahara Giménez,Sí,2016-06-26,
65,Bar Guerrero,Bar,3,Madrid Sur,10,Marcelino Palacio,Sí,2025-07-24,
66,Restaurante Arnaiz,Restaurante,4,Madrid Este,11,Tristán Laguna,Sí,2019-06-07,
67,Tienda Caro,Tienda,3,Madrid Sur,10,Marcelino Palacio,Sí,2024-05-07,
68,Bar Ferrero,Bar,6,Alcobendas,13,Bernarda Gallo,Sí,2022-08-22,
69,Restaurante Somoza,Restaurante,1,Madrid Centro,8,Perla Arenas,Sí,2023-12-01,
70,Tienda Padilla,Tienda,3,Madrid Sur,10,Marcelino Palacio,No,2024-10-30,2025-03-18
71,Restaurante Valdés,Restaurante,1,Madrid Centro,8,Perla Arenas,Sí,2020-07-11,
72,Bar Bellido,Bar,4,Madrid Este,11,Tristán Laguna,No,2025-06-17,2025-12-07
73,Bar Ariza,Bar,1,Madrid Centro,8,Perla Arenas,Sí,2019-11-14,
74,Bar Hervás,Bar,1,Madrid Centro,8,Perla Arenas,Sí,2024-09-27,
75,Bar Prado,Bar,4,Madrid Este,11,Tristán Laguna,No,2021-06-03,2021-12-13
76,Restaurante Palomares,Restaurante,2,Madrid Norte,9,Carolina Lopez,Sí,2024-09-16,
77,Bar Gordillo,Bar,5,Madrid Oeste,12,Manola Larrañaga,Sí,2020-03-25,
78,Tienda Piña,Tienda,1,Madrid Centro,8,Perla Arenas,Sí,2024-12-15,
79,Bar Morante,Bar,5,Madrid Oeste,12,Manola Larrañaga,Sí,2022-06-30,
80,Tienda Aranda,Tienda,1,Madrid Centro,8,Perla Arenas,No,2023-11-25,2025-03-05
81,Restaurante Tejada,Restaurante,6,Alcobendas,13,Bernarda Gallo,Sí,2019-01-01,
82,Tienda Checa,Tienda,4,Madrid Este,11,Tristán Laguna,Sí,2025-09-16,
83,Bar Jurado,Bar,2,Madrid Norte,9,Carolina Lopez,Sí,2022-01-21,
84,Bar Sastre,Bar,8,Getafe,15,Simón Coello,Sí,2022-06-09,
85,Supermercado Corominas,Supermercado,11,Alcorcón,16,Baltasar Navas,Sí,2024-01-22,
86,Supermercado Sedano,Supermercado,4,Madrid Este,11,Tristán Laguna,Sí,2020-08-13,
87,Bar Salamanca,Bar,7,San Sebastián de los Reyes,14,Azahara Giménez,Sí,2023-10-20,
88,Bar Pereira,Bar,4,Madrid Este,11,Tristán Laguna,Sí,2017-06-18,
89,Bar Cabeza,Bar,2,Madrid Norte,9,Carolina Lopez,Sí,2023-02-13,
90,Bar Aguado,Bar,8,Getafe,15,Simón Coello,Sí,2021-10-07,
91,Supermercado Trujillo,Supermercado,2,Madrid Norte,9,Carolina Lopez,Sí,2020-11-11,
92,Bar Niño,Bar,8,Getafe,15,Simón Coello,Sí,2023-04-15,
93,Tienda Bauzà,Tienda,3,Madrid Sur,10,Marcelino Palacio,Sí,2019-05-01,
94,Bar Pallarès,Bar,7,San Sebastián de los Reyes,14,Azahara Giménez,Sí,2023-01-14,
95,Tienda Catalán,Tienda,5,Madrid Oeste,12,Manola Larrañaga,Sí,2024-10-26,
96,Gasolinera Mercader,Gasolinera,3,Madrid Sur,10,Marcelino Palacio,Sí,2022-10-29,
97,Supermercado Palomares,Supermercado,6,Alcobendas,13,Bernarda Gallo,Sí,2022-11-02,
98,Restaurante Ruano,Restaurante,5,Madrid Oeste,12,Manola Larrañaga,Sí,2024-04-13,
99,Gasolinera Manjón,Gasolinera,5,Madrid Oeste,12,Manola Larrañaga,Sí,2024-05-09,
100,Bar Borja,Bar,1,Madrid Centro,8,Perla Arenas,Sí,2021-07-01,
101,Tienda Quirós,Tienda,7,San Sebastián de los Reyes,14,Azahara Giménez,Sí,2025-02-23,
102,Supermercado Calleja,Supermercado,9,Leganés,15,Simón Coello,Sí,2019-07-23,
103,Gasolinera Perea,Gasolinera,10,Móstoles,16,Baltasar Navas,Sí,2023-02-23,
104,Tienda Andres,Tienda,4,Madrid Este,11,Tristán Laguna,Sí,2021-02-04,
105,Tienda Cerro,Tienda,6,Alcobendas,13,Bernarda Gallo,Sí,2023-05-16,
106,Bar Pérez,Bar,5,Madrid Oeste,12,Manola Larrañaga,No,2022-07-08,2024-06-21
107,Bar Iñiguez,Bar,3,Madrid Sur,10,Marcelino Palacio,Sí,2022-07-17,
108,Tienda Gabaldón,Tienda,12,Fuenlabrada,17,Armando Caparrós,Sí,2024-02-11,
109,Bar Arjona,Bar,4,Madrid Este,11,Tristán Laguna,No,2024-02-03,2024-06-25
110,Bar Moreno,Bar,6,Alcobendas,13,Bernarda Gallo,Sí,2024-03-18,
111,Supermercado Belmonte,Supermercado,11,Alcorcón,16,Baltasar Navas,Sí,2016-12-24,
112,Tienda Lucena,Tienda,6,Alcobendas,13,Bernarda Gallo,Sí,2021-01-18,
113,Bar Giménez,Bar,2,Madrid Norte,9,Carolina Lopez,Sí,2025-10-20,
114,Gasolinera Barrena,Gasolinera,7,San Sebastián de los Reyes,14,Azahara Giménez,Sí,2025-11-27,
115,Gasolinera Clavero,Gasolinera,11,Alcorcón,16,Baltasar Navas,Sí,2020-04-01,
116,Bar Rovira,Bar,7,San Sebastián de los Reyes,14,Azahara Giménez,Sí,2023-12-22,
117,Bar Gimeno,Bar,5,Madrid Oeste,12,Manola Larrañaga,Sí,2025-09-21,
118,Bar Tello,Bar,9,Leganés,15,Simón Coello,Sí,2017-09-07,
119,Bar Téllez,Bar,9,Leganés,15,Simón Coello,No,2023-08-13,2023-09-06
120,Bar Linares,Bar,1,Madrid Centro,8,Perla Arenas,No,2017-07-29,2021-02-07
121,Bar Marin,Bar,1,Madrid Centro,8,Perla Arenas,Sí,2018-08-01,
122,Bar Tejada,Bar,8,Getafe,15,Simón Coello,Sí,2017-04-12,
123,Tienda Lago,Tienda,7,San Sebastián de los Reyes,14,Azahara Giménez,Sí,2023-11-25,
124,Restaurante Valdés,Restaurante,4,Madrid Este,11,Tristán Laguna,Sí,2022-05-03,
125,Restaurante Pallarès,Restaurante,3,Madrid Sur,10,Marcelino Palacio,No,2021-11-23,2022-11-26
126,Tienda Bernat,Tienda,5,Madrid Oeste,12,Manola Larrañaga,Sí,2022-02-03,
127,Bar Salvador,Bar,1,Madrid Centro,8,Perla Arenas,Sí,2016-08-28,
128,Bar Pont,Bar,5,Madrid Oeste,12,Manola Larrañaga,Sí,2019-10-27,
129,Gasolinera Cerro,Gasolinera,3,Madrid Sur,10,Marcelino Palacio,Sí,2020-10-21,
130,Restaurante Merino,Restaurante,7,San Sebastián de los Reyes,14,Azahara Giménez,Sí,2020-12-29,
131,Gasolinera Puente,Gasolinera,5,Madrid Oeste,12,Manola Larrañaga,Sí,2025-04-03,
132,Tienda Porta,Tienda,3,Madrid Sur,10,Marcelino Palacio,Sí,2019-08-15,
133,Bar López,Bar,3,Madrid Sur,10,Marcelino Palacio,No,2017-05-19,2022-03-11
134,Restaurante Carranza,Restaurante,12,Fuenlabrada,17,Armando Caparrós,Sí,2019-10-04,
135,Bar Nogués,Bar,1,Madrid Centro,8,Perla Arenas,Sí,2024-05-17,
136,Supermercado Chaparro,Supermercado,8,Getafe,15,Simón Coello,Sí,2022-06-17,
137,Supermercado Padilla,Supermercado,2,Madrid Norte,9,Carolina Lopez,No,2021-10-11,2023-11-16
138,Gasolinera Yáñez,Gasolinera,6,Alcobendas,13,Bernarda Gallo,Sí,2021-12-08,
139,Bar Calleja,Bar,5,Madrid Oeste,12,Manola Larrañaga,Sí,2018-05-10,
140,Tienda Cabo,Tienda,1,Madrid Centro,8,Perla Arenas,Sí,2017-11-16,
141,Supermercado Higueras,Supermercado,3,Madrid Sur,10,Marcelino Palacio,No,2025-08-05,2025-11-03
142,Bar Mariño,Bar,2,Madrid Norte,9,Carolina Lopez,Sí,2018-08-28,
143,Tienda Jove,Tienda,11,Alcorcón,16,Baltasar Navas,No,2018-02-07,2020-01-29
144,Tienda Adán,Tienda,5,Madrid Oeste,12,Manola Larrañaga,Sí,2016-07-21,
145,Tienda Gibert,Tienda,7,San Sebastián de los Reyes,14,Azahara Giménez,Sí,2023-04-24,
146,Tienda Amigó,Tienda,1,Madrid Centro,8,Perla Arenas,Sí,2024-03-10,
147,Gasolinera Ramón,Gasolinera,1,Madrid Centro,8,Perla Arenas,Sí,2023-02-02,
148,Bar Sedano,Bar,2,Madrid Norte,9,Carolina Lopez,Sí,2024-10-06,
149,Bar Suárez,Bar,5,Madrid Oeste,12,Manola Larrañaga,Sí,2024-10-28,
150,Bar Palacios,Bar,7,San Sebastián de los Reyes,14,Azahara Giménez,Sí,2020-11-26,
151,Tienda Guitart,Tienda,8,Getafe,15,Simón Coello,Sí,2018-08-16,
152,Restaurante Navarro,Restaurante,3,Madrid Sur,10,Marcelino Palacio,Sí,2025-11-03,
153,Tienda Rocamora,Tienda,7,San Sebastián de los Reyes,14,Azahara Giménez,Sí,2022-09-09,
154,Bar Corral,Bar,5,Madrid Oeste,12,Manola Larrañaga,Sí,2021-07-17,
155,Bar Domínguez,Bar,4,Madrid Este,11,Tristán Laguna,Sí,2019-07-30,
156,Bar Cisneros,Bar,7,San Sebastián de los Reyes,14,Azahara Giménez,Sí,2023-05-30,
157,Restaurante Querol,Restaurante,3,Madrid Sur,10,Marcelino Palacio,Sí,2019-02-23,
158,Bar Rodríguez,Bar,2,Madrid Norte,9,Carolina Lopez,No,2020-05-30,2022-03-26
159,Tienda Crespo,Tienda,3,Madrid Sur,10,Marcelino Palacio,Sí,2017-09-02,
160,Tienda Cerezo,Tienda,1,Madrid Centro,8,Perla Arenas,Sí,2018-03-12,
161,Bar Cerdán,Bar,5,Madrid Oeste,12,Manola Larrañaga,Sí,2023-04-05,
162,Tienda Jover,Tienda,5,Madrid Oeste,12,Manola Larrañaga,No,2025-12-23,2025-12-24
163,Bar Egea,Bar,1,Madrid Centro,8,Perla Arenas,Sí,2016-07-10,
164,Bar Poza,Bar,3,Madrid Sur,10,Marcelino Palacio,Sí,2021-08-10,
165,Bar Olivera,Bar,11,Alcorcón,16,Baltasar Navas,Sí,2023-12-26,
166,Tienda Plaza,Tienda,9,Leganés,15,Simón Coello,No,2021-12-02,2023-12-06
167,Bar Pont,Bar,4,Madrid Este,11,Tristán Laguna,Sí,2020-05-18,
168,Bar Vaquero,Bar,6,Alcobendas,13,Bernarda Gallo,Sí,2022-02-18,
169,Tienda Alcalde,Tienda,7,San Sebastián de los Reyes,14,Azahara Giménez,No,2024-07-15,2024-10-29
170,Bar Navarrete,Bar,11,Alcorcón,16,Baltasar Navas,Sí,2020-04-20,
171,Supermercado Mate,Supermercado,1,Madrid Centro,8,Perla Arenas,Sí,2025-09-07,
172,Bar Salvà,Bar,3,Madrid Sur,10,Marcelino Palacio,Sí,2025-09-02,
173,Bar Luís,Bar,7,San Sebastián de los Reyes,14,Azahara Giménez,Sí,2025-01-11,
174,Bar Vazquez,Bar,6,Alcobendas,13,Bernarda Gallo,Sí,2020-05-12,
175,Bar Salmerón,Bar,5,Madrid Oeste,12,Manola Larrañaga,Sí,2020-01-30,
176,Bar Ayllón,Bar,10,Móstoles,16,Baltasar Navas,Sí,2019-06-13,
177,Restaurante Quiroga,Restaurante,12,Fuenlabrada,17,Armando Caparrós,No,2018-12-29,2019-12-11
178,Bar Ramón,Bar,3,Madrid Sur,10,Marcelino Palacio,Sí,2022-04-04,
179,Bar Quero,Bar,2,Madrid Norte,9,Carolina Lopez,Sí,2020-12-02,
180,Restaurante Tomé,Restaurante,9,Leganés,15,Simón Coello,Sí,2020-06-18,
181,Bar Conde,Bar,1,Madrid Centro,8,Perla Arenas,Sí,2020-01-10,
182,Tienda Rozas,Tienda,11,Alcorcón,16,Baltasar Navas,Sí,2016-12-24,
183,Tienda Gárate,Tienda,12,Fuenlabrada,17,Armando Caparrós,Sí,2018-02-24,
184,Bar Lledó,Bar,3,Madrid Sur,10,Marcelino Palacio,Sí,2019-01-18,
185,Tienda Girona,Tienda,3,Madrid Sur,10,Marcelino Palacio,Sí,2017-12-06,
186,Bar Piña,Bar,6,Alcobendas,13,Bernarda Gallo,Sí,2024-06-20,
187,Bar Escamilla,Bar,3,Madrid Sur,10,Marcelino Palacio,No,2019-01-10,2022-12-02
188,Tienda Borrego,Tienda,3,Madrid Sur,10,Marcelino Palacio,No,2020-07-15,2023-10-07
189,Restaurante Iglesias,Restaurante,3,Madrid Sur,10,Marcelino Palacio,Sí,2019-08-31,
190,Bar Aragonés,Bar,5,Madrid Oeste,12,Manola Larrañaga,Sí,2022-03-01,
191,Supermercado Luque,Supermercado,8,Getafe,15,Simón Coello,Sí,2024-10-30,
192,Gasolinera Armas,Gasolinera,7,San Sebastián de los Reyes,14,Azahara Giménez,Sí,2023-03-29,
193,Tienda Gárate,Tienda,5,Madrid Oeste,12,Manola Larrañaga,Sí,2023-10-31,
194,Restaurante Bayo,Restaurante,2,Madrid Norte,9,Carolina Lopez,Sí,2016-10-07,
195,Bar Vergara,Bar,8,Getafe,15,Simón Coello,Sí,2021-12-02,
196,Bar Rosado,Bar,10,Móstoles,16,Baltasar Navas,Sí,2017-12-31,
197,Bar Tejedor,Bar,6,Alcobendas,13,Bernarda Gallo,Sí,2018-09-13,
198,Restaurante Pinilla,Restaurante,9,Leganés,15,Simón Coello,Sí,2019-10-27,
199,Bar Batlle,Bar,5,Madrid Oeste,12,Manola Larrañaga,No,2019-11-11,2022-08-03
200,Gasolinera Bernal,Gasolinera,4,Madrid Este,11,Tristán Laguna,No,2022-02-28,2023-09-07
201,Supermercado Sánchez,Supermercado,9,Leganés,15,Simón Coello,Sí,2018-09-19,
202,Gasolinera Bermejo,Gasolinera,11,Alcorcón,16,Baltasar Navas,Sí,2020-11-28,
203,Bar Malo,Bar,1,Madrid Centro,8,Perla Arenas,Sí,2023-02-13,
204,Gasolinera Frutos,Gasolinera,5,Madrid Oeste,12,Manola Larrañaga,Sí,2020-03-11,
205,Supermercado Bastida,Supermercado,3,Madrid Sur,10,Marcelino Palacio,Sí,2018-11-05,
206,Gasolinera Borja,Gasolinera,1,Madrid Centro,8,Perla Arenas,Sí,2025-10-16,
207,Bar Mendizábal,Bar,3,Madrid Sur,10,Marcelino Palacio,No,2022-01-06,2023-05-12
208,Gasolinera Serna,Gasolinera,8,Getafe,15,Simón Coello,Sí,2025-07-06,
209,Tienda Rosselló,Tienda,12,Fuenlabrada,17,Armando Caparrós,Sí,2024-12-20,
210,Restaurante Arias,Restaurante,4,Madrid Este,11,Tristán Laguna,No,2024-04-13,2025-11-09
211,Restaurante Alfaro,Restaurante,1,Madrid Centro,8,Perla Arenas,Sí,2023-10-01,
212,Tienda Baró,Tienda,9,Leganés,15,Simón Coello,Sí,2025-12-26,
213,Supermercado Roca,Supermercado,3,Madrid Sur,10,Marcelino Palacio,No,2024-08-07,2025-11-09
214,Gasolinera Nuñez,Gasolinera,1,Madrid Centro,8,Perla Arenas,Sí,2016-08-14,
215,Bar Mate,Bar,3,Madrid Sur,10,Marcelino Palacio,Sí,2022-05-16,
216,Bar Iniesta,Bar,9,Leganés,15,Simón Coello,Sí,2024-05-22,
217,Bar Collado,Bar,3,Madrid Sur,10,Marcelino Palacio,No,2017-05-29,2022-10-28
218,Gasolinera Piñol,Gasolinera,2,Madrid Norte,9,Carolina Lopez,Sí,2025-12-30,
219,Bar Cañellas,Bar,1,Madrid Centro,8,Perla Arenas,Sí,2019-01-27,
220,Bar Almazán,Bar,9,Leganés,15,Simón Coello,Sí,2023-02-02,
221,Bar Suarez,Bar,5,Madrid Oeste,12,Manola Larrañaga,Sí,2016-08-25,
222,Bar Ponce,Bar,2,Madrid Norte,9,Carolina Lopez,No,2017-01-18,2019-06-18
223,Restaurante Morell,Restaurante,7,San Sebastián de los Reyes,14,Azahara Giménez,Sí,2021-07-27,
224,Supermercado Adadia,Supermercado,9,Leganés,15,Simón Coello,Sí,2023-09-04,
225,Tienda Barberá,Tienda,6,Alcobendas,13,Bernarda Gallo,Sí,2022-11-03,
226,Bar Llopis,Bar,1,Madrid Centro,8,Perla Arenas,Sí,2021-02-11,
227,Bar Polo,Bar,3,Madrid Sur,10,Marcelino Palacio,Sí,2023-05-16,
228,Supermercado Martorell,Supermercado,4,Madrid Este,11,Tristán Laguna,Sí,2021-08-08,
229,Restaurante Rius,Restaurante,2,Madrid Norte,9,Carolina Lopez,Sí,2022-05-02,
230,Restaurante Tomás,Restaurante,3,Madrid Sur,10,Marcelino Palacio,No,2022-06-30,2023-02-09
231,Tienda Roldan,Tienda,7,San Sebastián de los Reyes,14,Azahara Giménez,Sí,2025-10-19,
232,Tienda Segovia,Tienda,12,Fuenlabrada,17,Armando Caparrós,Sí,2021-02-17,
233,Bar Prada,Bar,7,San Sebastián de los Reyes,14,Azahara Giménez,Sí,2021-07-29,
234,Bar Porras,Bar,1,Madrid Centro,8,Perla Arenas,Sí,2019-04-27,
235,Bar Palomino,Bar,6,Alcobendas,13,Bernarda Gallo,Sí,2017-09-29,
236,Supermercado Casares,Supermercado,1,Madrid Centro,8,Perla Arenas,Sí,2024-07-18,
237,Bar Terrón,Bar,7,San Sebastián de los Reyes,14,Azahara Giménez,Sí,2023-07-09,
238,Gasolinera Gimeno,Gasolinera,8,Getafe,15,Simón Coello,Sí,2023-05-12,
239,Gasolinera Matas,Gasolinera,5,Madrid Oeste,12,Manola Larrañaga,Sí,2024-09-05,
240,Bar Antúnez,Bar,9,Leganés,15,Simón Coello,Sí,2020-07-05,
241,Gasolinera Páez,Gasolinera,2,Madrid Norte,9,Carolina Lopez,Sí,2018-06-11,
242,Supermercado Rubio,Supermercado,12,Fuenlabrada,17,Armando Caparrós,No,2023-06-11,2024-06-26
243,Restaurante Tena,Restaurante,5,Madrid Oeste,12,Manola Larrañaga,Sí,2017-01-27,
244,Bar Pozuelo,Bar,7,San Sebastián de los Reyes,14,Azahara Giménez,Sí,2018-10-05,
245,Tienda Lumbreras,Tienda,1,Madrid Centro,8,Perla Arenas,Sí,2018-03-08,
246,Bar Cuenca,Bar,5,Madrid Oeste,12,Manola Larrañaga,Sí,2017-06-20,
247,Restaurante Arroyo,Restaurante,1,Madrid Centro,8,Perla Arenas,Sí,2023-04-18,
248,Restaurante Luís,Restaurante,5,Madrid Oeste,12,Manola Larrañaga,Sí,2022-12-15,
249,Bar Atienza,Bar,2,Madrid Norte,9,Carolina Lopez,Sí,2019-05-16,
250,Gasolinera Campoy,Gasolinera,7,San Sebastián de los Reyes,14,Azahara Giménez,No,2025-11-09,2025-12-28
251,Bar Paniagua,Bar,3,Madrid Sur,10,Marcelino Palacio,Sí,2022-10-21,
252,Tienda Otero,Tienda,3,Madrid Sur,10,Marcelino Palacio,Sí,2025-06-27,
253,Bar Oliver,Bar,8,Getafe,15,Simón Coello,Sí,2020-06-01,
254,Bar Rosado,Bar,3,Madrid Sur,10,Marcelino Palacio,Sí,2019-09-28,
255,Bar Barberá,Bar,6,Alcobendas,13,Bernarda Gallo,No,2019-10-07,2021-11-22
256,Tienda Luz,Tienda,2,Madrid Norte,9,Carolina Lopez,Sí,2025-10-30,
257,Bar Galvez,Bar,8,Getafe,15,Simón Coello,Sí,2022-04-19,
258,Bar Vara,Bar,2,Madrid Norte,9,Carolina Lopez,Sí,2018-04-26,
259,Gasolinera Murillo,Gasolinera,3,Madrid Sur,10,Marcelino Palacio,Sí,2020-09-28,
260,Bar Arribas,Bar,4,Madrid Este,11,Tristán Laguna,Sí,2016-08-16,
261,Bar Aguiló,Bar,3,Madrid Sur,10,Marcelino Palacio,Sí,2022-11-26,
262,Supermercado Caro,Supermercado,9,Leganés,15,Simón Coello,No,2025-07-25,2025-12-06
263,Restaurante Duarte,Restaurante,1,Madrid Centro,8,Perla Arenas,Sí,2016-07-14,
264,Gasolinera Alemany,Gasolinera,6,Alcobendas,13,Bernarda Gallo,Sí,2018-06-13,
265,Restaurante Molins,Restaurante,8,Getafe,15,Simón Coello,Sí,2018-10-22,
266,Bar Vilanova,Bar,1,Madrid Centro,8,Perla Arenas,No,2023-01-12,2023-11-12
267,Supermercado Sanjuan,Supermercado,8,Getafe,15,Simón Coello,Sí,2017-11-12,
268,Bar Moll,Bar,3,Madrid Sur,10,Marcelino Palacio,Sí,2019-10-11,
269,Bar Rocamora,Bar,2,Madrid Norte,9,Carolina Lopez,Sí,2019-12-29,
270,Gasolinera Montaña,Gasolinera,1,Madrid Centro,8,Perla Arenas,Sí,2025-12-08,
271,Bar Pol,Bar,2,Madrid Norte,9,Carolina Lopez,Sí,2021-01-25,
272,Supermercado Múñiz,Supermercado,8,Getafe,15,Simón Coello,Sí,2018-08-31,
273,Bar Miró,Bar,8,Getafe,15,Simón Coello,Sí,2018-03-03,
274,Tienda Albero,Tienda,1,Madrid Centro,8,Perla Arenas,Sí,2021-07-06,
275,Tienda Poza,Tienda,3,Madrid Sur,10,Marcelino Palacio,Sí,2021-03-05,
276,Bar Talavera,Bar,1,Madrid Centro,8,Perla Arenas,Sí,2018-12-25,
277,Bar Alemán,Bar,3,Madrid Sur,10,Marcelino Palacio,Sí,2024-08-11,
278,Tienda Rojas,Tienda,5,Madrid Oeste,12,Manola Larrañaga,No,2020-12-15,2024-02-21
279,Bar Buendía,Bar,7,San Sebastián de los Reyes,14,Azahara Giménez,Sí,2019-08-19,
280,Bar Bermudez,Bar,9,Leganés,15,Simón Coello,Sí,2021-01-05,
281,Supermercado Planas,Supermercado,5,Madrid Oeste,12,Manola Larrañaga,Sí,2024-10-05,
282,Gasolinera Molina,Gasolinera,6,Alcobendas,13,Bernarda Gallo,Sí,2024-08-26,
283,Gasolinera Corral,Gasolinera,3,Madrid Sur,10,Marcelino Palacio,Sí,2021-06-18,
284,Bar Talavera,Bar,6,Alcobendas,13,Bernarda Gallo,Sí,2023-07-22,
285,Restaurante Moll,Restaurante,6,Alcobendas,13,Bernarda Gallo,Sí,2021-08-11,
286,Bar Valcárcel,Bar,9,Leganés,15,Simón Coello,Sí,2023-06-17,
287,Bar Gilabert,Bar,7,San Sebastián de los Reyes,14,Azahara Giménez,No,2018-01-09,2020-03-18
288,Restaurante Gras,Restaurante,8,Getafe,15,Simón Coello,Sí,2020-10-26,
289,Tienda Roura,Tienda,8,Getafe,15,Simón Coello,Sí,2021-10-07,
290,Restaurante Amat,Restaurante,6,Alcobendas,13,Bernarda Gallo,Sí,2025-09-23,
291,Bar Abellán,Bar,1,Madrid Centro,8,Perla Arenas,Sí,2018-05-11,
292,Tienda Torrijos,Tienda,6,Alcobendas,13,Bernarda Gallo,Sí,2023-04-16,
293,Bar Talavera,Bar,1,Madrid Centro,8,Perla Arenas,Sí,2024-08-06,
294,Bar Pedro,Bar,7,San Sebastián de los Reyes,14,Azahara Giménez,Sí,2022-03-09,
295,Supermercado Ferrer,Supermercado,12,Fuenlabrada,17,Armando Caparrós,Sí,2019-08-23,
296,Bar Sandoval,Bar,1,Madrid Centro,8,Perla Arenas,Sí,2019-08-27,
297,Restaurante Zabaleta,Restaurante,3,Madrid Sur,10,Marcelino Palacio,Sí,2024-10-11,
298,Bar Giralt,Bar,10,Móstoles,16,Baltasar Navas,Sí,2018-09-06,
299,Tienda Torrens,Tienda,2,Madrid Norte,9,Carolina Lopez,Sí,2021-11-26,
300,Supermercado Ibáñez,Supermercado,5,Madrid Oeste,12,Manola Larrañaga,Sí,2019-11-18,
301,Restaurante Páez,Restaurante,5,Madrid Oeste,12,Manola Larrañaga,Sí,2020-01-25,
302,Tienda Arribas,Tienda,7,San Sebastián de los Reyes,14,Azahara Giménez,Sí,2024-09-17,
303,Bar Gutiérrez,Bar,6,Alcobendas,13,Bernarda Gallo,Sí,2023-05-21,
304,Tienda Moreno,Tienda,1,Madrid Centro,8,Perla Arenas,Sí,2025-09-12,
305,Bar Jimenez,Bar,9,Leganés,15,Simón Coello,Sí,2025-08-19,
306,Bar Asenjo,Bar,4,Madrid Este,11,Tristán Laguna,Sí,2019-12-09,
307,Restaurante Alcolea,Restaurante,3,Madrid Sur,10,Marcelino Palacio,Sí,2018-08-10,
308,Restaurante Goicoechea,Restaurante,4,Madrid Este,11,Tristán Laguna,Sí,2018-03-10,
309,Bar Martín,Bar,12,Fuenlabrada,17,Armando Caparrós,No,2024-01-28,2025-09-14
310,Tienda Manzano,Tienda,4,Madrid Este,11,Tristán Laguna,Sí,2025-02-08,
311,Bar Soriano,Bar,4,Madrid Este,11,Tristán Laguna,Sí,2020-08-03,
312,Restaurante López,Restaurante,2,Madrid Norte,9,Carolina Lopez,Sí,2019-01-15,
313,Tienda Alegre,Tienda,4,Madrid Este,11,Tristán Laguna,Sí,2016-08-02,
314,Bar Poza,Bar,8,Getafe,15,Simón Coello,Sí,2025-04-06,
315,Bar Pacheco,Bar,4,Madrid Este,11,Tristán Laguna,Sí,2020-02-12,
316,Supermercado Río,Supermercado,1,Madrid Centro,8,Perla Arenas,Sí,2020-10-11,
317,Bar Pont,Bar,3,Madrid Sur,10,Marcelino Palacio,No,2024-02-03,2025-11-30
318,Restaurante Manjón,Restaurante,7,San Sebastián de los Reyes,14,Azahara Giménez,Sí,2017-03-06,
319,Tienda Lloret,Tienda,1,Madrid Centro,8,Perla Arenas,Sí,2017-09-15,
320,Tienda Fábregas,Tienda,1,Madrid Centro,8,Perla Arenas,Sí,2019-03-05,
321,Tienda Taboada,Tienda,9,Leganés,15,Simón Coello,Sí,2025-11-21,
322,Restaurante Corominas,Restaurante,3,Madrid Sur,10,Marcelino Palacio,Sí,2019-03-17,
323,Tienda Hernández,Tienda,10,Móstoles,16,Baltasar Navas,Sí,2025-03-09,
324,Tienda Bayo,Tienda,8,Getafe,15,Simón Coello,No,2024-07-16,2025-02-22
325,Bar Luján,Bar,7,San Sebastián de los Reyes,14,Azahara Giménez,Sí,2023-02-21,
326,Tienda Badía,Tienda,7,San Sebastián de los Reyes,14,Azahara Giménez,Sí,2016-09-25,
327,Supermercado Valle,Supermercado,9,Leganés,15,Simón Coello,Sí,2024-09-16,
328,Bar Amo,Bar,1,Madrid Centro,8,Perla Arenas,Sí,2024-12-11,
329,Bar Dueñas,Bar,2,Madrid Norte,9,Carolina Lopez,Sí,2016-11-08,
330,Tienda Varela,Tienda,7,San Sebastián de los Reyes,14,Azahara Giménez,No,2018-01-25,2019-04-27
331,Bar Vázquez,Bar,5,Madrid Oeste,12,Manola Larrañaga,Sí,2022-08-13,
332,Bar Requena,Bar,1,Madrid Centro,8,Perla Arenas,Sí,2020-07-27,
333,Bar Cerro,Bar,11,Alcorcón,16,Baltasar Navas,No,2022-01-06,2025-08-10
334,Bar Cortina,Bar,5,Madrid Oeste,12,Manola Larrañaga,Sí,2021-02-10,
335,Bar Somoza,Bar,2,Madrid Norte,9,Carolina Lopez,No,2024-01-12,2024-04-15
336,Bar Araujo,Bar,4,Madrid Este,11,Tristán Laguna,Sí,2022-04-15,
337,Bar Barba,Bar,11,Alcorcón,16,Baltasar Navas,Sí,2017-06-04,
338,Supermercado Valero,Supermercado,3,Madrid Sur,10,Marcelino Palacio,No,2022-12-11,2023-08-26
339,Tienda Ramírez,Tienda,1,Madrid Centro,8,Perla Arenas,Sí,2021-12-06,
340,Gasolinera Hervia,Gasolinera,4,Madrid Este,11,Tristán Laguna,Sí,2023-11-22,
341,Bar Mata,Bar,9,Leganés,15,Simón Coello,Sí,2025-04-14,
342,Tienda Torrents,Tienda,9,Leganés,15,Simón Coello,Sí,2021-08-11,
343,Bar Cervantes,Bar,3,Madrid Sur,10,Marcelino Palacio,No,2019-05-14,2022-04-19
344,Restaurante Martin,Restaurante,3,Madrid Sur,10,Marcelino Palacio,Sí,2017-08-25,
345,Bar Hernandez,Bar,2,Madrid Norte,9,Carolina Lopez,Sí,2021-08-06,
346,Bar Calvo,Bar,6,Alcobendas,13,Bernarda Gallo,No,2022-10-22,2024-11-26
347,Tienda Ródenas,Tienda,4,Madrid Este,11,Tristán Laguna,Sí,2021-10-10,
348,Bar Reyes,Bar,5,Madrid Oeste,12,Manola Larrañaga,Sí,2018-09-24,
349,Supermercado Huguet,Supermercado,9,Leganés,15,Simón Coello,Sí,2018-04-28,
350,Restaurante Miguel,Restaurante,2,Madrid Norte,9,Carolina Lopez,Sí,2025-01-31,
351,Supermercado Gras,Supermercado,1,Madrid Centro,8,Perla Arenas,Sí,2019-07-24,
352,Tienda Santamaria,Tienda,1,Madrid Centro,8,Perla Arenas,No,2018-03-17,2023-04-20
353,Restaurante Badía,Restaurante,8,Getafe,15,Simón Coello,Sí,2019-01-25,
354,Gasolinera Cuesta,Gasolinera,1,Madrid Centro,8,Perla Arenas,Sí,2021-12-10,
355,Bar Andreu,Bar,8,Getafe,15,Simón Coello,Sí,2023-08-26,
356,Tienda Torrents,Tienda,1,Madrid Centro,8,Perla Arenas,Sí,2019-01-13,
357,Bar Camacho,Bar,1,Madrid Centro,8,Perla Arenas,Sí,2022-09-01,
358,Bar Padilla,Bar,1,Madrid Centro,8,Perla Arenas,Sí,2018-11-01,
359,Supermercado Duran,Supermercado,2,Madrid Norte,9,Carolina Lopez,Sí,2025-06-11,
360,Supermercado Coca,Supermercado,1,Madrid Centro,8,Perla Arenas,Sí,2019-05-21,
361,Restaurante Borrás,Restaurante,7,San Sebastián de los Reyes,14,Azahara Giménez,Sí,2019-06-07,
362,Bar Rueda,Bar,3,Madrid Sur,10,Marcelino Palacio,Sí,2020-10-08,
363,Bar Paredes,Bar,1,Madrid Centro,8,Perla Arenas,Sí,2025-08-29,
364,Gasolinera Sedano,Gasolinera,9,Leganés,15,Simón Coello,Sí,2016-12-30,
365,Restaurante Sobrino,Restaurante,9,Leganés,15,Simón Coello,Sí,2018-08-01,
366,Restaurante Carbajo,Restaurante,1,Madrid Centro,8,Perla Arenas,Sí,2024-08-24,
367,Tienda Carbajo,Tienda,5,Madrid Oeste,12,Manola Larrañaga,Sí,2016-07-11,
368,Supermercado Serna,Supermercado,5,Madrid Oeste,12,Manola Larrañaga,Sí,2016-12-02,
369,Tienda Clavero,Tienda,7,San Sebastián de los Reyes,14,Azahara Giménez,No,2019-03-01,2020-07-28
370,Supermercado Coll,Supermercado,8,Getafe,15,Simón Coello,Sí,2017-08-24,
371,Tienda Lasa,Tienda,7,San Sebastián de los Reyes,14,Azahara Giménez,Sí,2023-07-13,
372,Restaurante Blanco,Restaurante,8,Getafe,15,Simón Coello,No,2022-08-12,2023-10-20
373,Supermercado Rodriguez,Supermercado,6,Alcobendas,13,Bernarda Gallo,Sí,2020-09-08,
374,Bar Frutos,Bar,6,Alcobendas,13,Bernarda Gallo,Sí,2018-04-26,
375,Bar Pera,Bar,7,San Sebastián de los Reyes,14,Azahara Giménez,Sí,2018-01-23,
376,Bar Gras,Bar,9,Leganés,15,Simón Coello,Sí,2017-07-14,
377,Gasolinera Tenorio,Gasolinera,1,Madrid Centro,8,Perla Arenas,Sí,2023-12-17,
378,Restaurante Galán,Restaurante,1,Madrid Centro,8,Perla Arenas,No,2017-08-26,2022-01-26
379,Restaurante Francisco,Restaurante,8,Getafe,15,Simón Coello,Sí,2017-03-03,
380,Tienda Cisneros,Tienda,8,Getafe,15,Simón Coello,Sí,2022-07-31,
381,Bar Montesinos,Bar,11,Alcorcón,16,Baltasar Navas,Sí,2024-12-31,
382,Gasolinera Amat,Gasolinera,11,Alcorcón,16,Baltasar Navas,Sí,2017-08-04,
383,Bar Hernández,Bar,5,Madrid Oeste,12,Manola Larrañaga,Sí,2023-05-04,
384,Supermercado Galvez,Supermercado,9,Leganés,15,Simón Coello,Sí,2023-03-11,
385,Restaurante Pastor,Restaurante,9,Leganés,15,Simón Coello,Sí,2023-03-13,
386,Supermercado Acero,Supermercado,4,Madrid Este,11,Tristán Laguna,Sí,2023-09-18,
387,Gasolinera Garrido,Gasolinera,3,Madrid Sur,10,Marcelino Palacio,Sí,2016-10-06,
388,Restaurante Abad,Restaurante,12,Fuenlabrada,17,Armando Caparrós,No,2020-10-20,2021-01-08
389,Bar Morante,Bar,7,San Sebastián de los Reyes,14,Azahara Giménez,Sí,2025-08-15,
390,Tienda Guitart,Tienda,3,Madrid Sur,10,Marcelino Palacio,Sí,2022-04-19,
391,Bar Moles,Bar,12,Fuenlabrada,17,Armando Caparrós,Sí,2018-11-17,
392,Tienda Machado,Tienda,6,Alcobendas,13,Bernarda Gallo,Sí,2020-01-25,
393,Gasolinera Ribera,Gasolinera,1,Madrid Centro,8,Perla Arenas,Sí,2021-01-20,
394,Tienda Saez,Tienda,12,Fuenlabrada,17,Armando Caparrós,No,2019-01-22,2019-08-14
395,Tienda Mateu,Tienda,6,Alcobendas,13,Bernarda Gallo,Sí,2025-02-14,
396,Tienda Miró,Tienda,1,Madrid Centro,8,Perla Arenas,Sí,2022-05-27,
397,Bar Soler,Bar,3,Madrid Sur,10,Marcelino Palacio,Sí,2020-02-24,
398,Bar Tormo,Bar,4,Madrid Este,11,Tristán Laguna,No,2020-11-10,2024-12-15
399,Bar Cobos,Bar,3,Madrid Sur,10,Marcelino Palacio,Sí,2020-02-27,
400,Restaurante Aranda,Restaurante,4,Madrid Este,11,Tristán Laguna,No,2020-05-17,2021-10-02
401,Bar Corbacho,Bar,2,Madrid Norte,9,Carolina Lopez,Sí,2020-03-25,
402,Gasolinera Rubio,Gasolinera,3,Madrid Sur,10,Marcelino Palacio,Sí,2018-10-12,
403,Bar Valverde,Bar,7,San Sebastián de los Reyes,14,Azahara Giménez,Sí,2022-07-09,
404,Supermercado Sanz,Supermercado,6,Alcobendas,13,Bernarda Gallo,Sí,2024-08-10,
405,Bar Pardo,Bar,1,Madrid Centro,8,Perla Arenas,Sí,2018-05-03,
406,Tienda Porta,Tienda,11,Alcorcón,16,Baltasar Navas,Sí,2018-02-24,
407,Bar Colomer,Bar,1,Madrid Centro,8,Perla Arenas,Sí,2017-11-11,
408,Gasolinera Nuñez,Gasolinera,8,Getafe,15,Simón Coello,Sí,2025-03-04,
409,Tienda Taboada,Tienda,2,Madrid Norte,9,Carolina Lopez,Sí,2020-10-06,
410,Bar Leon,Bar,2,Madrid Norte,9,Carolina Lopez,Sí,2016-12-08,
411,Bar Clavero,Bar,3,Madrid Sur,10,Marcelino Palacio,Sí,2017-04-16,
412,Bar Campo,Bar,10,Móstoles,16,Baltasar Navas,Sí,2024-03-21,
413,Tienda Bilbao,Tienda,1,Madrid Centro,8,Perla Arenas,Sí,2016-11-04,
414,Bar Pozo,Bar,7,San Sebastián de los Reyes,14,Azahara Giménez,Sí,2021-03-30,
415,Bar Alcolea,Bar,8,Getafe,15,Simón Coello,Sí,2025-05-11,
416,Tienda Ribera,Tienda,5,Madrid Oeste,12,Manola Larrañaga,Sí,2018-02-14,
417,Tienda Enríquez,Tienda,6,Alcobendas,13,Bernarda Gallo,Sí,2021-08-29,
418,Tienda Castelló,Tienda,8,Getafe,15,Simón Coello,Sí,2016-08-11,
419,Supermercado Morán,Supermercado,6,Alcobendas,13,Bernarda Gallo,Sí,2023-04-02,
420,Bar Guitart,Bar,2,Madrid Norte,9,Carolina Lopez,Sí,2025-06-06,
421,Bar Pacheco,Bar,6,Alcobendas,13,Bernarda Gallo,Sí,2022-04-10,
422,Bar Roselló,Bar,9,Leganés,15,Simón Coello,Sí,2023-08-24,
423,Supermercado Barros,Supermercado,3,Madrid Sur,10,Marcelino Palacio,Sí,2021-04-16,
424,Bar Mariño,Bar,10,Móstoles,16,Baltasar Navas,Sí,2025-08-14,
425,Supermercado Jordán,Supermercado,5,Madrid Oeste,12,Manola Larrañaga,Sí,2016-12-25,
426,Supermercado Arregui,Supermercado,7,San Sebastián de los Reyes,14,Azahara Giménez,Sí,2017-06-01,
427,Bar Contreras,Bar,1,Madrid Centro,8,Perla Arenas,Sí,2021-01-05,
428,Tienda Fortuny,Tienda,4,Madrid Este,11,Tristán Laguna,Sí,2018-02-28,
429,Restaurante Pi,Restaurante,5,Madrid Oeste,12,Manola Larrañaga,Sí,2017-07-20,
430,Bar Ortega,Bar,11,Alcorcón,16,Baltasar Navas,Sí,2024-04-16,
431,Supermercado Manrique,Supermercado,3,Madrid Sur,10,Marcelino Palacio,Sí,2024-11-29,
432,Bar Castañeda,Bar,7,San Sebastián de los Reyes,14,Azahara Giménez,Sí,2025-05-11,
433,Bar Porras,Bar,2,Madrid Norte,9,Carolina Lopez,Sí,2022-06-17,
434,Bar Ávila,Bar,5,Madrid Oeste,12,Manola Larrañaga,Sí,2024-08-09,
435,Supermercado Santamaria,Supermercado,2,Madrid Norte,9,Carolina Lopez,Sí,2019-06-06,
436,Bar Solís,Bar,2,Madrid Norte,9,Carolina Lopez,No,2020-12-26,2024-03-01
437,Restaurante Nuñez,Restaurante,2,Madrid Norte,9,Carolina Lopez,Sí,2019-08-14,
438,Bar Olivé,Bar,5,Madrid Oeste,12,Manola Larrañaga,Sí,2020-11-19,
439,Bar Pedrosa,Bar,12,Fuenlabrada,17,Armando Caparrós,Sí,2017-06-05,
440,Bar Ruano,Bar,10,Móstoles,16,Baltasar Navas,Sí,2024-12-21,
441,Gasolinera Mayol,Gasolinera,3,Madrid Sur,10,Marcelino Palacio,Sí,2025-08-24,
442,Restaurante Gimenez,Restaurante,7,San Sebastián de los Reyes,14,Azahara Giménez,Sí,2016-11-15,
443,Bar Bustos,Bar,3,Madrid Sur,10,Marcelino Palacio,Sí,2021-03-08,
444,Supermercado Escalona,Supermercado,12,Fuenlabrada,17,Armando Caparrós,Sí,2024-06-04,
445,Gasolinera Bustos,Gasolinera,6,Alcobendas,13,Bernarda Gallo,Sí,2022-07-06,
446,Tienda Nogués,Tienda,3,Madrid Sur,10,Marcelino Palacio,Sí,2023-06-07,
447,Bar Alegria,Bar,4,Madrid Este,11,Tristán Laguna,No,2017-01-20,2025-03-08
448,Gasolinera Gras,Gasolinera,6,Alcobendas,13,Bernarda Gallo,Sí,2025-01-09,
449,Tienda Doménech,Tienda,5,Madrid Oeste,12,Manola Larrañaga,Sí,2017-08-31,
450,Restaurante Cifuentes,Restaurante,3,Madrid Sur,10,Marcelino Palacio,Sí,2022-08-23,
451,Bar Llorens,Bar,2,Madrid Norte,9,Carolina Lopez,Sí,2024-09-24,
452,Gasolinera Borrell,Gasolinera,4,Madrid Este,11,Tristán Laguna,Sí,2016-09-25,
453,Bar Heras,Bar,8,Getafe,15,Simón Coello,Sí,2024-10-13,
454,Gasolinera Torrecilla,Gasolinera,7,San Sebastián de los Reyes,14,Azahara Giménez,Sí,2017-05-08,
455,Tienda Cabañas,Tienda,2,Madrid Norte,9,Carolina Lopez,Sí,2020-11-23,
456,Tienda Anguita,Tienda,6,Alcobendas,13,Bernarda Gallo,Sí,2018-10-17,
457,Restaurante Cabello,Restaurante,6,Alcobendas,13,Bernarda Gallo,Sí,2021-10-10,
458,Supermercado Espada,Supermercado,1,Madrid Centro,8,Perla Arenas,Sí,2018-01-08,
459,Supermercado Coronado,Supermercado,9,Leganés,15,Simón Coello,Sí,2025-09-02,
460,Gasolinera Piquer,Gasolinera,6,Alcobendas,13,Bernarda Gallo,Sí,2021-03-29,
461,Bar Carmona,Bar,3,Madrid Sur,10,Marcelino Palacio,Sí,2023-03-06,
462,Supermercado Torrecilla,Supermercado,12,Fuenlabrada,17,Armando Caparrós,Sí,2018-08-12,
463,Tienda Galvez,Tienda,11,Alcorcón,16,Baltasar Navas,Sí,2017-01-28,
464,Restaurante Higueras,Restaurante,2,Madrid Norte,9,Carolina Lopez,Sí,2016-10-30,
465,Supermercado Amor,Supermercado,3,Madrid Sur,10,Marcelino Palacio,Sí,2024-10-20,
466,Tienda Bustos,Tienda,4,Madrid Este,11,Tristán Laguna,Sí,2016-09-23,
467,Restaurante Escamilla,Restaurante,7,San Sebastián de los Reyes,14,Azahara Giménez,Sí,2023-02-24,
468,Bar Ramis,Bar,5,Madrid Oeste,12,Manola Larrañaga,Sí,2016-08-27,
469,Restaurante Tovar,Restaurante,3,Madrid Sur,10,Marcelino Palacio,Sí,2024-02-21,
470,Tienda Anaya,Tienda,3,Madrid Sur,10,Marcelino Palacio,Sí,2025-05-11,
471,Tienda Oller,Tienda,7,San Sebastián de los Reyes,14,Azahara Giménez,Sí,2017-02-19,
472,Bar Casares,Bar,7,San Sebastián de los Reyes,14,Azahara Giménez,Sí,2022-12-23,
473,Restaurante Vergara,Restaurante,2,Madrid Norte,9,Carolina Lopez,Sí,2020-06-23,
474,Tienda Berenguer,Tienda,2,Madrid Norte,9,Carolina Lopez,Sí,2025-07-30,
475,Bar Quintero,Bar,2,Madrid Norte,9,Carolina Lopez,No,2021-04-07,2025-06-16
476,Supermercado Boada,Supermercado,11,Alcorcón,16,Baltasar Navas,Sí,2024-09-12,
477,Gasolinera Royo,Gasolinera,2,Madrid Norte,9,Carolina Lopez,Sí,2022-04-11,
478,Bar Agustí,Bar,8,Getafe,15,Simón Coello,Sí,2024-03-06,
479,Gasolinera Luque,Gasolinera,2,Madrid Norte,9,Carolina Lopez,Sí,2017-10-04,
480,Tienda Peiró,Tienda,10,Móstoles,16,Baltasar Navas,Sí,2021-03-22,
481,Bar Hervia,Bar,1,Madrid Centro,8,Perla Arenas,No,2023-02-12,2025-09-21
482,Tienda Peinado,Tienda,7,San Sebastián de los Reyes,14,Azahara Giménez,Sí,2018-06-20,
483,Bar Llamas,Bar,9,Leganés,15,Simón Coello,Sí,2020-10-29,
484,Bar Mur,Bar,10,Móstoles,16,Baltasar Navas,Sí,2018-01-12,
485,Bar Duque,Bar,8,Getafe,15,Simón Coello,Sí,2024-11-28,
486,Tienda Bermudez,Tienda,6,Alcobendas,13,Bernarda Gallo,Sí,2019-11-14,
487,Bar Amor,Bar,2,Madrid Norte,9,Carolina Lopez,Sí,2025-11-07,
488,Bar Criado,Bar,7,San Sebastián de los Reyes,14,Azahara Giménez,Sí,2017-10-05,
489,Bar Valentín,Bar,1,Madrid Centro,8,Perla Arenas,No,2020-11-30,2022-12-14
490,Bar Morata,Bar,12,Fuenlabrada,17,Armando Caparrós,Sí,2025-08-04,
491,Tienda Segura,Tienda,1,Madrid Centro,8,Perla Arenas,Sí,2016-09-26,
492,Bar Quiroga,Bar,7,San Sebastián de los Reyes,14,Azahara Giménez,Sí,2022-11-28,
493,Gasolinera Castañeda,Gasolinera,4,Madrid Este,11,Tristán Laguna,No,2025-11-11,2025-12-08
494,Bar Abril,Bar,1,Madrid Centro,8,Perla Arenas,Sí,2021-07-13,
495,Restaurante Mateu,Restaurante,8,Getafe,15,Simón Coello,Sí,2019-10-28,
496,Bar Alcántara,Bar,2,Madrid Norte,9,Carolina Lopez,Sí,2018-10-24,
497,Bar Barrio,Bar,5,Madrid Oeste,12,Manola Larrañaga,Sí,2019-12-14,
498,Bar Vigil,Bar,2,Madrid Norte,9,Carolina Lopez,Sí,2020-11-18,
499,Bar Cuenca,Bar,9,Leganés,15,Simón Coello,No,2021-12-03,2023-09-26
500,Bar Roma,Bar,6,Alcobendas,13,Bernarda Gallo,Sí,2025-11-05,
501,Bar Colom,Bar,1,Madrid Centro,8,Perla Arenas,Sí,2021-09-09,
502,Gasolinera Agustí,Gasolinera,2,Madrid Norte,9,Carolina Lopez,Sí,2018-03-07,
503,Gasolinera Casal,Gasolinera,5,Madrid Oeste,12,Manola Larrañaga,Sí,2019-12-28,
504,Restaurante Luque,Restaurante,12,Fuenlabrada,17,Armando Caparrós,Sí,2019-04-12,
505,Supermercado Palomar,Supermercado,5,Madrid Oeste,12,Manola Larrañaga,Sí,2024-02-19,
506,Bar Ayuso,Bar,8,Getafe,15,Simón Coello,Sí,2025-07-30,
507,Tienda Acuña,Tienda,6,Alcobendas,13,Bernarda Gallo,Sí,2018-04-25,
508,Tienda Amorós,Tienda,7,San Sebastián de los Reyes,14,Azahara Giménez,Sí,2020-05-29,
509,Bar Leal,Bar,5,Madrid Oeste,12,Manola Larrañaga,Sí,2019-08-02,
510,Restaurante Jaén,Restaurante,5,Madrid Oeste,12,Manola Larrañaga,Sí,2025-01-30,
511,Bar Sotelo,Bar,10,Móstoles,16,Baltasar Navas,No,2023-07-15,2023-12-25
512,Tienda Pinilla,Tienda,1,Madrid Centro,8,Perla Arenas,Sí,2018-08-25,
513,Tienda Alvarez,Tienda,6,Alcobendas,13,Bernarda Gallo,Sí,2024-08-12,
514,Bar Real,Bar,4,Madrid Este,11,Tristán Laguna,Sí,2023-01-05,
515,Tienda Donoso,Tienda,6,Alcobendas,13,Bernarda Gallo,Sí,2020-12-14,
516,Bar Torrens,Bar,2,Madrid Norte,9,Carolina Lopez,Sí,2019-01-25,
517,Bar Alegre,Bar,8,Getafe,15,Simón Coello,Sí,2023-12-31,
518,Restaurante Matas,Restaurante,3,Madrid Sur,10,Marcelino Palacio,Sí,2017-08-30,
519,Bar Gallo,Bar,6,Alcobendas,13,Bernarda Gallo,Sí,2019-05-12,
520,Supermercado Ayllón,Supermercado,2,Madrid Norte,9,Carolina Lopez,Sí,2023-09-01,
521,Tienda Burgos,Tienda,1,Madrid Centro,8,Perla Arenas,Sí,2020-07-06,
522,Bar Arana,Bar,9,Leganés,15,Simón Coello,Sí,2018-05-06,
523,Supermercado Herrera,Supermercado,4,Madrid Este,11,Tristán Laguna,Sí,2025-04-13,
524,Tienda Granados,Tienda,4,Madrid Este,11,Tristán Laguna,Sí,2022-11-17,
525,Tienda Rojas,Tienda,1,Madrid Centro,8,Perla Arenas,Sí,2020-08-31,
526,Bar Ochoa,Bar,2,Madrid Norte,9,Carolina Lopez,Sí,2020-10-18,
527,Restaurante Vilanova,Restaurante,8,Getafe,15,Simón Coello,Sí,2017-04-30,
528,Bar Zaragoza,Bar,6,Alcobendas,13,Bernarda Gallo,Sí,2021-01-23,
529,Bar Lladó,Bar,7,San Sebastián de los Reyes,14,Azahara Giménez,Sí,2017-01-03,
530,Bar Carrión,Bar,7,San Sebastián de los Reyes,14,Azahara Giménez,Sí,2017-07-15,
531,Bar Polo,Bar,4,Madrid Este,11,Tristán Laguna,Sí,2023-08-27,
532,Gasolinera Iñiguez,Gasolinera,5,Madrid Oeste,12,Manola Larrañaga,Sí,2018-05-24,
533,Restaurante Llorens,Restaurante,9,Leganés,15,Simón Coello,Sí,2019-10-07,
534,Restaurante Oliveras,Restaurante,8,Getafe,15,Simón Coello,No,2023-09-06,2025-04-12
535,Bar Gibert,Bar,1,Madrid Centro,8,Perla Arenas,Sí,2019-03-25,
536,Tienda Ramis,Tienda,6,Alcobendas,13,Bernarda Gallo,Sí,2019-07-09,
537,Gasolinera Sastre,Gasolinera,9,Leganés,15,Simón Coello,Sí,2023-06-16,
538,Restaurante Delgado,Restaurante,8,Getafe,15,Simón Coello,No,2022-10-01,2025-02-23
539,Restaurante Armas,Restaurante,4,Madrid Este,11,Tristán Laguna,Sí,2017-05-12,
540,Bar Vergara,Bar,6,Alcobendas,13,Bernarda Gallo,Sí,2020-05-19,
541,Bar Vidal,Bar,4,Madrid Este,11,Tristán Laguna,Sí,2021-04-20,
542,Tienda Palomo,Tienda,9,Leganés,15,Simón Coello,Sí,2016-07-12,
543,Bar Hurtado,Bar,8,Getafe,15,Simón Coello,Sí,2023-06-15,
544,Restaurante Sanz,Restaurante,2,Madrid Norte,9,Carolina Lopez,Sí,2016-06-17,
545,Bar Alemán,Bar,12,Fuenlabrada,17,Armando Caparrós,Sí,2021-09-21,
546,Supermercado Barriga,Supermercado,5,Madrid Oeste,12,Manola Larrañaga,Sí,2025-11-10,
547,Bar Padilla,Bar,3,Madrid Sur,10,Marcelino Palacio,Sí,2022-01-15,
548,Bar Soler,Bar,8,Getafe,15,Simón Coello,Sí,2025-03-22,
549,Bar Ruano,Bar,9,Leganés,15,Simón Coello,Sí,2024-05-12,
550,Bar Hervás,Bar,4,Madrid Este,11,Tristán Laguna,Sí,2024-11-29,
551,Tienda Santos,Tienda,1,Madrid Centro,8,Perla Arenas,Sí,2024-11-01,
552,Bar Cadenas,Bar,5,Madrid Oeste,12,Manola Larrañaga,Sí,2024-11-27,
553,Bar Reyes,Bar,10,Móstoles,16,Baltasar Navas,Sí,2018-11-10,
554,Gasolinera Fonseca,Gasolinera,5,Madrid Oeste,12,Manola Larrañaga,Sí,2021-06-15,
555,Restaurante Mir,Restaurante,9,Leganés,15,Simón Coello,Sí,2024-12-05,
556,Restaurante Cañizares,Restaurante,5,Madrid Oeste,12,Manola Larrañaga,Sí,2018-03-08,
557,Bar Miró,Bar,7,San Sebastián de los Reyes,14,Azahara Giménez,No,2020-07-04,2025-11-08
558,Supermercado Díez,Supermercado,7,San Sebastián de los Reyes,14,Azahara Giménez,Sí,2018-08-05,
559,Bar Ureña,Bar,7,San Sebastián de los Reyes,14,Azahara Giménez,Sí,2020-07-25,
560,Supermercado Pombo,Supermercado,5,Madrid Oeste,12,Manola Larrañaga,Sí,2022-05-25,
561,Tienda Adán,Tienda,1,Madrid Centro,8,Perla Arenas,Sí,2020-09-05,
562,Bar Miguel,Bar,6,Alcobendas,13,Bernarda Gallo,Sí,2021-10-22,
563,Bar Galán,Bar,2,Madrid Norte,9,Carolina Lopez,Sí,2022-08-04,
564,Restaurante Aguiló,Restaurante,4,Madrid Este,11,Tristán Laguna,Sí,2017-10-13,
565,Tienda Bermúdez,Tienda,8,Getafe,15,Simón Coello,Sí,2016-09-16,
566,Bar Talavera,Bar,6,Alcobendas,13,Bernarda Gallo,Sí,2020-01-15,
567,Supermercado Aguiló,Supermercado,11,Alcorcón,16,Baltasar Navas,Sí,2020-04-07,
568,Supermercado Escamilla,Supermercado,5,Madrid Oeste,12,Manola Larrañaga,Sí,2025-01-25,
569,Tienda Rios,Tienda,1,Madrid Centro,8,Perla Arenas,Sí,2017-02-04,
570,Bar Soriano,Bar,5,Madrid Oeste,12,Manola Larrañaga,Sí,2020-11-26,
571,Supermercado Lasa,Supermercado,3,Madrid Sur,10,Marcelino Palacio,Sí,2018-05-04,
572,Supermercado Poza,Supermercado,2,Madrid Norte,9,Carolina Lopez,Sí,2022-02-20,
573,Tienda Cuesta,Tienda,1,Madrid Centro,8,Perla Arenas,Sí,2017-08-16,
574,Gasolinera Sola,Gasolinera,3,Madrid Sur,10,Marcelino Palacio,Sí,2025-11-26,
575,Bar Albero,Bar,2,Madrid Norte,9,Carolina Lopez,Sí,2023-02-05,
576,Tienda Cabañas,Tienda,2,Madrid Norte,9,Carolina Lopez,Sí,2022-04-13,
577,Bar Ribas,Bar,1,Madrid Centro,8,Perla Arenas,No,2021-11-11,2022-09-28
578,Tienda Torrecilla,Tienda,1,Madrid Centro,8,Perla Arenas,Sí,2020-11-25,
579,Restaurante Vilanova,Restaurante,9,Leganés,15,Simón Coello,Sí,2020-08-28,
580,Tienda Gaya,Tienda,5,Madrid Oeste,12,Manola Larrañaga,Sí,2017-08-28,
581,Tienda Sola,Tienda,9,Leganés,15,Simón Coello,Sí,2017-10-08,
582,Bar Mariscal,Bar,5,Madrid Oeste,12,Manola Larrañaga,Sí,2024-01-18,
583,Bar Bellido,Bar,9,Leganés,15,Simón Coello,Sí,2018-05-21,
584,Gasolinera Marcos,Gasolinera,8,Getafe,15,Simón Coello,Sí,2021-10-25,
585,Bar Morell,Bar,8,Getafe,15,Simón Coello,Sí,2019-07-07,
586,Bar Águila,Bar,6,Alcobendas,13,Bernarda Gallo,Sí,2019-09-28,
587,Supermercado Salazar,Supermercado,7,San Sebastián de los Reyes,14,Azahara Giménez,Sí,2018-03-22,
588,Bar Conesa,Bar,2,Madrid Norte,9,Carolina Lopez,No,2022-01-17,2023-01-24
589,Bar Navas,Bar,8,Getafe,15,Simón Coello,Sí,2016-08-16,
590,Supermercado Cañizares,Supermercado,2,Madrid Norte,9,Carolina Lopez,Sí,2022-10-21,
591,Tienda Palacios,Tienda,4,Madrid Este,11,Tristán Laguna,Sí,2020-10-01,
592,Bar Toro,Bar,5,Madrid Oeste,12,Manola Larrañaga,Sí,2021-08-04,
593,Gasolinera Vizcaíno,Gasolinera,9,Leganés,15,Simón Coello,Sí,2017-04-10,
594,Bar Antón,Bar,6,Alcobendas,13,Bernarda Gallo,Sí,2025-12-30,
595,Supermercado Comas,Supermercado,7,San Sebastián de los Reyes,14,Azahara Giménez,Sí,2024-06-20,
596,Tienda Arjona,Tienda,5,Madrid Oeste,12,Manola Larrañaga,Sí,2024-03-28,
597,Bar Laguna,Bar,5,Madrid Oeste,12,Manola Larrañaga,Sí,2020-11-08,
598,Supermercado Porras,Supermercado,1,Madrid Centro,8,Perla Arenas,No,2023-12-03,2024-01-04
599,Bar Aguilar,Bar,1,Madrid Centro,8,Perla Arenas,Sí,2018-03-22,
600,Bar Martín,Bar,8,Getafe,15,Simón Coello,No,2025-06-15,2025-07-29
601,Bar Verdugo,Bar,10,Móstoles,16,Baltasar Navas,Sí,2024-09-29,
602,Bar Quesada,Bar,4,Madrid Este,11,Tristán Laguna,Sí,2017-05-22,
603,Bar Cabezas,Bar,6,Alcobendas,13,Bernarda Gallo,No,2021-12-19,2023-12-23
604,Restaurante Gallart,Restaurante,2,Madrid Norte,9,Carolina Lopez,No,2024-02-15,2024-07-19
605,Bar Ballester,Bar,1,Madrid Centro,8,Perla Arenas,Sí,2022-05-02,
606,Tienda Reina,Tienda,9,Leganés,15,Simón Coello,Sí,2019-09-17,
607,Bar Pardo,Bar,8,Getafe,15,Simón Coello,Sí,2022-07-14,
608,Bar Barreda,Bar,3,Madrid Sur,10,Marcelino Palacio,Sí,2017-07-17,
609,Bar Manrique,Bar,1,Madrid Centro,8,Perla Arenas,Sí,2016-10-27,
610,Bar Garcia,Bar,3,Madrid Sur,10,Marcelino Palacio,Sí,2019-02-03,
611,Tienda Villalonga,Tienda,1,Madrid Centro,8,Perla Arenas,Sí,2024-12-24,
612,Restaurante Benet,Restaurante,10,Móstoles,16,Baltasar Navas,Sí,2025-06-30,
613,Tienda Ballesteros,Tienda,1,Madrid Centro,8,Perla Arenas,Sí,2018-07-06,
614,Bar Sevilla,Bar,3,Madrid Sur,10,Marcelino Palacio,No,2025-08-19,2025-09-14
615,Bar Escribano,Bar,1,Madrid Centro,8,Perla Arenas,Sí,2018-08-26,
616,Bar Guzmán,Bar,7,San Sebastián de los Reyes,14,Azahara Giménez,Sí,2019-09-13,
617,Tienda Viñas,Tienda,3,Madrid Sur,10,Marcelino Palacio,Sí,2018-10-25,
618,Bar Gallego,Bar,5,Madrid Oeste,12,Manola Larrañaga,Sí,2022-09-20,
619,Supermercado Gascón,Supermercado,9,Leganés,15,Simón Coello,Sí,2022-08-23,
620,Tienda Iñiguez,Tienda,2,Madrid Norte,9,Carolina Lopez,Sí,2019-10-07,
621,Restaurante Calderon,Restaurante,8,Getafe,15,Simón Coello,Sí,2025-04-02,
622,Tienda Pineda,Tienda,4,Madrid Este,11,Tristán Laguna,Sí,2016-08-06,
623,Tienda Fonseca,Tienda,10,Móstoles,16,Baltasar Navas,Sí,2020-05-07,
624,Restaurante Acuña,Restaurante,7,San Sebastián de los Reyes,14,Azahara Giménez,Sí,2019-10-16,
625,Restaurante Cabrero,Restaurante,10,Móstoles,16,Baltasar Navas,Sí,2023-04-03,
626,Bar Ángel,Bar,7,San Sebastián de los Reyes,14,Azahara Giménez,Sí,2017-09-10,
627,Bar Martinez,Bar,5,Madrid Oeste,12,Manola Larrañaga,Sí,2022-12-26,
628,Bar Blazquez,Bar,2,Madrid Norte,9,Carolina Lopez,Sí,2018-06-14,
629,Tienda Pol,Tienda,6,Alcobendas,13,Bernarda Gallo,Sí,2018-07-30,
630,Bar Borrell,Bar,8,Getafe,15,Simón Coello,Sí,2025-05-17,
631,Restaurante Santamaria,Restaurante,4,Madrid Este,11,Tristán Laguna,Sí,2022-10-11,
632,Restaurante Viñas,Restaurante,2,Madrid Norte,9,Carolina Lopez,Sí,2022-11-04,
633,Bar Azorin,Bar,3,Madrid Sur,10,Marcelino Palacio,Sí,2022-01-31,
634,Bar Galán,Bar,8,Getafe,15,Simón Coello,Sí,2017-04-20,
635,Bar Ariza,Bar,2,Madrid Norte,9,Carolina Lopez,Sí,2022-06-23,
636,Bar Baena,Bar,4,Madrid Este,11,Tristán Laguna,Sí,2021-08-20,
637,Bar Guerrero,Bar,8,Getafe,15,Simón Coello,Sí,2021-03-31,
638,Gasolinera Vilalta,Gasolinera,9,Leganés,15,Simón Coello,Sí,2017-02-22,
639,Bar Estevez,Bar,4,Madrid Este,11,Tristán Laguna,No,2020-07-22,2025-07-10
640,Supermercado Arnau,Supermercado,4,Madrid Este,11,Tristán Laguna,Sí,2017-09-22,
641,Supermercado Albero,Supermercado,12,Fuenlabrada,17,Armando Caparrós,No,2017-11-15,2020-04-05
642,Restaurante Yuste,Restaurante,3,Madrid Sur,10,Marcelino Palacio,Sí,2025-07-27,
643,Bar Calvo,Bar,7,San Sebastián de los Reyes,14,Azahara Giménez,Sí,2023-08-07,
644,Bar Espinosa,Bar,7,San Sebastián de los Reyes,14,Azahara Giménez,Sí,2019-03-08,
645,Bar Priego,Bar,3,Madrid Sur,10,Marcelino Palacio,Sí,2019-09-23,
646,Bar Franch,Bar,2,Madrid Norte,9,Carolina Lopez,Sí,2021-05-04,
647,Bar Manzano,Bar,6,Alcobendas,13,Bernarda Gallo,Sí,2022-04-01,
648,Bar Bauzà,Bar,12,Fuenlabrada,17,Armando Caparrós,Sí,2025-09-12,
649,Tienda Roura,Tienda,1,Madrid Centro,8,Perla Arenas,Sí,2024-12-09,
650,Gasolinera Martorell,Gasolinera,6,Alcobendas,13,Bernarda Gallo,Sí,2016-08-07,
651,Gasolinera Barranco,Gasolinera,12,Fuenlabrada,17,Armando Caparrós,Sí,2025-05-16,
652,Restaurante Alcolea,Restaurante,2,Madrid Norte,9,Carolina Lopez,Sí,2017-12-03,
653,Bar Lamas,Bar,2,Madrid Norte,9,Carolina Lopez,Sí,2017-05-25,
654,Bar Salom,Bar,4,Madrid Este,11,Tristán Laguna,Sí,2022-09-02,
655,Tienda Galán,Tienda,4,Madrid Este,11,Tristán Laguna,Sí,2021-10-18,
656,Bar Pascual,Bar,1,Madrid Centro,8,Perla Arenas,Sí,2019-08-02,
657,Bar Verdugo,Bar,1,Madrid Centro,8,Perla Arenas,Sí,2022-03-06,
658,Bar Giner,Bar,2,Madrid Norte,9,Carolina Lopez,No,2024-09-02,2025-08-01
659,Bar Casares,Bar,9,Leganés,15,Simón Coello,Sí,2018-07-15,
660,Bar Cabrero,Bar,9,Leganés,15,Simón Coello,Sí,2018-05-13,
661,Bar Giménez,Bar,4,Madrid Este,11,Tristán Laguna,No,2024-01-11,2024-05-10
662,Bar Bolaños,Bar,4,Madrid Este,11,Tristán Laguna,Sí,2023-01-07,
663,Bar Castrillo,Bar,1,Madrid Centro,8,Perla Arenas,Sí,2019-07-04,
664,Bar Cuenca,Bar,8,Getafe,15,Simón Coello,Sí,2025-09-30,
665,Supermercado Barros,Supermercado,4,Madrid Este,11,Tristán Laguna,Sí,2024-08-12,
666,Bar Calleja,Bar,6,Alcobendas,13,Bernarda Gallo,Sí,2017-05-30,
667,Bar Vila,Bar,9,Leganés,15,Simón Coello,Sí,2020-08-26,
668,Bar Conesa,Bar,7,San Sebastián de los Reyes,14,Azahara Giménez,Sí,2019-07-06,
669,Bar Almansa,Bar,1,Madrid Centro,8,Perla Arenas,No,2023-02-01,2024-06-26
670,Bar Polo,Bar,9,Leganés,15,Simón Coello,Sí,2023-08-07,
671,Bar Castell,Bar,2,Madrid Norte,9,Carolina Lopez,Sí,2021-10-17,
672,Bar Becerra,Bar,1,Madrid Centro,8,Perla Arenas,Sí,2021-05-13,
673,Gasolinera Manjón,Gasolinera,2,Madrid Norte,9,Carolina Lopez,Sí,2025-11-03,
674,Bar Herrero,Bar,4,Madrid Este,11,Tristán Laguna,No,2018-10-12,2023-02-23
675,Bar Guerrero,Bar,6,Alcobendas,13,Bernarda Gallo,Sí,2016-07-07,
676,Restaurante Cortés,Restaurante,7,San Sebastián de los Reyes,14,Azahara Giménez,Sí,2020-06-11,
677,Bar Torre,Bar,2,Madrid Norte,9,Carolina Lopez,Sí,2023-06-25,
678,Tienda Aragón,Tienda,11,Alcorcón,16,Baltasar Navas,Sí,2017-10-10,
679,Bar Varela,Bar,8,Getafe,15,Simón Coello,No,2019-04-02,2020-07-03
680,Bar Aguilar,Bar,12,Fuenlabrada,17,Armando Caparrós,Sí,2025-07-31,
681,Tienda Escribano,Tienda,1,Madrid Centro,8,Perla Arenas,Sí,2022-11-30,
682,Gasolinera Morales,Gasolinera,2,Madrid Norte,9,Carolina Lopez,Sí,2022-09-24,
683,Bar Frutos,Bar,1,Madrid Centro,8,Perla Arenas,Sí,2019-08-07,
684,Bar Velasco,Bar,2,Madrid Norte,9,Carolina Lopez,Sí,2021-09-07,
685,Gasolinera Hoz,Gasolinera,1,Madrid Centro,8,Perla Arenas,No,2019-10-16,2025-04-14
686,Restaurante Manrique,Restaurante,4,Madrid Este,11,Tristán Laguna,Sí,2023-02-04,
687,Restaurante Macias,Restaurante,7,San Sebastián de los Reyes,14,Azahara Giménez,Sí,2018-08-21,
688,Gasolinera Carbajo,Gasolinera,6,Alcobendas,13,Bernarda Gallo,Sí,2017-02-12,
689,Bar Miralles,Bar,11,Alcorcón,16,Baltasar Navas,No,2018-04-30,2018-06-18
690,Bar Olivera,Bar,2,Madrid Norte,9,Carolina Lopez,Sí,2018-10-19,
691,Bar Pardo,Bar,1,Madrid Centro,8,Perla Arenas,Sí,2023-01-28,
692,Bar Baró,Bar,1,Madrid Centro,8,Perla Arenas,Sí,2022-04-26,
693,Tienda Polo,Tienda,2,Madrid Norte,9,Carolina Lopez,Sí,2023-08-23,
694,Tienda Gordillo,Tienda,3,Madrid Sur,10,Marcelino Palacio,Sí,2023-05-30,
695,Bar Trillo,Bar,2,Madrid Norte,9,Carolina Lopez,Sí,2019-06-22,
696,Supermercado Duque,Supermercado,9,Leganés,15,Simón Coello,Sí,2022-05-03,
697,Bar Moliner,Bar,12,Fuenlabrada,17,Armando Caparrós,Sí,2018-01-20,
698,Tienda Lago,Tienda,8,Getafe,15,Simón Coello,Sí,2020-08-22,
699,Tienda Blanch,Tienda,1,Madrid Centro,8,Perla Arenas,Sí,2019-12-23,
700,Restaurante Arco,Restaurante,6,Alcobendas,13,Bernarda Gallo,Sí,2016-08-18,
701,Bar Garrido,Bar,1,Madrid Centro,8,Perla Arenas,Sí,2020-03-14,
702,Supermercado Azorin,Supermercado,5,Madrid Oeste,12,Manola Larrañaga,Sí,2018-04-25,
703,Supermercado Rincón,Supermercado,8,Getafe,15,Simón Coello,Sí,2024-10-18,
704,Tienda Pedrosa,Tienda,9,Leganés,15,Simón Coello,No,2022-01-11,2023-05-13
705,Bar Vélez,Bar,2,Madrid Norte,9,Carolina Lopez,Sí,2021-08-01,
706,Bar Bosch,Bar,9,Leganés,15,Simón Coello,Sí,2020-11-06,
707,Supermercado Esteban,Supermercado,4,Madrid Este,11,Tristán Laguna,Sí,2021-09-28,
708,Bar Villalba,Bar,4,Madrid Este,11,Tristán Laguna,Sí,2019-11-09,
709,Supermercado Fortuny,Supermercado,2,Madrid Norte,9,Carolina Lopez,Sí,2024-08-31,
710,Bar Alcántara,Bar,5,Madrid Oeste,12,Manola Larrañaga,Sí,2017-09-24,
711,Restaurante Garay,Restaurante,10,Móstoles,16,Baltasar Navas,Sí,2019-06-23,
712,Bar Escolano,Bar,5,Madrid Oeste,12,Manola Larrañaga,Sí,2020-03-30,
713,Gasolinera Barrios,Gasolinera,2,Madrid Norte,9,Carolina Lopez,Sí,2018-01-22,
714,Gasolinera Casal,Gasolinera,4,Madrid Este,11,Tristán Laguna,Sí,2019-12-17,
715,Bar Falcón,Bar,5,Madrid Oeste,12,Manola Larrañaga,Sí,2022-11-03,
716,Gasolinera Morillo,Gasolinera,4,Madrid Este,11,Tristán Laguna,Sí,2017-05-11,
717,Restaurante Torralba,Restaurante,11,Alcorcón,16,Baltasar Navas,Sí,2023-09-02,
718,Gasolinera Arnaiz,Gasolinera,9,Leganés,15,Simón Coello,Sí,2023-04-30,
719,Tienda Menéndez,Tienda,9,Leganés,15,Simón Coello,Sí,2016-11-19,
720,Tienda Otero,Tienda,5,Madrid Oeste,12,Manola Larrañaga,Sí,2023-07-22,
721,Bar Cazorla,Bar,8,Getafe,15,Simón Coello,Sí,2023-03-29,
722,Gasolinera Soto,Gasolinera,6,Alcobendas,13,Bernarda Gallo,Sí,2022-12-01,
723,Bar Martín,Bar,4,Madrid Este,11,Tristán Laguna,Sí,2025-12-01,
724,Bar Mulet,Bar,9,Leganés,15,Simón Coello,Sí,2023-11-10,
725,Bar Mata,Bar,6,Alcobendas,13,Bernarda Gallo,Sí,2020-12-04,
726,Bar Arregui,Bar,3,Madrid Sur,10,Marcelino Palacio,Sí,2016-09-23,
727,Bar Barral,Bar,8,Getafe,15,Simón Coello,Sí,2021-01-07,
728,Bar Rodrigo,Bar,9,Leganés,15,Simón Coello,Sí,2021-02-14,
729,Bar Leiva,Bar,5,Madrid Oeste,12,Manola Larrañaga,Sí,2021-01-01,
730,Bar Sobrino,Bar,7,San Sebastián de los Reyes,14,Azahara Giménez,Sí,2025-08-13,
731,Supermercado Ribes,Supermercado,3,Madrid Sur,10,Marcelino Palacio,Sí,2020-06-19,
732,Bar Gracia,Bar,2,Madrid Norte,9,Carolina Lopez,Sí,2020-02-20,
733,Gasolinera Teruel,Gasolinera,12,Fuenlabrada,17,Armando Caparrós,Sí,2018-02-07,
734,Restaurante Cuéllar,Restaurante,8,Getafe,15,Simón Coello,Sí,2022-07-28,
735,Gasolinera Español,Gasolinera,3,Madrid Sur,10,Marcelino Palacio,Sí,2022-12-12,
736,Tienda Blanch,Tienda,1,Madrid Centro,8,Perla Arenas,Sí,2023-05-06,
737,Tienda Espada,Tienda,10,Móstoles,16,Baltasar Navas,Sí,2024-10-13,
738,Bar Hernández,Bar,4,Madrid Este,11,Tristán Laguna,Sí,2021-08-12,
739,Tienda Valcárcel,Tienda,8,Getafe,15,Simón Coello,Sí,2017-12-12,
740,Tienda Feijoo,Tienda,12,Fuenlabrada,17,Armando Caparrós,Sí,2024-03-24,
741,Bar Piquer,Bar,10,Móstoles,16,Baltasar Navas,Sí,2024-04-13,
742,Tienda Pla,Tienda,8,Getafe,15,Simón Coello,Sí,2023-09-13,
743,Restaurante Luís,Restaurante,2,Madrid Norte,9,Carolina Lopez,Sí,2018-10-07,
744,Restaurante Herrero,Restaurante,4,Madrid Este,11,Tristán Laguna,Sí,2021-08-16,
745,Bar Llanos,Bar,8,Getafe,15,Simón Coello,Sí,2017-03-06,
746,Restaurante Capdevila,Restaurante,6,Alcobendas,13,Bernarda Gallo,Sí,2025-05-26,
747,Bar Alsina,Bar,3,Madrid Sur,10,Marcelino Palacio,No,2025-04-30,2025-12-26
748,Bar Jover,Bar,6,Alcobendas,13,Bernarda Gallo,Sí,2021-10-29,
749,Bar Valencia,Bar,1,Madrid Centro,8,Perla Arenas,Sí,2016-09-03,
750,Bar Boada,Bar,1,Madrid Centro,8,Perla Arenas,Sí,2019-10-25,
751,Bar Carvajal,Bar,7,San Sebastián de los Reyes,14,Azahara Giménez,No,2023-01-19,2025-06-06
752,Bar Valverde,Bar,3,Madrid Sur,10,Marcelino Palacio,Sí,2022-08-05,
753,Restaurante Puente,Restaurante,2,Madrid Norte,9,Carolina Lopez,Sí,2017-02-02,
754,Bar Varela,Bar,1,Madrid Centro,8,Perla Arenas,Sí,2019-07-23,
755,Supermercado Iriarte,Supermercado,3,Madrid Sur,10,Marcelino Palacio,Sí,2018-06-07,
756,Supermercado Bernat,Supermercado,3,Madrid Sur,10,Marcelino Palacio,Sí,2017-09-10,
757,Tienda Montoya,Tienda,2,Madrid Norte,9,Carolina Lopez,Sí,2025-12-24,
758,Tienda Abril,Tienda,8,Getafe,15,Simón Coello,Sí,2023-04-03,
759,Supermercado Antúnez,Supermercado,7,San Sebastián de los Reyes,14,Azahara Giménez,Sí,2018-10-14,
760,Bar Carballo,Bar,8,Getafe,15,Simón Coello,Sí,2019-08-31,
761,Tienda Quintanilla,Tienda,1,Madrid Centro,8,Perla Arenas,Sí,2024-08-16,
762,Tienda Gálvez,Tienda,4,Madrid Este,11,Tristán Laguna,Sí,2024-09-04,
763,Restaurante Alemany,Restaurante,3,Madrid Sur,10,Marcelino Palacio,Sí,2023-06-29,
764,Tienda Mena,Tienda,6,Alcobendas,13,Bernarda Gallo,Sí,2025-01-24,
765,Bar Pablo,Bar,3,Madrid Sur,10,Marcelino Palacio,Sí,2025-04-07,
766,Bar Mas,Bar,2,Madrid Norte,9,Carolina Lopez,Sí,2018-12-19,
767,Bar Pedraza,Bar,2,Madrid Norte,9,Carolina Lopez,Sí,2024-05-18,
768,Tienda Cabrera,Tienda,7,San Sebastián de los Reyes,14,Azahara Giménez,Sí,2019-10-28,
769,Restaurante Diéguez,Restaurante,6,Alcobendas,13,Bernarda Gallo,Sí,2021-10-21,
770,Bar Solís,Bar,1,Madrid Centro,8,Perla Arenas,Sí,2016-11-22,
771,Bar Pizarro,Bar,1,Madrid Centro,8,Perla Arenas,Sí,2022-10-12,
772,Bar Portillo,Bar,7,San Sebastián de los Reyes,14,Azahara Giménez,Sí,2024-07-25,
773,Bar Peñas,Bar,1,Madrid Centro,8,Perla Arenas,Sí,2018-02-05,
774,Supermercado Mir,Supermercado,4,Madrid Este,11,Tristán Laguna,Sí,2018-05-07,
775,Supermercado Arnaiz,Supermercado,6,Alcobendas,13,Bernarda Gallo,Sí,2025-03-15,
776,Restaurante Armas,Restaurante,2,Madrid Norte,9,Carolina Lopez,Sí,2025-05-22,
777,Tienda Orozco,Tienda,9,Leganés,15,Simón Coello,Sí,2022-10-08,
778,Bar Amador,Bar,5,Madrid Oeste,12,Manola Larrañaga,Sí,2017-01-23,
779,Bar Gálvez,Bar,8,Getafe,15,Simón Coello,Sí,2022-11-16,
780,Tienda Ordóñez,Tienda,1,Madrid Centro,8,Perla Arenas,Sí,2017-04-29,
781,Tienda Suárez,Tienda,10,Móstoles,16,Baltasar Navas,Sí,2023-05-07,
782,Supermercado Ferrándiz,Supermercado,11,Alcorcón,16,Baltasar Navas,Sí,2025-08-11,
783,Bar Rius,Bar,2,Madrid Norte,9,Carolina Lopez,Sí,2019-09-03,
784,Restaurante Sanmartín,Restaurante,7,San Sebastián de los Reyes,14,Azahara Giménez,Sí,2022-01-26,
785,Bar Peiró,Bar,1,Madrid Centro,8,Perla Arenas,Sí,2016-08-15,
786,Restaurante Mateos,Restaurante,12,Fuenlabrada,17,Armando Caparrós,Sí,2022-05-21,
787,Bar Villar,Bar,3,Madrid Sur,10,Marcelino Palacio,Sí,2023-09-17,
788,Tienda Garzón,Tienda,8,Getafe,15,Simón Coello,No,2022-05-11,2023-08-23
789,Bar Quevedo,Bar,7,San Sebastián de los Reyes,14,Azahara Giménez,Sí,2020-07-23,
790,Restaurante Sanmiguel,Restaurante,2,Madrid Norte,9,Carolina Lopez,Sí,2025-04-19,
791,Restaurante Valdés,Restaurante,3,Madrid Sur,10,Marcelino Palacio,Sí,2020-02-22,
792,Bar Ojeda,Bar,1,Madrid Centro,8,Perla Arenas,Sí,2017-01-12,
793,Supermercado Santamaria,Supermercado,3,Madrid Sur,10,Marcelino Palacio,Sí,2021-08-28,
794,Bar González,Bar,7,San Sebastián de los Reyes,14,Azahara Giménez,Sí,2021-02-08,
795,Bar Leon,Bar,12,Fuenlabrada,17,Armando Caparrós,Sí,2018-10-08,
796,Gasolinera Carbó,Gasolinera,5,Madrid Oeste,12,Manola Larrañaga,Sí,2020-10-25,
797,Bar Fonseca,Bar,7,San Sebastián de los Reyes,14,Azahara Giménez,No,2017-06-04,2019-11-02
798,Tienda Río,Tienda,12,Fuenlabrada,17,Armando Caparrós,Sí,2022-07-21,
799,Bar Palau,Bar,1,Madrid Centro,8,Perla Arenas,Sí,2023-03-13,
800,Bar Valencia,Bar,1,Madrid Centro,8,Perla Arenas,Sí,2020-06-20,
801,Restaurante Viana,Restaurante,1,Madrid Centro,8,Perla Arenas,Sí,2020-06-07,
802,Tienda Rodríguez,Tienda,2,Madrid Norte,9,Carolina Lopez,Sí,2022-08-08,
803,Supermercado Rivera,Supermercado,8,Getafe,15,Simón Coello,Sí,2019-08-25,
804,Bar Alegre,Bar,2,Madrid Norte,9,Carolina Lopez,No,2019-08-11,2021-12-30
805,Gasolinera Espejo,Gasolinera,2,Madrid Norte,9,Carolina Lopez,Sí,2020-05-29,
806,Bar Mercader,Bar,6,Alcobendas,13,Bernarda Gallo,Sí,2025-10-28,
807,Gasolinera Lobo,Gasolinera,1,Madrid Centro,8,Perla Arenas,Sí,2022-09-07,
808,Bar Artigas,Bar,4,Madrid Este,11,Tristán Laguna,Sí,2020-05-12,
809,Bar Carrasco,Bar,2,Madrid Norte,9,Carolina Lopez,Sí,2022-01-10,
810,Tienda Martorell,Tienda,1,Madrid Centro,8,Perla Arenas,Sí,2023-11-08,
811,Supermercado Izaguirre,Supermercado,8,Getafe,15,Simón Coello,Sí,2017-01-08,
812,Bar Acero,Bar,4,Madrid Este,11,Tristán Laguna,Sí,2019-06-24,
813,Tienda Martín,Tienda,4,Madrid Este,11,Tristán Laguna,Sí,2024-05-01,
814,Bar Rosales,Bar,6,Alcobendas,13,Bernarda Gallo,Sí,2025-01-25,
815,Supermercado Sala,Supermercado,5,Madrid Oeste,12,Manola Larrañaga,Sí,2017-12-16,
816,Restaurante Romero,Restaurante,5,Madrid Oeste,12,Manola Larrañaga,Sí,2021-10-29,
817,Restaurante Hernández,Restaurante,11,Alcorcón,16,Baltasar Navas,Sí,2023-07-09,
818,Bar Sala,Bar,1,Madrid Centro,8,Perla Arenas,Sí,2016-09-27,
819,Restaurante Navarro,Restaurante,12,Fuenlabrada,17,Armando Caparrós,Sí,2016-06-22,
820,Bar Palma,Bar,4,Madrid Este,11,Tristán Laguna,Sí,2017-11-08,
821,Bar Moliner,Bar,3,Madrid Sur,10,Marcelino Palacio,Sí,2020-10-24,
822,Bar Calzada,Bar,6,Alcobendas,13,Bernarda Gallo,Sí,2025-03-19,
823,Tienda Bravo,Tienda,4,Madrid Este,11,Tristán Laguna,Sí,2021-11-19,
824,Restaurante Serra,Restaurante,8,Getafe,15,Simón Coello,Sí,2020-07-15,
825,Bar Artigas,Bar,10,Móstoles,16,Baltasar Navas,Sí,2024-03-11,
826,Bar Moles,Bar,10,Móstoles,16,Baltasar Navas,No,2017-07-08,2022-04-06
827,Bar Carvajal,Bar,3,Madrid Sur,10,Marcelino Palacio,Sí,2017-11-12,
828,Restaurante Rosado,Restaurante,5,Madrid Oeste,12,Manola Larrañaga,Sí,2024-10-04,
829,Restaurante Bermejo,Restaurante,12,Fuenlabrada,17,Armando Caparrós,Sí,2021-06-04,
830,Supermercado Ariño,Supermercado,7,San Sebastián de los Reyes,14,Azahara Giménez,Sí,2021-11-14,
831,Bar Carvajal,Bar,2,Madrid Norte,9,Carolina Lopez,Sí,2023-08-21,
832,Bar Gimeno,Bar,8,Getafe,15,Simón Coello,Sí,2025-02-23,
833,Gasolinera Royo,Gasolinera,4,Madrid Este,11,Tristán Laguna,Sí,2017-02-20,
834,Bar Rey,Bar,7,San Sebastián de los Reyes,14,Azahara Giménez,Sí,2025-09-13,
835,Gasolinera Ribera,Gasolinera,7,San Sebastián de los Reyes,14,Azahara Giménez,Sí,2025-02-19,
836,Bar Torrecilla,Bar,3,Madrid Sur,10,Marcelino Palacio,Sí,2022-07-18,
837,Supermercado Duran,Supermercado,1,Madrid Centro,8,Perla Arenas,Sí,2019-01-31,
838,Bar Ayuso,Bar,7,San Sebastián de los Reyes,14,Azahara Giménez,Sí,2019-05-20,
839,Tienda Jaume,Tienda,2,Madrid Norte,9,Carolina Lopez,Sí,2020-01-26,
840,Bar Vera,Bar,5,Madrid Oeste,12,Manola Larrañaga,Sí,2023-12-23,
841,Bar Anglada,Bar,2,Madrid Norte,9,Carolina Lopez,Sí,2022-12-23,
842,Tienda Vergara,Tienda,1,Madrid Centro,8,Perla Arenas,Sí,2016-07-15,
843,Restaurante Roselló,Restaurante,5,Madrid Oeste,12,Manola Larrañaga,Sí,2022-09-25,
844,Gasolinera Lucas,Gasolinera,3,Madrid Sur,10,Marcelino Palacio,Sí,2018-10-13,
845,Bar Canales,Bar,5,Madrid Oeste,12,Manola Larrañaga,Sí,2019-01-23,
846,Bar Pons,Bar,2,Madrid Norte,9,Carolina Lopez,Sí,2018-10-05,
847,Bar Dalmau,Bar,4,Madrid Este,11,Tristán Laguna,Sí,2018-04-03,
848,Gasolinera Vives,Gasolinera,4,Madrid Este,11,Tristán Laguna,Sí,2022-11-11,
849,Gasolinera Ugarte,Gasolinera,7,San Sebastián de los Reyes,14,Azahara Giménez,No,2021-11-05,2022-12-09
850,Restaurante Estrada,Restaurante,5,Madrid Oeste,12,Manola Larrañaga,Sí,2025-08-14,
851,Bar Ayllón,Bar,3,Madrid Sur,10,Marcelino Palacio,Sí,2017-08-25,
852,Bar Taboada,Bar,2,Madrid Norte,9,Carolina Lopez,Sí,2023-07-14,
853,Bar Jordá,Bar,7,San Sebastián de los Reyes,14,Azahara Giménez,Sí,2018-02-17,
854,Bar Pavón,Bar,1,Madrid Centro,8,Perla Arenas,Sí,2024-11-21,
855,Tienda Albero,Tienda,5,Madrid Oeste,12,Manola Larrañaga,Sí,2019-11-15,
856,Bar Comas,Bar,2,Madrid Norte,9,Carolina Lopez,Sí,2019-01-06,
857,Bar Atienza,Bar,8,Getafe,15,Simón Coello,Sí,2025-06-07,
858,Restaurante Cabanillas,Restaurante,7,San Sebastián de los Reyes,14,Azahara Giménez,Sí,2022-09-28,
859,Restaurante Artigas,Restaurante,9,Leganés,15,Simón Coello,No,2024-07-10,2024-07-27
860,Bar Maza,Bar,1,Madrid Centro,8,Perla Arenas,Sí,2018-12-09,
861,Supermercado Puga,Supermercado,12,Fuenlabrada,17,Armando Caparrós,No,2020-08-07,2020-11-23
862,Restaurante Toro,Restaurante,3,Madrid Sur,10,Marcelino Palacio,Sí,2022-01-29,
863,Bar Arnal,Bar,4,Madrid Este,11,Tristán Laguna,Sí,2023-09-15,
864,Supermercado Ojeda,Supermercado,1,Madrid Centro,8,Perla Arenas,Sí,2023-03-23,
865,Tienda Ferrero,Tienda,8,Getafe,15,Simón Coello,Sí,2024-05-13,
866,Restaurante Perales,Restaurante,8,Getafe,15,Simón Coello,Sí,2025-05-25,
867,Tienda Anglada,Tienda,7,San Sebastián de los Reyes,14,Azahara Giménez,Sí,2016-12-09,
868,Supermercado Mata,Supermercado,5,Madrid Oeste,12,Manola Larrañaga,Sí,2025-11-04,
869,Gasolinera Contreras,Gasolinera,1,Madrid Centro,8,Perla Arenas,Sí,2020-03-15,
870,Bar Vila,Bar,6,Alcobendas,13,Bernarda Gallo,Sí,2021-05-29,
871,Restaurante Blanes,Restaurante,8,Getafe,15,Simón Coello,No,2017-01-06,2020-12-06
872,Bar Codina,Bar,10,Móstoles,16,Baltasar Navas,Sí,2020-01-31,
873,Bar Montoya,Bar,1,Madrid Centro,8,Perla Arenas,Sí,2020-12-24,
874,Gasolinera Borja,Gasolinera,6,Alcobendas,13,Bernarda Gallo,Sí,2025-01-02,
875,Bar Priego,Bar,3,Madrid Sur,10,Marcelino Palacio,Sí,2023-08-19,
876,Bar Bermejo,Bar,4,Madrid Este,11,Tristán Laguna,Sí,2019-05-15,
877,Tienda Muñoz,Tienda,3,Madrid Sur,10,Marcelino Palacio,Sí,2021-09-29,
878,Bar Borja,Bar,1,Madrid Centro,8,Perla Arenas,Sí,2021-05-28,
879,Gasolinera Monreal,Gasolinera,10,Móstoles,16,Baltasar Navas,Sí,2024-02-07,
880,Tienda Amor,Tienda,3,Madrid Sur,10,Marcelino Palacio,Sí,2021-09-19,
881,Supermercado Suarez,Supermercado,8,Getafe,15,Simón Coello,Sí,2019-07-31,
882,Tienda Tovar,Tienda,7,San Sebastián de los Reyes,14,Azahara Giménez,Sí,2019-06-30,
883,Bar Salmerón,Bar,10,Móstoles,16,Baltasar Navas,Sí,2020-04-04,
884,Restaurante Granados,Restaurante,10,Móstoles,16,Baltasar Navas,Sí,2019-09-19,
885,Supermercado Adán,Supermercado,1,Madrid Centro,8,Perla Arenas,Sí,2016-08-24,
886,Bar Salom,Bar,2,Madrid Norte,9,Carolina Lopez,Sí,2018-01-21,
887,Tienda Andreu,Tienda,1,Madrid Centro,8,Perla Arenas,Sí,2019-04-24,
888,Tienda Fuertes,Tienda,10,Móstoles,16,Baltasar Navas,Sí,2023-12-01,
889,Bar Rico,Bar,5,Madrid Oeste,12,Manola Larrañaga,Sí,2022-07-21,
890,Tienda Andrés,Tienda,2,Madrid Norte,9,Carolina Lopez,Sí,2023-09-11,
891,Bar Guzmán,Bar,3,Madrid Sur,10,Marcelino Palacio,Sí,2021-09-01,
892,Tienda Diaz,Tienda,5,Madrid Oeste,12,Manola Larrañaga,Sí,2021-06-25,
893,Supermercado Blasco,Supermercado,1,Madrid Centro,8,Perla Arenas,Sí,2024-03-30,
894,Tienda Aliaga,Tienda,1,Madrid Centro,8,Perla Arenas,No,2024-02-13,2024-09-19
895,Bar Guillen,Bar,5,Madrid Oeste,12,Manola Larrañaga,Sí,2017-08-03,
896,Tienda Corral,Tienda,3,Madrid Sur,10,Marcelino Palacio,Sí,2020-04-16,
897,Bar Jaume,Bar,4,Madrid Este,11,Tristán Laguna,Sí,2024-05-03,
898,Restaurante Dominguez,Restaurante,1,Madrid Centro,8,Perla Arenas,Sí,2022-01-25,
899,Bar Miró,Bar,12,Fuenlabrada,17,Armando Caparrós,Sí,2024-10-26,
900,Tienda Suárez,Tienda,9,Leganés,15,Simón Coello,Sí,2024-12-01,
901,Bar Cañas,Bar,1,Madrid Centro,8,Perla Arenas,Sí,2017-07-25,
902,Bar Alcolea,Bar,3,Madrid Sur,10,Marcelino Palacio,Sí,2017-04-12,
903,Restaurante Sancho,Restaurante,3,Madrid Sur,10,Marcelino Palacio,Sí,2025-09-08,
904,Supermercado Quesada,Supermercado,3,Madrid Sur,10,Marcelino Palacio,Sí,2020-06-23,
905,Gasolinera Ruiz,Gasolinera,2,Madrid Norte,9,Carolina Lopez,Sí,2025-10-13,
906,Bar Barroso,Bar,10,Móstoles,16,Baltasar Navas,Sí,2021-11-08,
907,Tienda Vicente,Tienda,2,Madrid Norte,9,Carolina Lopez,Sí,2021-06-07,
908,Gasolinera Zamora,Gasolinera,2,Madrid Norte,9,Carolina Lopez,Sí,2025-11-09,
909,Restaurante Fonseca,Restaurante,3,Madrid Sur,10,Marcelino Palacio,Sí,2018-08-25,
910,Supermercado Porta,Supermercado,1,Madrid Centro,8,Perla Arenas,Sí,2023-03-08,
911,Bar Paz,Bar,8,Getafe,15,Simón Coello,Sí,2022-03-04,
912,Bar Castilla,Bar,6,Alcobendas,13,Bernarda Gallo,Sí,2022-01-16,
913,Bar Jaume,Bar,12,Fuenlabrada,17,Armando Caparrós,Sí,2019-05-27,
914,Tienda Pineda,Tienda,8,Getafe,15,Simón Coello,Sí,2020-09-07,
915,Supermercado Abella,Supermercado,11,Alcorcón,16,Baltasar Navas,Sí,2016-08-07,
916,Bar Anguita,Bar,7,San Sebastián de los Reyes,14,Azahara Giménez,No,2023-04-03,2025-06-15
917,Bar Miguel,Bar,5,Madrid Oeste,12,Manola Larrañaga,No,2018-09-29,2021-05-17
918,Bar Zabala,Bar,6,Alcobendas,13,Bernarda Gallo,Sí,2023-05-22,
919,Bar Bernat,Bar,3,Madrid Sur,10,Marcelino Palacio,No,2024-01-20,2024-11-27
920,Tienda Prada,Tienda,5,Madrid Oeste,12,Manola Larrañaga,Sí,2018-08-27,
921,Bar Pazos,Bar,5,Madrid Oeste,12,Manola Larrañaga,Sí,2016-10-28,
922,Tienda Rincón,Tienda,2,Madrid Norte,9,Carolina Lopez,Sí,2017-11-24,
923,Bar Almazán,Bar,8,Getafe,15,Simón Coello,Sí,2020-12-22,
924,Bar Baró,Bar,5,Madrid Oeste,12,Manola Larrañaga,Sí,2024-10-05,
925,Restaurante Mena,Restaurante,8,Getafe,15,Simón Coello,Sí,2021-10-23,
926,Tienda Cámara,Tienda,2,Madrid Norte,9,Carolina Lopez,Sí,2019-09-24,
927,Tienda Alsina,Tienda,3,Madrid Sur,10,Marcelino Palacio,Sí,2017-08-16,
928,Bar Arco,Bar,6,Alcobendas,13,Bernarda Gallo,Sí,2021-11-16,
929,Supermercado Montesinos,Supermercado,12,Fuenlabrada,17,Armando Caparrós,Sí,2020-02-10,
930,Bar Pombo,Bar,5,Madrid Oeste,12,Manola Larrañaga,Sí,2025-11-06,
931,Bar Alfaro,Bar,7,San Sebastián de los Reyes,14,Azahara Giménez,Sí,2017-11-04,
932,Restaurante Tur,Restaurante,1,Madrid Centro,8,Perla Arenas,Sí,2021-08-30,
933,Restaurante Niño,Restaurante,8,Getafe,15,Simón Coello,Sí,2020-12-10,
934,Bar Cáceres,Bar,6,Alcobendas,13,Bernarda Gallo,Sí,2024-04-04,
935,Bar Salvador,Bar,8,Getafe,15,Simón Coello,Sí,2023-04-24,
936,Tienda Cuéllar,Tienda,3,Madrid Sur,10,Marcelino Palacio,No,2025-02-21,2025-08-06
937,Tienda Luz,Tienda,8,Getafe,15,Simón Coello,Sí,2020-12-08,
938,Restaurante Espejo,Restaurante,1,Madrid Centro,8,Perla Arenas,Sí,2022-01-25,
939,Restaurante Cabanillas,Restaurante,7,San Sebastián de los Reyes,14,Azahara Giménez,Sí,2018-11-18,
940,Bar Gimenez,Bar,1,Madrid Centro,8,Perla Arenas,Sí,2017-01-20,
941,Bar Olmo,Bar,2,Madrid Norte,9,Carolina Lopez,Sí,2021-10-10,
942,Bar Herranz,Bar,4,Madrid Este,11,Tristán Laguna,Sí,2019-12-18,
943,Tienda Acero,Tienda,4,Madrid Este,11,Tristán Laguna,Sí,2024-04-11,
944,Bar Salinas,Bar,1,Madrid Centro,8,Perla Arenas,Sí,2025-11-13,
945,Tienda Arenas,Tienda,1,Madrid Centro,8,Perla Arenas,No,2018-07-22,2023-07-18
946,Restaurante Garcés,Restaurante,8,Getafe,15,Simón Coello,Sí,2017-11-20,
947,Bar Noguera,Bar,9,Leganés,15,Simón Coello,Sí,2023-12-09,
948,Restaurante Villena,Restaurante,8,Getafe,15,Simón Coello,No,2022-04-10,2022-11-14
949,Restaurante Corbacho,Restaurante,12,Fuenlabrada,17,Armando Caparrós,Sí,2017-06-17,
950,Bar Pacheco,Bar,6,Alcobendas,13,Bernarda Gallo,No,2018-07-04,2023-10-07
951,Tienda Parra,Tienda,6,Alcobendas,13,Bernarda Gallo,Sí,2025-11-09,
952,Tienda Quesada,Tienda,4,Madrid Este,11,Tristán Laguna,No,2021-01-08,2022-06-13
953,Gasolinera Arroyo,Gasolinera,7,San Sebastián de los Reyes,14,Azahara Giménez,Sí,2018-05-22,
954,Bar Manuel,Bar,1,Madrid Centro,8,Perla Arenas,Sí,2018-06-08,
955,Bar Borrego,Bar,8,Getafe,15,Simón Coello,Sí,2025-03-11,
956,Bar Haro,Bar,3,Madrid Sur,10,Marcelino Palacio,Sí,2025-04-09,
957,Bar Olivares,Bar,3,Madrid Sur,10,Marcelino Palacio,Sí,2016-12-17,
958,Bar Cases,Bar,3,Madrid Sur,10,Marcelino Palacio,Sí,2025-02-05,
959,Bar Aranda,Bar,4,Madrid Este,11,Tristán Laguna,Sí,2022-12-17,
960,Supermercado Baena,Supermercado,7,San Sebastián de los Reyes,14,Azahara Giménez,Sí,2017-07-04,
961,Supermercado Bermúdez,Supermercado,12,Fuenlabrada,17,Armando Caparrós,Sí,2017-02-20,
962,Bar Polo,Bar,10,Móstoles,16,Baltasar Navas,Sí,2016-07-10,
963,Tienda Alsina,Tienda,3,Madrid Sur,10,Marcelino Palacio,Sí,2018-06-07,
964,Bar Mateo,Bar,4,Madrid Este,11,Tristán Laguna,Sí,2024-10-07,
965,Tienda Alfaro,Tienda,8,Getafe,15,Simón Coello,Sí,2020-12-03,
966,Restaurante Sarabia,Restaurante,6,Alcobendas,13,Bernarda Gallo,Sí,2024-05-26,
967,Tienda Corbacho,Tienda,7,San Sebastián de los Reyes,14,Azahara Giménez,Sí,2018-10-16,
968,Bar Guillen,Bar,2,Madrid Norte,9,Carolina Lopez,No,2024-01-26,2025-09-28
969,Bar Duque,Bar,5,Madrid Oeste,12,Manola Larrañaga,Sí,2023-10-05,
970,Restaurante Parejo,Restaurante,11,Alcorcón,16,Baltasar Navas,Sí,2016-08-02,
971,Tienda Cánovas,Tienda,3,Madrid Sur,10,Marcelino Palacio,Sí,2025-08-17,
972,Bar Iborra,Bar,4,Madrid Este,11,Tristán Laguna,Sí,2022-05-06,
973,Bar Mosquera,Bar,8,Getafe,15,Simón Coello,Sí,2020-11-15,
974,Bar Carbajo,Bar,9,Leganés,15,Simón Coello,Sí,2021-06-09,
975,Bar Casado,Bar,9,Leganés,15,Simón Coello,Sí,2017-01-08,
976,Supermercado Sevillano,Supermercado,1,Madrid Centro,8,Perla Arenas,No,2024-04-26,2024-07-31
977,Bar Dominguez,Bar,12,Fuenlabrada,17,Armando Caparrós,Sí,2019-11-28,
978,Bar Vilanova,Bar,2,Madrid Norte,9,Carolina Lopez,Sí,2018-05-05,
979,Bar Tejedor,Bar,5,Madrid Oeste,12,Manola Larrañaga,Sí,2017-12-25,
980,Supermercado Mínguez,Supermercado,1,Madrid Centro,8,Perla Arenas,Sí,2020-10-21,
981,Bar Ponce,Bar,2,Madrid Norte,9,Carolina Lopez,Sí,2017-12-07,
982,Bar Dueñas,Bar,1,Madrid Centro,8,Perla Arenas,Sí,2021-10-06,
983,Bar Guitart,Bar,7,San Sebastián de los Reyes,14,Azahara Giménez,Sí,2018-10-03,
984,Bar Merino,Bar,9,Leganés,15,Simón Coello,Sí,2019-10-16,
985,Gasolinera Teruel,Gasolinera,3,Madrid Sur,10,Marcelino Palacio,Sí,2017-06-04,
986,Bar Ballester,Bar,4,Madrid Este,11,Tristán Laguna,Sí,2025-10-16,
987,Tienda Sarmiento,Tienda,3,Madrid Sur,10,Marcelino Palacio,Sí,2021-05-09,
988,Supermercado Casares,Supermercado,4,Madrid Este,11,Tristán Laguna,Sí,2021-12-06,
989,Gasolinera Asensio,Gasolinera,1,Madrid Centro,8,Perla Arenas,Sí,2024-04-10,
990,Restaurante Girón,Restaurante,7,San Sebastián de los Reyes,14,Azahara Giménez,No,2025-11-06,2025-12-04
991,Restaurante Daza,Restaurante,8,Getafe,15,Simón Coello,Sí,2021-06-16,
992,Restaurante Orozco,Restaurante,4,Madrid Este,11,Tristán Laguna,Sí,2021-11-07,
993,Tienda Carlos,Tienda,6,Alcobendas,13,Bernarda Gallo,Sí,2020-12-19,
994,Bar Ferrer,Bar,9,Leganés,15,Simón Coello,Sí,2017-12-26,
995,Bar Marquez,Bar,8,Getafe,15,Simón Coello,Sí,2017-09-24,
996,Gasolinera Salgado,Gasolinera,2,Madrid Norte,9,Carolina Lopez,Sí,2021-04-28,
997,Bar Villalobos,Bar,6,Alcobendas,13,Bernarda Gallo,Sí,2018-02-10,
998,Bar Bustos,Bar,8,Getafe,15,Simón Coello,Sí,2021-01-08,
999,Bar Gonzalez,Bar,3,Madrid Sur,10,Marcelino Palacio,Sí,2023-02-07,
1000,Bar Salgado,Bar,2,Madrid Norte,9,Carolina Lopez,Sí,2020-09-13,
1001,Restaurante Escobar,Restaurante,3,Madrid Sur,10,Marcelino Palacio,Sí,2021-01-23,
1002,Bar Zamora,Bar,2,Madrid Norte,9,Carolina Lopez,Sí,2025-05-08,
1003,Bar Mateo,Bar,3,Madrid Sur,10,Marcelino Palacio,Sí,2023-03-04,
1004,Bar Ríos,Bar,2,Madrid Norte,9,Carolina Lopez,Sí,2023-11-23,
1005,Bar Grau,Bar,5,Madrid Oeste,12,Manola Larrañaga,Sí,2020-07-20,
1006,Bar Cueto,Bar,12,Fuenlabrada,17,Armando Caparrós,Sí,2019-05-30,
1007,Bar Pinedo,Bar,5,Madrid Oeste,12,Manola Larrañaga,Sí,2024-09-21,
1008,Gasolinera Anaya,Gasolinera,2,Madrid Norte,9,Carolina Lopez,No,2017-09-29,2018-01-15
1009,Bar Cantón,Bar,4,Madrid Este,11,Tristán Laguna,Sí,2020-10-12,
1010,Supermercado Crespo,Supermercado,8,Getafe,15,Simón Coello,Sí,2020-08-25,
1011,Tienda Camps,Tienda,11,Alcorcón,16,Baltasar Navas,Sí,2019-04-11,
1012,Restaurante Portillo,Restaurante,4,Madrid Este,11,Tristán Laguna,Sí,2016-09-06,
1013,Bar Torrecilla,Bar,10,Móstoles,16,Baltasar Navas,Sí,2019-06-25,
1014,Gasolinera Francisco,Gasolinera,4,Madrid Este,11,Tristán Laguna,No,2023-08-13,2025-12-25
1015,Bar Bonet,Bar,3,Madrid Sur,10,Marcelino Palacio,Sí,2021-05-13,
1016,Tienda Manuel,Tienda,1,Madrid Centro,8,Perla Arenas,Sí,2024-07-29,
1017,Restaurante Pinto,Restaurante,10,Móstoles,16,Baltasar Navas,Sí,2021-08-21,
1018,Bar Zabala,Bar,4,Madrid Este,11,Tristán Laguna,Sí,2018-10-21,
1019,Bar Goñi,Bar,1,Madrid Centro,8,Perla Arenas,Sí,2019-01-03,
1020,Bar Camacho,Bar,3,Madrid Sur,10,Marcelino Palacio,Sí,2024-09-05,
1021,Supermercado Villaverde,Supermercado,3,Madrid Sur,10,Marcelino Palacio,Sí,2017-06-12,
1022,Tienda Solana,Tienda,12,Fuenlabrada,17,Armando Caparrós,Sí,2019-05-28,
1023,Tienda Barrena,Tienda,1,Madrid Centro,8,Perla Arenas,Sí,2017-08-04,
1024,Bar Alegre,Bar,5,Madrid Oeste,12,Manola Larrañaga,Sí,2020-11-26,
1025,Tienda Castell,Tienda,1,Madrid Centro,8,Perla Arenas,Sí,2023-03-18,
1026,Bar Manzanares,Bar,5,Madrid Oeste,12,Manola Larrañaga,Sí,2016-12-25,
1027,Bar Pou,Bar,1,Madrid Centro,8,Perla Arenas,Sí,2018-05-05,
1028,Restaurante Casanovas,Restaurante,3,Madrid Sur,10,Marcelino Palacio,Sí,2016-12-29,
1029,Tienda Mendoza,Tienda,1,Madrid Centro,8,Perla Arenas,Sí,2025-09-14,
1030,Tienda Reyes,Tienda,11,Alcorcón,16,Baltasar Navas,Sí,2019-05-06,
1031,Tienda Quevedo,Tienda,1,Madrid Centro,8,Perla Arenas,No,2025-11-30,2025-12-05
1032,Bar Peiró,Bar,1,Madrid Centro,8,Perla Arenas,Sí,2021-09-22,
1033,Tienda Pedrosa,Tienda,8,Getafe,15,Simón Coello,Sí,2019-06-22,
1034,Bar Revilla,Bar,6,Alcobendas,13,Bernarda Gallo,No,2018-10-18,2020-05-17
1035,Bar Ruiz,Bar,8,Getafe,15,Simón Coello,No,2023-08-06,2024-11-07
1036,Tienda Gallart,Tienda,10,Móstoles,16,Baltasar Navas,Sí,2022-04-03,
1037,Bar Almagro,Bar,3,Madrid Sur,10,Marcelino Palacio,Sí,2021-09-28,
1038,Tienda Albero,Tienda,9,Leganés,15,Simón Coello,Sí,2025-11-12,
1039,Bar Castell,Bar,4,Madrid Este,11,Tristán Laguna,Sí,2017-02-24,
1040,Bar Espejo,Bar,6,Alcobendas,13,Bernarda Gallo,Sí,2017-10-01,
1041,Tienda Luque,Tienda,10,Móstoles,16,Baltasar Navas,Sí,2023-09-12,
1042,Restaurante Villalba,Restaurante,6,Alcobendas,13,Bernarda Gallo,Sí,2024-05-26,
1043,Supermercado Ros,Supermercado,9,Leganés,15,Simón Coello,Sí,2021-12-04,
1044,Bar Puig,Bar,6,Alcobendas,13,Bernarda Gallo,Sí,2020-09-10,
1045,Tienda Rodríguez,Tienda,1,Madrid Centro,8,Perla Arenas,No,2021-04-16,2022-11-25
1046,Bar Cabeza,Bar,11,Alcorcón,16,Baltasar Navas,No,2022-07-27,2024-07-08
1047,Gasolinera Ródenas,Gasolinera,4,Madrid Este,11,Tristán Laguna,No,2018-03-17,2023-09-26
1048,Restaurante Muñoz,Restaurante,2,Madrid Norte,9,Carolina Lopez,Sí,2022-06-04,
1049,Restaurante Esteve,Restaurante,4,Madrid Este,11,Tristán Laguna,Sí,2024-06-09,
1050,Bar Perea,Bar,5,Madrid Oeste,12,Manola Larrañaga,Sí,2025-03-13,
1051,Gasolinera Olivera,Gasolinera,5,Madrid Oeste,12,Manola Larrañaga,Sí,2025-06-08,
1052,Restaurante Espejo,Restaurante,6,Alcobendas,13,Bernarda Gallo,Sí,2021-03-08,
1053,Gasolinera Escrivá,Gasolinera,1,Madrid Centro,8,Perla Arenas,Sí,2024-04-07,
1054,Gasolinera Reig,Gasolinera,1,Madrid Centro,8,Perla Arenas,Sí,2018-07-10,
1055,Restaurante Coca,Restaurante,6,Alcobendas,13,Bernarda Gallo,Sí,2021-03-06,
1056,Bar Cañizares,Bar,2,Madrid Norte,9,Carolina Lopez,No,2023-02-17,2024-10-30
1057,Bar Cantón,Bar,1,Madrid Centro,8,Perla Arenas,Sí,2017-10-29,
1058,Bar Saura,Bar,2,Madrid Norte,9,Carolina Lopez,Sí,2017-07-31,
1059,Tienda Tomás,Tienda,10,Móstoles,16,Baltasar Navas,Sí,2021-04-01,
1060,Tienda Becerra,Tienda,1,Madrid Centro,8,Perla Arenas,Sí,2019-10-04,
1061,Bar Donoso,Bar,9,Leganés,15,Simón Coello,Sí,2022-05-02,
1062,Bar Vicente,Bar,6,Alcobendas,13,Bernarda Gallo,Sí,2023-04-10,
1063,Restaurante Frías,Restaurante,8,Getafe,15,Simón Coello,Sí,2016-11-30,
1064,Tienda Sanmartín,Tienda,5,Madrid Oeste,12,Manola Larrañaga,No,2019-03-23,2024-07-07
1065,Bar Garay,Bar,7,San Sebastián de los Reyes,14,Azahara Giménez,Sí,2021-07-11,
1066,Bar Peña,Bar,5,Madrid Oeste,12,Manola Larrañaga,Sí,2017-02-12,
1067,Bar Fuentes,Bar,11,Alcorcón,16,Baltasar Navas,Sí,2019-04-12,
1068,Tienda Bernat,Tienda,3,Madrid Sur,10,Marcelino Palacio,Sí,2021-01-29,
1069,Bar Bueno,Bar,5,Madrid Oeste,12,Manola Larrañaga,Sí,2021-12-23,
1070,Tienda Miró,Tienda,8,Getafe,15,Simón Coello,Sí,2017-08-02,
1071,Restaurante Segarra,Restaurante,1,Madrid Centro,8,Perla Arenas,Sí,2017-04-18,
1072,Restaurante Cabrera,Restaurante,10,Móstoles,16,Baltasar Navas,Sí,2019-06-21,
1073,Supermercado Vilalta,Supermercado,8,Getafe,15,Simón Coello,Sí,2024-12-07,
1074,Bar Prats,Bar,3,Madrid Sur,10,Marcelino Palacio,Sí,2025-11-05,
1075,Gasolinera Torrent,Gasolinera,11,Alcorcón,16,Baltasar Navas,Sí,2016-07-16,
1076,Supermercado Morales,Supermercado,1,Madrid Centro,8,Perla Arenas,No,2021-11-14,2022-04-05
1077,Bar Jáuregui,Bar,6,Alcobendas,13,Bernarda Gallo,Sí,2024-05-07,
1078,Bar Oller,Bar,11,Alcorcón,16,Baltasar Navas,No,2019-02-23,2020-04-21
1079,Bar Fabra,Bar,6,Alcobendas,13,Bernarda Gallo,No,2020-04-23,2025-05-28
1080,Tienda Anglada,Tienda,9,Leganés,15,Simón Coello,Sí,2018-03-08,
1081,Bar Baeza,Bar,2,Madrid Norte,9,Carolina Lopez,Sí,2017-10-03,
1082,Tienda Lobato,Tienda,6,Alcobendas,13,Bernarda Gallo,Sí,2022-05-04,
1083,Bar Jove,Bar,2,Madrid Norte,9,Carolina Lopez,Sí,2017-08-10,
1084,Restaurante Tomé,Restaurante,6,Alcobendas,13,Bernarda Gallo,Sí,2019-03-20,
1085,Tienda Falcó,Tienda,1,Madrid Centro,8,Perla Arenas,Sí,2016-10-20,
1086,Supermercado Cerezo,Supermercado,6,Alcobendas,13,Bernarda Gallo,Sí,2025-07-16,
1087,Bar Porras,Bar,4,Madrid Este,11,Tristán Laguna,Sí,2024-05-05,
1088,Bar Giralt,Bar,2,Madrid Norte,9,Carolina Lopez,Sí,2016-12-10,
1089,Bar Vara,Bar,1,Madrid Centro,8,Perla Arenas,Sí,2024-10-12,
1090,Bar Báez,Bar,5,Madrid Oeste,12,Manola Larrañaga,Sí,2020-03-28,
1091,Restaurante Díez,Restaurante,12,Fuenlabrada,17,Armando Caparrós,Sí,2018-09-11,
1092,Bar Mate,Bar,4,Madrid Este,11,Tristán Laguna,Sí,2023-10-09,
1093,Tienda Vendrell,Tienda,5,Madrid Oeste,12,Manola Larrañaga,Sí,2025-01-25,
1094,Tienda Tamayo,Tienda,2,Madrid Norte,9,Carolina Lopez,Sí,2018-08-15,
1095,Restaurante Prada,Restaurante,8,Getafe,15,Simón Coello,Sí,2021-05-25,
1096,Bar Clavero,Bar,4,Madrid Este,11,Tristán Laguna,Sí,2024-04-06,
1097,Restaurante Salinas,Restaurante,8,Getafe,15,Simón Coello,Sí,2021-01-17,
1098,Tienda Baeza,Tienda,7,San Sebastián de los Reyes,14,Azahara Giménez,Sí,2016-06-14,
1099,Bar Andreu,Bar,5,Madrid Oeste,12,Manola Larrañaga,Sí,2024-09-12,
1100,Restaurante Carnero,Restaurante,5,Madrid Oeste,12,Manola Larrañaga,Sí,2022-12-13,
1101,Tienda Ugarte,Tienda,2,Madrid Norte,9,Carolina Lopez,Sí,2016-08-07,
1102,Restaurante Casal,Restaurante,1,Madrid Centro,8,Perla Arenas,No,2017-11-18,2021-08-21
1103,Tienda Lopez,Tienda,1,Madrid Centro,8,Perla Arenas,Sí,2023-09-17,
1104,Bar Rios,Bar,1,Madrid Centro,8,Perla Arenas,Sí,2024-03-20,
1105,Bar Baró,Bar,12,Fuenlabrada,17,Armando Caparrós,Sí,2022-04-02,
1106,Bar Hernández,Bar,5,Madrid Oeste,12,Manola Larrañaga,Sí,2025-02-10,
1107,Supermercado Tejada,Supermercado,6,Alcobendas,13,Bernarda Gallo,Sí,2025-05-29,
1108,Tienda García,Tienda,8,Getafe,15,Simón Coello,Sí,2023-04-17,
1109,Bar Morera,Bar,5,Madrid Oeste,12,Manola Larrañaga,Sí,2019-09-09,
1110,Tienda Somoza,Tienda,11,Alcorcón,16,Baltasar Navas,Sí,2025-08-27,
1111,Bar Pérez,Bar,1,Madrid Centro,8,Perla Arenas,Sí,2021-04-18,
1112,Tienda Laguna,Tienda,9,Leganés,15,Simón Coello,Sí,2020-02-05,
1113,Bar Ortiz,Bar,12,Fuenlabrada,17,Armando Caparrós,Sí,2023-05-01,
1114,Tienda Barrena,Tienda,1,Madrid Centro,8,Perla Arenas,Sí,2019-05-05,
1115,Gasolinera Sobrino,Gasolinera,1,Madrid Centro,8,Perla Arenas,Sí,2016-11-16,
1116,Bar Rivas,Bar,9,Leganés,15,Simón Coello,Sí,2021-08-01,
1117,Bar Franco,Bar,2,Madrid Norte,9,Carolina Lopez,Sí,2019-03-11,
1118,Restaurante Feliu,Restaurante,5,Madrid Oeste,12,Manola Larrañaga,Sí,2019-03-21,
1119,Bar Blanca,Bar,6,Alcobendas,13,Bernarda Gallo,No,2016-07-11,2025-05-06
1120,Tienda Villa,Tienda,5,Madrid Oeste,12,Manola Larrañaga,No,2025-06-18,2025-12-24
1121,Bar Expósito,Bar,1,Madrid Centro,8,Perla Arenas,Sí,2020-10-14,
1122,Tienda Vara,Tienda,1,Madrid Centro,8,Perla Arenas,Sí,2018-07-26,
1123,Bar Belda,Bar,11,Alcorcón,16,Baltasar Navas,Sí,2019-02-17,
1124,Bar Grau,Bar,3,Madrid Sur,10,Marcelino Palacio,Sí,2022-09-27,
1125,Bar Dalmau,Bar,1,Madrid Centro,8,Perla Arenas,Sí,2025-10-30,
1126,Bar Blanch,Bar,2,Madrid Norte,9,Carolina Lopez,Sí,2025-12-21,
1127,Restaurante Bustamante,Restaurante,9,Leganés,15,Simón Coello,Sí,2019-09-24,
1128,Gasolinera Noriega,Gasolinera,11,Alcorcón,16,Baltasar Navas,Sí,2020-02-19,
1129,Gasolinera Falcó,Gasolinera,9,Leganés,15,Simón Coello,Sí,2020-11-24,
1130,Supermercado Macías,Supermercado,10,Móstoles,16,Baltasar Navas,Sí,2021-02-02,
1131,Gasolinera Cervera,Gasolinera,9,Leganés,15,Simón Coello,No,2017-03-22,2021-02-27
1132,Bar Juliá,Bar,1,Madrid Centro,8,Perla Arenas,Sí,2018-04-24,
1133,Bar Novoa,Bar,7,San Sebastián de los Reyes,14,Azahara Giménez,Sí,2023-12-08,
1134,Restaurante Palacio,Restaurante,4,Madrid Este,11,Tristán Laguna,No,2024-09-09,2025-03-07
1135,Gasolinera Sosa,Gasolinera,1,Madrid Centro,8,Perla Arenas,Sí,2021-08-04,
1136,Gasolinera Guillen,Gasolinera,4,Madrid Este,11,Tristán Laguna,Sí,2019-01-31,
1137,Tienda Benítez,Tienda,7,San Sebastián de los Reyes,14,Azahara Giménez,Sí,2020-05-13,
1138,Supermercado Sevillano,Supermercado,9,Leganés,15,Simón Coello,Sí,2017-12-01,
1139,Restaurante Diéguez,Restaurante,6,Alcobendas,13,Bernarda Gallo,Sí,2019-02-09,
1140,Supermercado Font,Supermercado,3,Madrid Sur,10,Marcelino Palacio,Sí,2023-06-26,
1141,Bar Oliveras,Bar,5,Madrid Oeste,12,Manola Larrañaga,Sí,2022-09-12,
1142,Gasolinera Galvez,Gasolinera,8,Getafe,15,Simón Coello,Sí,2023-02-02,
1143,Bar Carrasco,Bar,4,Madrid Este,11,Tristán Laguna,Sí,2018-08-25,
1144,Bar Llorens,Bar,4,Madrid Este,11,Tristán Laguna,Sí,2021-03-16,
1145,Supermercado Barriga,Supermercado,4,Madrid Este,11,Tristán Laguna,Sí,2023-01-21,
1146,Restaurante Santamaría,Restaurante,10,Móstoles,16,Baltasar Navas,Sí,2016-12-19,
1147,Bar Berrocal,Bar,9,Leganés,15,Simón Coello,Sí,2018-02-25,
1148,Bar Ayllón,Bar,6,Alcobendas,13,Bernarda Gallo,No,2021-11-29,2025-07-02
1149,Gasolinera Bermúdez,Gasolinera,11,Alcorcón,16,Baltasar Navas,Sí,2023-11-12,
1150,Supermercado Sierra,Supermercado,9,Leganés,15,Simón Coello,Sí,2021-10-24,
1151,Bar Martin,Bar,1,Madrid Centro,8,Perla Arenas,Sí,2020-01-24,
1152,Bar Escudero,Bar,5,Madrid Oeste,12,Manola Larrañaga,Sí,2018-03-13,
1153,Bar Gomez,Bar,2,Madrid Norte,9,Carolina Lopez,No,2025-06-10,2025-12-09
1154,Restaurante Estrada,Restaurante,3,Madrid Sur,10,Marcelino Palacio,Sí,2023-04-26,
1155,Tienda Nogués,Tienda,4,Madrid Este,11,Tristán Laguna,Sí,2023-12-06,
1156,Gasolinera Manjón,Gasolinera,5,Madrid Oeste,12,Manola Larrañaga,No,2025-04-13,2025-09-01
1157,Tienda Plana,Tienda,4,Madrid Este,11,Tristán Laguna,Sí,2022-06-25,
1158,Tienda Quintanilla,Tienda,5,Madrid Oeste,12,Manola Larrañaga,Sí,2021-03-31,
1159,Supermercado Linares,Supermercado,6,Alcobendas,13,Bernarda Gallo,Sí,2020-12-24,
1160,Tienda Fabra,Tienda,5,Madrid Oeste,12,Manola Larrañaga,Sí,2019-10-02,
1161,Tienda Piñeiro,Tienda,9,Leganés,15,Simón Coello,Sí,2021-05-02,
1162,Bar Prado,Bar,2,Madrid Norte,9,Carolina Lopez,Sí,2018-12-30,
1163,Restaurante Gutierrez,Restaurante,3,Madrid Sur,10,Marcelino Palacio,Sí,2021-01-08,
1164,Supermercado Chacón,Supermercado,3,Madrid Sur,10,Marcelino Palacio,Sí,2019-05-05,
1165,Tienda Leiva,Tienda,4,Madrid Este,11,Tristán Laguna,Sí,2020-06-23,
1166,Tienda Martinez,Tienda,9,Leganés,15,Simón Coello,Sí,2025-06-26,
1167,Bar Nogués,Bar,3,Madrid Sur,10,Marcelino Palacio,Sí,2019-05-27,
1168,Bar Sastre,Bar,3,Madrid Sur,10,Marcelino Palacio,Sí,2023-07-03,
1169,Bar Galvez,Bar,6,Alcobendas,13,Bernarda Gallo,Sí,2020-10-20,
1170,Gasolinera Porcel,Gasolinera,8,Getafe,15,Simón Coello,Sí,2018-09-01,
1171,Restaurante Palomar,Restaurante,3,Madrid Sur,10,Marcelino Palacio,Sí,2018-12-08,
1172,Restaurante Guillen,Restaurante,6,Alcobendas,13,Bernarda Gallo,Sí,2021-10-29,
1173,Supermercado Verdejo,Supermercado,5,Madrid Oeste,12,Manola Larrañaga,Sí,2022-09-02,
1174,Bar Martin,Bar,9,Leganés,15,Simón Coello,Sí,2019-02-16,
1175,Bar Ponce,Bar,5,Madrid Oeste,12,Manola Larrañaga,Sí,2021-04-08,
1176,Bar Cámara,Bar,10,Móstoles,16,Baltasar Navas,Sí,2019-01-11,
1177,Bar Chaves,Bar,2,Madrid Norte,9,Carolina Lopez,Sí,2017-08-12,
1178,Bar Gonzalez,Bar,12,Fuenlabrada,17,Armando Caparrós,Sí,2018-02-04,
1179,Supermercado Yáñez,Supermercado,10,Móstoles,16,Baltasar Navas,Sí,2020-02-11,
1180,Tienda Carrasco,Tienda,10,Móstoles,16,Baltasar Navas,No,2018-09-19,2021-11-12
1181,Bar Heras,Bar,6,Alcobendas,13,Bernarda Gallo,Sí,2017-06-06,
1182,Supermercado Agustí,Supermercado,1,Madrid Centro,8,Perla Arenas,Sí,2025-08-02,
1183,Tienda Cañete,Tienda,3,Madrid Sur,10,Marcelino Palacio,Sí,2025-03-23,
1184,Bar Sans,Bar,2,Madrid Norte,9,Carolina Lopez,Sí,2023-04-02,
1185,Tienda Querol,Tienda,1,Madrid Centro,8,Perla Arenas,Sí,2017-05-12,
1186,Bar Escamilla,Bar,3,Madrid Sur,10,Marcelino Palacio,Sí,2018-05-31,
1187,Bar Poza,Bar,12,Fuenlabrada,17,Armando Caparrós,Sí,2022-07-30,
1188,Tienda Alemán,Tienda,2,Madrid Norte,9,Carolina Lopez,Sí,2020-06-09,
1189,Tienda Burgos,Tienda,10,Móstoles,16,Baltasar Navas,Sí,2021-01-25,
1190,Gasolinera Prado,Gasolinera,2,Madrid Norte,9,Carolina Lopez,Sí,2019-08-17,
1191,Bar Conde,Bar,8,Getafe,15,Simón Coello,Sí,2025-08-27,
1192,Tienda Camacho,Tienda,5,Madrid Oeste,12,Manola Larrañaga,Sí,2019-05-19,
1193,Supermercado Real,Supermercado,1,Madrid Centro,8,Perla Arenas,Sí,2016-11-01,
1194,Tienda Belda,Tienda,9,Leganés,15,Simón Coello,Sí,2022-04-26,
1195,Tienda Barros,Tienda,2,Madrid Norte,9,Carolina Lopez,Sí,2018-12-13,
1196,Restaurante Sevillano,Restaurante,10,Móstoles,16,Baltasar Navas,No,2024-09-23,2025-03-13
1197,Bar Camino,Bar,5,Madrid Oeste,12,Manola Larrañaga,Sí,2020-05-28,
1198,Supermercado Lumbreras,Supermercado,2,Madrid Norte,9,Carolina Lopez,No,2021-11-08,2025-11-28
1199,Restaurante Arnal,Restaurante,1,Madrid Centro,8,Perla Arenas,Sí,2019-12-16,
1200,Tienda Delgado,Tienda,8,Getafe,15,Simón Coello,Sí,2024-06-22,
1201,Bar Barrios,Bar,1,Madrid Centro,8,Perla Arenas,Sí,2022-04-29,
1202,Restaurante Yuste,Restaurante,6,Alcobendas,13,Bernarda Gallo,Sí,2021-05-28,
1203,Bar Chaves,Bar,6,Alcobendas,13,Bernarda Gallo,No,2018-03-07,2020-09-23
1204,Bar Malo,Bar,6,Alcobendas,13,Bernarda Gallo,Sí,2023-11-20,
1205,Gasolinera Lloret,Gasolinera,2,Madrid Norte,9,Carolina Lopez,Sí,2021-06-19,
1206,Restaurante Marí,Restaurante,3,Madrid Sur,10,Marcelino Palacio,Sí,2023-11-19,
1207,Bar Alfonso,Bar,1,Madrid Centro,8,Perla Arenas,Sí,2024-07-23,
1208,Supermercado Valdés,Supermercado,2,Madrid Norte,9,Carolina Lopez,Sí,2019-06-02,
1209,Supermercado Domingo,Supermercado,1,Madrid Centro,8,Perla Arenas,Sí,2023-04-06,
1210,Bar Aguiló,Bar,3,Madrid Sur,10,Marcelino Palacio,Sí,2016-07-18,
1211,Restaurante Bravo,Restaurante,4,Madrid Este,11,Tristán Laguna,Sí,2021-12-21,
1212,Tienda Arenas,Tienda,2,Madrid Norte,9,Carolina Lopez,Sí,2019-08-19,
1213,Tienda Cuadrado,Tienda,5,Madrid Oeste,12,Manola Larrañaga,Sí,2023-07-02,
1214,Bar Ribes,Bar,8,Getafe,15,Simón Coello,Sí,2019-09-29,
1215,Gasolinera Sanz,Gasolinera,2,Madrid Norte,9,Carolina Lopez,Sí,2021-12-23,
1216,Supermercado Porcel,Supermercado,6,Alcobendas,13,Bernarda Gallo,Sí,2020-10-19,
1217,Tienda Julián,Tienda,1,Madrid Centro,8,Perla Arenas,Sí,2025-01-30,
1218,Restaurante Bernat,Restaurante,3,Madrid Sur,10,Marcelino Palacio,Sí,2019-03-10,
1219,Bar Noguera,Bar,8,Getafe,15,Simón Coello,Sí,2018-04-06,
1220,Tienda Jara,Tienda,1,Madrid Centro,8,Perla Arenas,Sí,2024-09-07,
1221,Bar Torrent,Bar,3,Madrid Sur,10,Marcelino Palacio,Sí,2022-05-30,
1222,Supermercado Sarmiento,Supermercado,7,San Sebastián de los Reyes,14,Azahara Giménez,Sí,2016-10-25,
1223,Supermercado Belda,Supermercado,2,Madrid Norte,9,Carolina Lopez,Sí,2024-12-08,
1224,Restaurante Manso,Restaurante,1,Madrid Centro,8,Perla Arenas,Sí,2025-04-15,
1225,Supermercado Ariño,Supermercado,3,Madrid Sur,10,Marcelino Palacio,Sí,2019-12-28,
1226,Bar Ariño,Bar,3,Madrid Sur,10,Marcelino Palacio,Sí,2021-09-27,
1227,Supermercado Leal,Supermercado,4,Madrid Este,11,Tristán Laguna,Sí,2021-02-16,
1228,Bar Conesa,Bar,2,Madrid Norte,9,Carolina Lopez,Sí,2017-06-14,
1229,Supermercado Fabregat,Supermercado,2,Madrid Norte,9,Carolina Lopez,Sí,2025-02-15,
1230,Gasolinera Montes,Gasolinera,1,Madrid Centro,8,Perla Arenas,Sí,2024-08-08,
1231,Supermercado Alegria,Supermercado,9,Leganés,15,Simón Coello,Sí,2018-08-22,
1232,Tienda Galindo,Tienda,5,Madrid Oeste,12,Manola Larrañaga,Sí,2020-04-27,
1233,Tienda Sáez,Tienda,10,Móstoles,16,Baltasar Navas,Sí,2017-09-10,
1234,Supermercado Pera,Supermercado,4,Madrid Este,11,Tristán Laguna,Sí,2021-05-28,
1235,Restaurante Saldaña,Restaurante,9,Leganés,15,Simón Coello,Sí,2022-02-12,
1236,Bar Carreño,Bar,1,Madrid Centro,8,Perla Arenas,Sí,2019-04-29,
1237,Tienda Villanueva,Tienda,7,San Sebastián de los Reyes,14,Azahara Giménez,Sí,2016-09-08,
1238,Bar Fernandez,Bar,2,Madrid Norte,9,Carolina Lopez,Sí,2021-09-19,
1239,Supermercado Jurado,Supermercado,9,Leganés,15,Simón Coello,Sí,2020-09-03,
1240,Bar Duque,Bar,12,Fuenlabrada,17,Armando Caparrós,Sí,2021-05-14,
1241,Bar Tovar,Bar,1,Madrid Centro,8,Perla Arenas,Sí,2024-07-27,
1242,Bar Luna,Bar,1,Madrid Centro,8,Perla Arenas,Sí,2023-08-07,
1243,Supermercado Guijarro,Supermercado,4,Madrid Este,11,Tristán Laguna,No,2016-09-03,2021-11-01
1244,Bar Lasa,Bar,6,Alcobendas,13,Bernarda Gallo,Sí,2020-08-02,
1245,Supermercado Martin,Supermercado,11,Alcorcón,16,Baltasar Navas,Sí,2016-10-29,
1246,Bar Olmo,Bar,12,Fuenlabrada,17,Armando Caparrós,Sí,2024-06-10,
1247,Bar Cañete,Bar,1,Madrid Centro,8,Perla Arenas,Sí,2025-06-29,
1248,Gasolinera Pomares,Gasolinera,2,Madrid Norte,9,Carolina Lopez,Sí,2020-10-09,
1249,Tienda Cañizares,Tienda,2,Madrid Norte,9,Carolina Lopez,Sí,2016-08-16,
1250,Bar Julián,Bar,8,Getafe,15,Simón Coello,Sí,2023-01-30,
1251,Restaurante Salgado,Restaurante,11,Alcorcón,16,Baltasar Navas,Sí,2023-11-27,
1252,Bar Lamas,Bar,4,Madrid Este,11,Tristán Laguna,Sí,2017-10-16,
1253,Supermercado Antúnez,Supermercado,2,Madrid Norte,9,Carolina Lopez,Sí,2021-07-06,
1254,Bar Álamo,Bar,5,Madrid Oeste,12,Manola Larrañaga,Sí,2018-05-22,
1255,Bar Sánchez,Bar,7,San Sebastián de los Reyes,14,Azahara Giménez,Sí,2024-09-13,
1256,Tienda Doménech,Tienda,5,Madrid Oeste,12,Manola Larrañaga,Sí,2025-10-06,
1257,Bar Fábregas,Bar,4,Madrid Este,11,Tristán Laguna,No,2018-07-14,2019-06-10
1258,Bar Granados,Bar,1,Madrid Centro,8,Perla Arenas,Sí,2022-02-05,
1259,Restaurante Molins,Restaurante,2,Madrid Norte,9,Carolina Lopez,Sí,2017-04-22,
1260,Tienda Galvez,Tienda,2,Madrid Norte,9,Carolina Lopez,Sí,2021-09-22,
1261,Tienda Leal,Tienda,12,Fuenlabrada,17,Armando Caparrós,No,2019-05-26,2024-01-02
1262,Bar Berrocal,Bar,5,Madrid Oeste,12,Manola Larrañaga,Sí,2025-09-14,
1263,Supermercado Llopis,Supermercado,11,Alcorcón,16,Baltasar Navas,No,2020-01-03,2023-11-17
1264,Supermercado Arteaga,Supermercado,6,Alcobendas,13,Bernarda Gallo,Sí,2021-09-22,
1265,Restaurante Verdugo,Restaurante,5,Madrid Oeste,12,Manola Larrañaga,Sí,2025-10-22,
1266,Bar Andreu,Bar,7,San Sebastián de los Reyes,14,Azahara Giménez,Sí,2025-02-13,
1267,Bar Pozo,Bar,10,Móstoles,16,Baltasar Navas,Sí,2021-10-06,
1268,Tienda Rueda,Tienda,1,Madrid Centro,8,Perla Arenas,Sí,2018-04-09,
1269,Supermercado Ramón,Supermercado,3,Madrid Sur,10,Marcelino Palacio,Sí,2022-08-05,
1270,Bar Bermejo,Bar,1,Madrid Centro,8,Perla Arenas,No,2019-02-11,2019-04-27
1271,Bar Samper,Bar,1,Madrid Centro,8,Perla Arenas,Sí,2021-01-06,
1272,Bar Pina,Bar,7,San Sebastián de los Reyes,14,Azahara Giménez,Sí,2024-01-06,
1273,Tienda Gracia,Tienda,6,Alcobendas,13,Bernarda Gallo,Sí,2024-09-10,
1274,Bar Elías,Bar,10,Móstoles,16,Baltasar Navas,Sí,2016-07-06,
1275,Bar Vallés,Bar,5,Madrid Oeste,12,Manola Larrañaga,Sí,2018-05-15,
1276,Restaurante Torrent,Restaurante,4,Madrid Este,11,Tristán Laguna,Sí,2025-07-02,
1277,Tienda Cruz,Tienda,1,Madrid Centro,8,Perla Arenas,No,2024-09-16,2025-02-16
1278,Tienda Baró,Tienda,8,Getafe,15,Simón Coello,Sí,2019-09-06,
1279,Restaurante Niño,Restaurante,4,Madrid Este,11,Tristán Laguna,Sí,2019-12-15,
1280,Restaurante Alfaro,Restaurante,7,San Sebastián de los Reyes,14,Azahara Giménez,Sí,2018-10-04,
1281,Bar Cabeza,Bar,4,Madrid Este,11,Tristán Laguna,Sí,2016-10-17,
1282,Supermercado Naranjo,Supermercado,2,Madrid Norte,9,Carolina Lopez,Sí,2016-08-11,
1283,Tienda Falcó,Tienda,7,San Sebastián de los Reyes,14,Azahara Giménez,Sí,2025-03-01,
1284,Gasolinera Villa,Gasolinera,2,Madrid Norte,9,Carolina Lopez,Sí,2019-07-24,
1285,Gasolinera Izquierdo,Gasolinera,3,Madrid Sur,10,Marcelino Palacio,Sí,2021-05-06,
1286,Restaurante Sosa,Restaurante,5,Madrid Oeste,12,Manola Larrañaga,No,2021-11-09,2024-07-26
1287,Bar Solera,Bar,4,Madrid Este,11,Tristán Laguna,Sí,2025-08-14,
1288,Bar Bermúdez,Bar,6,Alcobendas,13,Bernarda Gallo,Sí,2017-11-22,
1289,Gasolinera Mate,Gasolinera,3,Madrid Sur,10,Marcelino Palacio,Sí,2023-04-11,
1290,Bar Angulo,Bar,1,Madrid Centro,8,Perla Arenas,Sí,2016-10-27,
1291,Restaurante Dávila,Restaurante,7,San Sebastián de los Reyes,14,Azahara Giménez,Sí,2023-03-01,
1292,Gasolinera Mulet,Gasolinera,11,Alcorcón,16,Baltasar Navas,Sí,2019-02-16,
1293,Restaurante Baeza,Restaurante,6,Alcobendas,13,Bernarda Gallo,Sí,2025-08-12,
1294,Bar Miguel,Bar,9,Leganés,15,Simón Coello,Sí,2018-06-01,
1295,Bar Becerra,Bar,4,Madrid Este,11,Tristán Laguna,Sí,2018-09-14,
1296,Tienda Abril,Tienda,5,Madrid Oeste,12,Manola Larrañaga,Sí,2020-05-11,
1297,Tienda Olmo,Tienda,5,Madrid Oeste,12,Manola Larrañaga,Sí,2025-12-02,
1298,Tienda Doménech,Tienda,4,Madrid Este,11,Tristán Laguna,Sí,2025-12-12,
1299,Tienda Vera,Tienda,2,Madrid Norte,9,Carolina Lopez,Sí,2024-11-01,
1300,Supermercado Peña,Supermercado,10,Móstoles,16,Baltasar Navas,No,2025-10-30,2025-12-22
1301,Restaurante Sans,Restaurante,3,Madrid Sur,10,Marcelino Palacio,Sí,2025-12-29,
1302,Bar Mármol,Bar,6,Alcobendas,13,Bernarda Gallo,Sí,2019-07-14,
1303,Tienda Cerdán,Tienda,7,San Sebastián de los Reyes,14,Azahara Giménez,Sí,2017-10-01,
1304,Tienda Juan,Tienda,8,Getafe,15,Simón Coello,No,2016-11-10,2024-03-08
1305,Bar Calleja,Bar,6,Alcobendas,13,Bernarda Gallo,Sí,2020-08-03,
1306,Tienda Jover,Tienda,8,Getafe,15,Simón Coello,Sí,2025-11-23,
1307,Tienda Duarte,Tienda,8,Getafe,15,Simón Coello,Sí,2017-11-21,
1308,Tienda Morán,Tienda,5,Madrid Oeste,12,Manola Larrañaga,Sí,2018-08-04,
1309,Bar Aroca,Bar,4,Madrid Este,11,Tristán Laguna,No,2023-06-06,2025-12-27
1310,Restaurante Carpio,Restaurante,10,Móstoles,16,Baltasar Navas,Sí,2020-09-05,
1311,Tienda Bermejo,Tienda,10,Móstoles,16,Baltasar Navas,Sí,2022-11-16,
1312,Tienda Tena,Tienda,1,Madrid Centro,8,Perla Arenas,Sí,2016-09-08,
1313,Supermercado Laguna,Supermercado,1,Madrid Centro,8,Perla Arenas,Sí,2022-01-18,
1314,Restaurante Baquero,Restaurante,6,Alcobendas,13,Bernarda Gallo,Sí,2018-04-20,
1315,Tienda Giménez,Tienda,5,Madrid Oeste,12,Manola Larrañaga,No,2025-09-11,2025-11-20
1316,Gasolinera Crespo,Gasolinera,8,Getafe,15,Simón Coello,Sí,2016-07-02,
1317,Bar Cuervo,Bar,3,Madrid Sur,10,Marcelino Palacio,Sí,2017-01-02,
1318,Tienda Taboada,Tienda,4,Madrid Este,11,Tristán Laguna,Sí,2017-11-10,
1319,Supermercado Real,Supermercado,2,Madrid Norte,9,Carolina Lopez,Sí,2016-12-01,
1320,Bar Esparza,Bar,9,Leganés,15,Simón Coello,Sí,2017-04-28,
1321,Gasolinera Cobo,Gasolinera,3,Madrid Sur,10,Marcelino Palacio,Sí,2018-10-01,
1322,Bar Pons,Bar,2,Madrid Norte,9,Carolina Lopez,Sí,2017-01-18,
1323,Bar Morales,Bar,1,Madrid Centro,8,Perla Arenas,No,2025-04-09,2025-07-02
1324,Restaurante Montalbán,Restaurante,3,Madrid Sur,10,Marcelino Palacio,Sí,2021-07-25,
1325,Restaurante Cobo,Restaurante,4,Madrid Este,11,Tristán Laguna,Sí,2016-09-03,
1326,Bar Cuadrado,Bar,1,Madrid Centro,8,Perla Arenas,Sí,2019-11-22,
1327,Tienda Pozuelo,Tienda,4,Madrid Este,11,Tristán Laguna,Sí,2018-09-15,
1328,Bar Martín,Bar,2,Madrid Norte,9,Carolina Lopez,Sí,2023-09-28,
1329,Restaurante Lorenzo,Restaurante,6,Alcobendas,13,Bernarda Gallo,Sí,2024-11-07,
1330,Bar Lillo,Bar,11,Alcorcón,16,Baltasar Navas,Sí,2021-10-22,
1331,Bar Sebastián,Bar,4,Madrid Este,11,Tristán Laguna,Sí,2017-11-11,
1332,Restaurante Pino,Restaurante,3,Madrid Sur,10,Marcelino Palacio,Sí,2021-01-23,
1333,Tienda Amador,Tienda,5,Madrid Oeste,12,Manola Larrañaga,Sí,2016-07-11,
1334,Tienda Luque,Tienda,1,Madrid Centro,8,Perla Arenas,Sí,2024-12-31,
1335,Bar Araujo,Bar,1,Madrid Centro,8,Perla Arenas,Sí,2016-12-20,
1336,Restaurante Villena,Restaurante,8,Getafe,15,Simón Coello,Sí,2021-12-07,
1337,Bar Aparicio,Bar,1,Madrid Centro,8,Perla Arenas,No,2023-12-14,2025-06-20
1338,Bar Villaverde,Bar,10,Móstoles,16,Baltasar Navas,Sí,2017-03-28,
1339,Bar Cabanillas,Bar,2,Madrid Norte,9,Carolina Lopez,Sí,2024-08-03,
1340,Restaurante Murcia,Restaurante,1,Madrid Centro,8,Perla Arenas,Sí,2020-12-28,
1341,Gasolinera Bravo,Gasolinera,5,Madrid Oeste,12,Manola Larrañaga,No,2017-07-31,2025-06-08
1342,Supermercado Olmedo,Supermercado,5,Madrid Oeste,12,Manola Larrañaga,Sí,2021-03-10,
1343,Restaurante Vilanova,Restaurante,5,Madrid Oeste,12,Manola Larrañaga,Sí,2018-06-28,
1344,Supermercado Mascaró,Supermercado,4,Madrid Este,11,Tristán Laguna,Sí,2020-07-19,
1345,Tienda Cortina,Tienda,2,Madrid Norte,9,Carolina Lopez,Sí,2018-07-04,
1346,Bar Peñalver,Bar,1,Madrid Centro,8,Perla Arenas,Sí,2024-11-02,
1347,Gasolinera Ledesma,Gasolinera,3,Madrid Sur,10,Marcelino Palacio,Sí,2017-03-03,
1348,Bar Ávila,Bar,4,Madrid Este,11,Tristán Laguna,Sí,2022-03-05,
1349,Bar Vives,Bar,3,Madrid Sur,10,Marcelino Palacio,Sí,2022-08-08,
1350,Restaurante Peña,Restaurante,7,San Sebastián de los Reyes,14,Azahara Giménez,Sí,2022-08-29,
1351,Tienda Querol,Tienda,2,Madrid Norte,9,Carolina Lopez,Sí,2017-04-05,
1352,Bar Nebot,Bar,1,Madrid Centro,8,Perla Arenas,Sí,2021-08-14,
1353,Bar Baena,Bar,4,Madrid Este,11,Tristán Laguna,No,2025-01-02,2025-05-25
1354,Gasolinera Sureda,Gasolinera,2,Madrid Norte,9,Carolina Lopez,Sí,2024-11-18,
1355,Restaurante Anaya,Restaurante,2,Madrid Norte,9,Carolina Lopez,Sí,2016-09-22,
1356,Tienda Adán,Tienda,2,Madrid Norte,9,Carolina Lopez,Sí,2022-12-22,
1357,Bar Nebot,Bar,1,Madrid Centro,8,Perla Arenas,Sí,2018-02-17,
1358,Supermercado Robles,Supermercado,1,Madrid Centro,8,Perla Arenas,Sí,2017-03-27,
1359,Bar Egea,Bar,3,Madrid Sur,10,Marcelino Palacio,Sí,2018-02-04,
1360,Bar Badía,Bar,4,Madrid Este,11,Tristán Laguna,No,2021-08-27,2022-03-31
1361,Supermercado Quiroga,Supermercado,1,Madrid Centro,8,Perla Arenas,No,2025-11-25,2025-12-20
1362,Restaurante Carmona,Restaurante,1,Madrid Centro,8,Perla Arenas,Sí,2020-09-30,
1363,Bar Montero,Bar,1,Madrid Centro,8,Perla Arenas,Sí,2019-04-17,
1364,Restaurante Ramón,Restaurante,11,Alcorcón,16,Baltasar Navas,No,2019-11-14,2019-12-07
1365,Bar Sánchez,Bar,3,Madrid Sur,10,Marcelino Palacio,Sí,2020-09-08,
1366,Restaurante Bustos,Restaurante,5,Madrid Oeste,12,Manola Larrañaga,Sí,2021-10-05,
1367,Bar Saura,Bar,4,Madrid Este,11,Tristán Laguna,Sí,2021-06-06,
1368,Tienda Ortuño,Tienda,10,Móstoles,16,Baltasar Navas,Sí,2022-12-06,
1369,Restaurante Sarabia,Restaurante,2,Madrid Norte,9,Carolina Lopez,No,2023-08-14,2024-10-02
1370,Bar Lasa,Bar,1,Madrid Centro,8,Perla Arenas,Sí,2018-05-16,
1371,Tienda Diez,Tienda,7,San Sebastián de los Reyes,14,Azahara Giménez,Sí,2017-11-09,
1372,Tienda Llamas,Tienda,8,Getafe,15,Simón Coello,Sí,2024-09-12,
1373,Bar Bauzà,Bar,5,Madrid Oeste,12,Manola Larrañaga,Sí,2023-10-04,
1374,Restaurante Benítez,Restaurante,3,Madrid Sur,10,Marcelino Palacio,Sí,2025-02-23,
1375,Restaurante Arribas,Restaurante,1,Madrid Centro,8,Perla Arenas,No,2023-02-15,2024-08-28
1376,Tienda Trillo,Tienda,2,Madrid Norte,9,Carolina Lopez,No,2018-12-11,2023-12-19
1377,Bar Solera,Bar,5,Madrid Oeste,12,Manola Larrañaga,No,2024-01-16,2024-07-15
1378,Bar Asensio,Bar,8,Getafe,15,Simón Coello,Sí,2023-06-20,
1379,Tienda Benito,Tienda,4,Madrid Este,11,Tristán Laguna,Sí,2018-11-10,
1380,Bar Moraleda,Bar,2,Madrid Norte,9,Carolina Lopez,Sí,2025-10-31,
1381,Bar Tur,Bar,4,Madrid Este,11,Tristán Laguna,Sí,2022-08-13,
1382,Bar Tenorio,Bar,3,Madrid Sur,10,Marcelino Palacio,Sí,2022-03-25,
1383,Bar Pallarès,Bar,6,Alcobendas,13,Bernarda Gallo,Sí,2017-04-18,
1384,Bar Luque,Bar,7,San Sebastián de los Reyes,14,Azahara Giménez,Sí,2019-03-01,
1385,Tienda Azcona,Tienda,11,Alcorcón,16,Baltasar Navas,Sí,2021-04-02,
1386,Restaurante Campoy,Restaurante,1,Madrid Centro,8,Perla Arenas,Sí,2017-10-20,
1387,Bar Mayol,Bar,5,Madrid Oeste,12,Manola Larrañaga,Sí,2018-05-28,
1388,Bar Campillo,Bar,1,Madrid Centro,8,Perla Arenas,Sí,2016-12-10,
1389,Bar Arévalo,Bar,10,Móstoles,16,Baltasar Navas,Sí,2022-04-28,
1390,Tienda Vallés,Tienda,6,Alcobendas,13,Bernarda Gallo,Sí,2023-04-05,
1391,Bar Suárez,Bar,2,Madrid Norte,9,Carolina Lopez,Sí,2023-03-12,
1392,Tienda Ariza,Tienda,12,Fuenlabrada,17,Armando Caparrós,Sí,2021-06-29,
1393,Bar Quiroga,Bar,8,Getafe,15,Simón Coello,Sí,2019-01-25,
1394,Tienda Milla,Tienda,3,Madrid Sur,10,Marcelino Palacio,Sí,2017-10-15,
1395,Restaurante Barral,Restaurante,3,Madrid Sur,10,Marcelino Palacio,Sí,2023-10-11,
1396,Tienda Hoz,Tienda,1,Madrid Centro,8,Perla Arenas,Sí,2024-09-04,
1397,Gasolinera Roma,Gasolinera,8,Getafe,15,Simón Coello,Sí,2023-01-05,
1398,Tienda Busquets,Tienda,1,Madrid Centro,8,Perla Arenas,Sí,2017-06-07,
1399,Bar Zamorano,Bar,9,Leganés,15,Simón Coello,Sí,2022-05-04,
1400,Gasolinera Crespi,Gasolinera,5,Madrid Oeste,12,Manola Larrañaga,Sí,2016-08-09,
1401,Bar Lobato,Bar,6,Alcobendas,13,Bernarda Gallo,Sí,2017-03-31,
1402,Tienda Castañeda,Tienda,6,Alcobendas,13,Bernarda Gallo,Sí,2018-03-29,
1403,Restaurante Luna,Restaurante,2,Madrid Norte,9,Carolina Lopez,Sí,2020-04-17,
1404,Gasolinera Barceló,Gasolinera,7,San Sebastián de los Reyes,14,Azahara Giménez,Sí,2019-06-12,
1405,Bar Albero,Bar,8,Getafe,15,Simón Coello,Sí,2019-02-23,
1406,Bar Perez,Bar,2,Madrid Norte,9,Carolina Lopez,Sí,2016-11-09,
1407,Bar Fernández,Bar,2,Madrid Norte,9,Carolina Lopez,Sí,2019-10-08,
1408,Bar Pol,Bar,1,Madrid Centro,8,Perla Arenas,Sí,2022-10-30,
1409,Tienda Casals,Tienda,5,Madrid Oeste,12,Manola Larrañaga,Sí,2023-06-11,
1410,Tienda Paz,Tienda,1,Madrid Centro,8,Perla Arenas,Sí,2019-04-29,
1411,Tienda Barreda,Tienda,2,Madrid Norte,9,Carolina Lopez,Sí,2019-07-08,
1412,Restaurante Chacón,Restaurante,4,Madrid Este,11,Tristán Laguna,Sí,2023-12-17,
1413,Bar Anglada,Bar,5,Madrid Oeste,12,Manola Larrañaga,Sí,2023-08-27,
1414,Bar Sosa,Bar,8,Getafe,15,Simón Coello,Sí,2016-12-27,
1415,Supermercado Rivas,Supermercado,4,Madrid Este,11,Tristán Laguna,Sí,2018-08-11,
1416,Bar Ruiz,Bar,10,Móstoles,16,Baltasar Navas,No,2017-03-27,2019-11-11
1417,Bar Sáenz,Bar,1,Madrid Centro,8,Perla Arenas,No,2022-06-21,2024-05-04
1418,Bar Torrijos,Bar,3,Madrid Sur,10,Marcelino Palacio,Sí,2018-06-09,
1419,Bar Carretero,Bar,10,Móstoles,16,Baltasar Navas,Sí,2020-09-27,
1420,Gasolinera Tejada,Gasolinera,7,San Sebastián de los Reyes,14,Azahara Giménez,No,2019-09-24,2020-06-02
1421,Restaurante Llano,Restaurante,10,Móstoles,16,Baltasar Navas,Sí,2023-06-12,
1422,Tienda Tomé,Tienda,1,Madrid Centro,8,Perla Arenas,Sí,2025-04-26,
1423,Bar Bejarano,Bar,2,Madrid Norte,9,Carolina Lopez,Sí,2016-10-25,
1424,Restaurante Feijoo,Restaurante,5,Madrid Oeste,12,Manola Larrañaga,Sí,2020-07-31,
1425,Bar Guillén,Bar,7,San Sebastián de los Reyes,14,Azahara Giménez,No,2016-11-20,2017-02-13
1426,Tienda Julián,Tienda,12,Fuenlabrada,17,Armando Caparrós,Sí,2017-11-15,
1427,Tienda Vázquez,Tienda,2,Madrid Norte,9,Carolina Lopez,Sí,2020-03-16,
1428,Bar Sebastián,Bar,9,Leganés,15,Simón Coello,Sí,2018-09-04,
1429,Tienda Torres,Tienda,2,Madrid Norte,9,Carolina Lopez,Sí,2016-10-16,
1430,Gasolinera Montenegro,Gasolinera,8,Getafe,15,Simón Coello,Sí,2024-02-18,
1431,Bar Rebollo,Bar,5,Madrid Oeste,12,Manola Larrañaga,Sí,2024-11-04,
1432,Bar Agustín,Bar,6,Alcobendas,13,Bernarda Gallo,Sí,2020-05-04,
1433,Tienda Marqués,Tienda,1,Madrid Centro,8,Perla Arenas,Sí,2020-01-20,
1434,Supermercado Abellán,Supermercado,1,Madrid Centro,8,Perla Arenas,Sí,2017-05-06,
1435,Bar Morell,Bar,10,Móstoles,16,Baltasar Navas,Sí,2023-10-01,
1436,Bar Llamas,Bar,5,Madrid Oeste,12,Manola Larrañaga,Sí,2021-01-10,
1437,Restaurante Pinilla,Restaurante,3,Madrid Sur,10,Marcelino Palacio,Sí,2020-05-29,
1438,Gasolinera Macías,Gasolinera,7,San Sebastián de los Reyes,14,Azahara Giménez,Sí,2017-10-22,
1439,Bar Galan,Bar,3,Madrid Sur,10,Marcelino Palacio,Sí,2019-05-12,
1440,Bar Leiva,Bar,2,Madrid Norte,9,Carolina Lopez,Sí,2023-08-25,
1441,Gasolinera Barrios,Gasolinera,8,Getafe,15,Simón Coello,Sí,2018-09-14,
1442,Bar Vega,Bar,6,Alcobendas,13,Bernarda Gallo,Sí,2021-12-03,
1443,Bar Salom,Bar,7,San Sebastián de los Reyes,14,Azahara Giménez,Sí,2023-01-24,
1444,Restaurante Garrido,Restaurante,6,Alcobendas,13,Bernarda Gallo,Sí,2025-06-07,
1445,Tienda Villar,Tienda,4,Madrid Este,11,Tristán Laguna,Sí,2024-11-23,
1446,Tienda Bonilla,Tienda,2,Madrid Norte,9,Carolina Lopez,Sí,2025-08-30,
1447,Bar Galvez,Bar,1,Madrid Centro,8,Perla Arenas,Sí,2020-04-02,
1448,Tienda Pina,Tienda,8,Getafe,15,Simón Coello,Sí,2018-03-26,
1449,Bar Granados,Bar,5,Madrid Oeste,12,Manola Larrañaga,Sí,2019-03-28,
1450,Restaurante Izquierdo,Restaurante,6,Alcobendas,13,Bernarda Gallo,Sí,2019-05-15,
1451,Tienda Gibert,Tienda,8,Getafe,15,Simón Coello,No,2024-03-14,2025-04-16
1452,Bar Guijarro,Bar,5,Madrid Oeste,12,Manola Larrañaga,Sí,2025-11-21,
1453,Restaurante Lozano,Restaurante,3,Madrid Sur,10,Marcelino Palacio,Sí,2025-07-02,
1454,Bar Arévalo,Bar,3,Madrid Sur,10,Marcelino Palacio,Sí,2023-04-16,
1455,Restaurante Guitart,Restaurante,4,Madrid Este,11,Tristán Laguna,Sí,2025-12-11,
1456,Tienda Ortuño,Tienda,2,Madrid Norte,9,Carolina Lopez,Sí,2022-12-10,
1457,Restaurante Ledesma,Restaurante,3,Madrid Sur,10,Marcelino Palacio,Sí,2017-11-15,
1458,Supermercado Milla,Supermercado,7,San Sebastián de los Reyes,14,Azahara Giménez,Sí,2025-12-21,
1459,Bar Marí,Bar,4,Madrid Este,11,Tristán Laguna,Sí,2024-07-25,
1460,Tienda Barrera,Tienda,9,Leganés,15,Simón Coello,No,2024-09-25,2025-05-04
1461,Restaurante Ocaña,Restaurante,7,San Sebastián de los Reyes,14,Azahara Giménez,Sí,2018-06-10,
1462,Bar Mármol,Bar,12,Fuenlabrada,17,Armando Caparrós,No,2023-01-30,2023-05-07
1463,Gasolinera Saldaña,Gasolinera,6,Alcobendas,13,Bernarda Gallo,Sí,2019-05-06,
1464,Bar Porta,Bar,2,Madrid Norte,9,Carolina Lopez,Sí,2024-03-24,
1465,Bar Gallego,Bar,2,Madrid Norte,9,Carolina Lopez,Sí,2025-01-28,
1466,Bar Olivera,Bar,1,Madrid Centro,8,Perla Arenas,Sí,2019-10-07,
1467,Gasolinera Gargallo,Gasolinera,5,Madrid Oeste,12,Manola Larrañaga,Sí,2019-11-22,
1468,Tienda Alfonso,Tienda,1,Madrid Centro,8,Perla Arenas,Sí,2025-08-06,
1469,Supermercado Peinado,Supermercado,1,Madrid Centro,8,Perla Arenas,No,2022-07-14,2023-04-09
1470,Restaurante Martin,Restaurante,7,San Sebastián de los Reyes,14,Azahara Giménez,No,2020-11-22,2023-02-02
1471,Bar Coronado,Bar,9,Leganés,15,Simón Coello,Sí,2017-04-15,
1472,Tienda Alcalá,Tienda,6,Alcobendas,13,Bernarda Gallo,Sí,2018-11-08,
1473,Supermercado Canet,Supermercado,7,San Sebastián de los Reyes,14,Azahara Giménez,Sí,2016-07-07,
1474,Bar Roca,Bar,8,Getafe,15,Simón Coello,Sí,2024-03-29,
1475,Restaurante Nogués,Restaurante,5,Madrid Oeste,12,Manola Larrañaga,Sí,2019-07-06,
1476,Supermercado Anaya,Supermercado,2,Madrid Norte,9,Carolina Lopez,Sí,2025-06-23,
1477,Supermercado Fernandez,Supermercado,11,Alcorcón,16,Baltasar Navas,Sí,2022-03-02,
1478,Gasolinera Arce,Gasolinera,7,San Sebastián de los Reyes,14,Azahara Giménez,Sí,2021-10-29,
1479,Supermercado Cornejo,Supermercado,2,Madrid Norte,9,Carolina Lopez,Sí,2022-08-24,
1480,Restaurante Nogués,Restaurante,6,Alcobendas,13,Bernarda Gallo,Sí,2025-05-30,
1481,Restaurante Calderón,Restaurante,3,Madrid Sur,10,Marcelino Palacio,Sí,2022-05-12,
1482,Bar Haro,Bar,5,Madrid Oeste,12,Manola Larrañaga,No,2018-06-17,2019-12-29
1483,Tienda Calzada,Tienda,10,Móstoles,16,Baltasar Navas,Sí,2018-07-12,
1484,Supermercado Bueno,Supermercado,8,Getafe,15,Simón Coello,Sí,2018-04-27,
1485,Supermercado Ochoa,Supermercado,8,Getafe,15,Simón Coello,Sí,2016-07-21,
1486,Bar Peláez,Bar,12,Fuenlabrada,17,Armando Caparrós,Sí,2022-10-20,
1487,Supermercado Vendrell,Supermercado,7,San Sebastián de los Reyes,14,Azahara Giménez,Sí,2021-10-15,
1488,Tienda Calderón,Tienda,10,Móstoles,16,Baltasar Navas,Sí,2022-04-14,
1489,Tienda Menendez,Tienda,9,Leganés,15,Simón Coello,Sí,2022-09-17,
1490,Bar González,Bar,12,Fuenlabrada,17,Armando Caparrós,Sí,2025-09-21,
1491,Supermercado Armengol,Supermercado,9,Leganés,15,Simón Coello,Sí,2024-03-03,
1492,Bar Quiroga,Bar,3,Madrid Sur,10,Marcelino Palacio,Sí,2023-03-31,
1493,Restaurante Bustamante,Restaurante,9,Leganés,15,Simón Coello,Sí,2019-03-09,
1494,Tienda Pascual,Tienda,4,Madrid Este,11,Tristán Laguna,Sí,2023-10-04,
1495,Supermercado Vera,Supermercado,5,Madrid Oeste,12,Manola Larrañaga,Sí,2018-01-15,
1496,Tienda Gallardo,Tienda,4,Madrid Este,11,Tristán Laguna,Sí,2017-04-27,
1497,Bar Alsina,Bar,3,Madrid Sur,10,Marcelino Palacio,Sí,2022-03-16,
1498,Gasolinera Amor,Gasolinera,2,Madrid Norte,9,Carolina Lopez,Sí,2023-07-09,
1499,Bar Nuñez,Bar,5,Madrid Oeste,12,Manola Larrañaga,No,2019-11-02,2020-06-07
1500,Bar Catalán,Bar,12,Fuenlabrada,17,Armando Caparrós,Sí,2020-04-07,
1501,Bar Marti,Bar,7,San Sebastián de los Reyes,14,Azahara Giménez,Sí,2022-09-15,
1502,Bar Pastor,Bar,7,San Sebastián de los Reyes,14,Azahara Giménez,Sí,2019-08-15,
1503,Tienda Escobar,Tienda,3,Madrid Sur,10,Marcelino Palacio,Sí,2018-10-02,
1504,Bar Ibañez,Bar,7,San Sebastián de los Reyes,14,Azahara Giménez,Sí,2017-12-20,
1505,Restaurante Duran,Restaurante,7,San Sebastián de los Reyes,14,Azahara Giménez,Sí,2018-08-27,
1506,Restaurante Verdugo,Restaurante,8,Getafe,15,Simón Coello,Sí,2017-09-27,
1507,Tienda Acevedo,Tienda,4,Madrid Este,11,Tristán Laguna,Sí,2020-06-14,
1508,Tienda Jara,Tienda,7,San Sebastián de los Reyes,14,Azahara Giménez,Sí,2018-03-01,
1509,Restaurante Madrigal,Restaurante,6,Alcobendas,13,Bernarda Gallo,Sí,2021-06-15,
1510,Bar Batalla,Bar,3,Madrid Sur,10,Marcelino Palacio,Sí,2023-05-02,
1511,Gasolinera Barral,Gasolinera,8,Getafe,15,Simón Coello,Sí,2023-11-30,
1512,Restaurante Asenjo,Restaurante,1,Madrid Centro,8,Perla Arenas,Sí,2018-10-14,
1513,Bar Rojas,Bar,2,Madrid Norte,9,Carolina Lopez,Sí,2024-10-09,
1514,Bar Checa,Bar,1,Madrid Centro,8,Perla Arenas,Sí,2023-11-06,
1515,Tienda Diaz,Tienda,2,Madrid Norte,9,Carolina Lopez,Sí,2023-12-18,
1516,Tienda Coello,Tienda,9,Leganés,15,Simón Coello,Sí,2019-04-14,
1517,Bar Bosch,Bar,3,Madrid Sur,10,Marcelino Palacio,Sí,2019-08-26,
1518,Gasolinera Benavent,Gasolinera,4,Madrid Este,11,Tristán Laguna,Sí,2017-03-25,
1519,Supermercado Aznar,Supermercado,3,Madrid Sur,10,Marcelino Palacio,No,2020-06-13,2024-10-18
1520,Bar Nogués,Bar,6,Alcobendas,13,Bernarda Gallo,Sí,2021-04-20,
1521,Tienda Bernal,Tienda,1,Madrid Centro,8,Perla Arenas,Sí,2018-11-19,
1522,Restaurante Peinado,Restaurante,11,Alcorcón,16,Baltasar Navas,Sí,2016-10-24,
1523,Restaurante Jódar,Restaurante,1,Madrid Centro,8,Perla Arenas,Sí,2022-03-21,
1524,Restaurante Lladó,Restaurante,4,Madrid Este,11,Tristán Laguna,Sí,2018-05-24,
1525,Bar Monreal,Bar,3,Madrid Sur,10,Marcelino Palacio,Sí,2018-04-12,
1526,Bar Rius,Bar,5,Madrid Oeste,12,Manola Larrañaga,No,2025-12-11,2025-12-20
1527,Bar Mata,Bar,10,Móstoles,16,Baltasar Navas,Sí,2017-05-12,
1528,Bar Bolaños,Bar,9,Leganés,15,Simón Coello,Sí,2023-12-21,
1529,Tienda Salas,Tienda,3,Madrid Sur,10,Marcelino Palacio,Sí,2018-09-28,
1530,Restaurante Gonzalez,Restaurante,3,Madrid Sur,10,Marcelino Palacio,No,2025-12-26,2025-12-29
1531,Bar Benet,Bar,4,Madrid Este,11,Tristán Laguna,Sí,2023-08-19,
1532,Bar Leon,Bar,7,San Sebastián de los Reyes,14,Azahara Giménez,Sí,2021-07-31,
1533,Bar Santamaria,Bar,1,Madrid Centro,8,Perla Arenas,Sí,2020-04-29,
1534,Bar Acevedo,Bar,4,Madrid Este,11,Tristán Laguna,Sí,2025-11-01,
1535,Bar Giralt,Bar,5,Madrid Oeste,12,Manola Larrañaga,Sí,2024-12-14,
1536,Bar Cabrera,Bar,1,Madrid Centro,8,Perla Arenas,Sí,2019-11-18,
1537,Tienda Suárez,Tienda,1,Madrid Centro,8,Perla Arenas,Sí,2018-11-18,
1538,Bar Gallart,Bar,6,Alcobendas,13,Bernarda Gallo,Sí,2024-05-16,
1539,Bar Saura,Bar,2,Madrid Norte,9,Carolina Lopez,Sí,2025-12-25,
1540,Tienda Collado,Tienda,5,Madrid Oeste,12,Manola Larrañaga,Sí,2020-11-08,
1541,Bar Fernández,Bar,8,Getafe,15,Simón Coello,Sí,2019-01-07,
1542,Bar Figueras,Bar,2,Madrid Norte,9,Carolina Lopez,Sí,2016-10-06,
1543,Bar Asensio,Bar,1,Madrid Centro,8,Perla Arenas,Sí,2018-06-17,
1544,Gasolinera Diaz,Gasolinera,2,Madrid Norte,9,Carolina Lopez,Sí,2021-11-09,
1545,Gasolinera Alonso,Gasolinera,8,Getafe,15,Simón Coello,Sí,2020-07-31,
1546,Tienda Campoy,Tienda,6,Alcobendas,13,Bernarda Gallo,Sí,2017-01-15,
1547,Gasolinera Ángel,Gasolinera,2,Madrid Norte,9,Carolina Lopez,Sí,2022-04-06,
1548,Bar Pujadas,Bar,4,Madrid Este,11,Tristán Laguna,Sí,2019-12-10,
1549,Supermercado Zamorano,Supermercado,9,Leganés,15,Simón Coello,Sí,2020-09-01,
1550,Tienda Gilabert,Tienda,7,San Sebastián de los Reyes,14,Azahara Giménez,Sí,2021-06-22,
1551,Tienda Ortega,Tienda,2,Madrid Norte,9,Carolina Lopez,Sí,2025-11-26,
1552,Bar Prat,Bar,7,San Sebastián de los Reyes,14,Azahara Giménez,Sí,2019-04-04,
1553,Restaurante Garriga,Restaurante,2,Madrid Norte,9,Carolina Lopez,Sí,2018-05-22,
1554,Supermercado Iglesia,Supermercado,7,San Sebastián de los Reyes,14,Azahara Giménez,Sí,2018-08-23,
1555,Tienda Vall,Tienda,1,Madrid Centro,8,Perla Arenas,Sí,2018-10-02,
1556,Restaurante Sierra,Restaurante,11,Alcorcón,16,Baltasar Navas,No,2017-02-26,2018-06-16
1557,Supermercado Duran,Supermercado,4,Madrid Este,11,Tristán Laguna,No,2017-05-09,2018-04-29
1558,Tienda Amores,Tienda,10,Móstoles,16,Baltasar Navas,No,2025-08-27,2025-12-01
1559,Bar Moreno,Bar,3,Madrid Sur,10,Marcelino Palacio,Sí,2016-10-07,
1560,Bar González,Bar,7,San Sebastián de los Reyes,14,Azahara Giménez,Sí,2021-07-31,
1561,Bar Farré,Bar,3,Madrid Sur,10,Marcelino Palacio,Sí,2019-07-11,
1562,Bar Jimenez,Bar,9,Leganés,15,Simón Coello,Sí,2021-04-17,
1563,Tienda Zamora,Tienda,1,Madrid Centro,8,Perla Arenas,Sí,2025-10-04,
1564,Restaurante Yuste,Restaurante,1,Madrid Centro,8,Perla Arenas,Sí,2021-08-28,
1565,Tienda Esparza,Tienda,8,Getafe,15,Simón Coello,Sí,2023-09-21,
1566,Bar Vicente,Bar,2,Madrid Norte,9,Carolina Lopez,Sí,2021-05-10,
1567,Restaurante Zorrilla,Restaurante,4,Madrid Este,11,Tristán Laguna,Sí,2021-12-20,
1568,Restaurante Gomis,Restaurante,2,Madrid Norte,9,Carolina Lopez,Sí,2017-01-28,
1569,Bar Salvador,Bar,4,Madrid Este,11,Tristán Laguna,Sí,2024-11-21,
1570,Restaurante Cárdenas,Restaurante,8,Getafe,15,Simón Coello,Sí,2023-12-15,
1571,Bar Herrero,Bar,7,San Sebastián de los Reyes,14,Azahara Giménez,Sí,2019-09-01,
1572,Gasolinera Riera,Gasolinera,4,Madrid Este,11,Tristán Laguna,Sí,2016-09-30,
1573,Bar Perea,Bar,2,Madrid Norte,9,Carolina Lopez,Sí,2020-02-17,
1574,Supermercado Flores,Supermercado,1,Madrid Centro,8,Perla Arenas,Sí,2025-01-12,
1575,Bar Montaña,Bar,2,Madrid Norte,9,Carolina Lopez,Sí,2023-04-06,
1576,Restaurante Carrión,Restaurante,3,Madrid Sur,10,Marcelino Palacio,Sí,2025-01-17,
1577,Bar Sanmartín,Bar,4,Madrid Este,11,Tristán Laguna,Sí,2024-11-17,
1578,Tienda Alcalde,Tienda,1,Madrid Centro,8,Perla Arenas,Sí,2024-03-22,
1579,Bar Luque,Bar,1,Madrid Centro,8,Perla Arenas,No,2025-08-03,2025-10-10
1580,Tienda Falcón,Tienda,7,San Sebastián de los Reyes,14,Azahara Giménez,Sí,2025-02-20,
1581,Tienda Tejero,Tienda,2,Madrid Norte,9,Carolina Lopez,Sí,2016-07-01,
1582,Tienda Alfaro,Tienda,6,Alcobendas,13,Bernarda Gallo,Sí,2019-11-17,
1583,Supermercado Prats,Supermercado,2,Madrid Norte,9,Carolina Lopez,Sí,2020-11-30,
1584,Tienda Paz,Tienda,3,Madrid Sur,10,Marcelino Palacio,Sí,2016-06-27,
1585,Restaurante Prada,Restaurante,3,Madrid Sur,10,Marcelino Palacio,Sí,2023-04-19,
1586,Bar Gutierrez,Bar,8,Getafe,15,Simón Coello,No,2016-07-16,2018-04-11
1587,Bar Agustín,Bar,10,Móstoles,16,Baltasar Navas,Sí,2017-09-14,
1588,Restaurante Delgado,Restaurante,6,Alcobendas,13,Bernarda Gallo,Sí,2023-09-27,
1589,Bar Molins,Bar,1,Madrid Centro,8,Perla Arenas,Sí,2023-07-09,
1590,Bar Palacios,Bar,5,Madrid Oeste,12,Manola Larrañaga,Sí,2025-08-26,
1591,Bar Izaguirre,Bar,6,Alcobendas,13,Bernarda Gallo,Sí,2024-03-25,
1592,Tienda Salvador,Tienda,2,Madrid Norte,9,Carolina Lopez,Sí,2022-08-30,
1593,Bar Tenorio,Bar,4,Madrid Este,11,Tristán Laguna,Sí,2021-10-10,
1594,Supermercado Ferrero,Supermercado,9,Leganés,15,Simón Coello,Sí,2024-05-09,
1595,Bar Santiago,Bar,5,Madrid Oeste,12,Manola Larrañaga,No,2020-11-09,2023-12-26
1596,Bar Uribe,Bar,5,Madrid Oeste,12,Manola Larrañaga,Sí,2023-03-23,
1597,Bar Castells,Bar,11,Alcorcón,16,Baltasar Navas,Sí,2024-02-25,
1598,Tienda Fiol,Tienda,3,Madrid Sur,10,Marcelino Palacio,Sí,2022-05-15,
1599,Gasolinera Peralta,Gasolinera,7,San Sebastián de los Reyes,14,Azahara Giménez,Sí,2019-06-05,
1600,Tienda Caballero,Tienda,3,Madrid Sur,10,Marcelino Palacio,Sí,2025-07-07,
1601,Bar Cano,Bar,7,San Sebastián de los Reyes,14,Azahara Giménez,Sí,2025-12-23,
1602,Gasolinera Mendizábal,Gasolinera,5,Madrid Oeste,12,Manola Larrañaga,Sí,2018-12-29,
1603,Gasolinera Garay,Gasolinera,4,Madrid Este,11,Tristán Laguna,Sí,2020-02-08,
1604,Bar Esparza,Bar,4,Madrid Este,11,Tristán Laguna,Sí,2018-03-20,
1605,Bar Soler,Bar,11,Alcorcón,16,Baltasar Navas,Sí,2021-05-04,
1606,Bar Ferrer,Bar,11,Alcorcón,16,Baltasar Navas,Sí,2021-02-24,
1607,Tienda Abella,Tienda,3,Madrid Sur,10,Marcelino Palacio,Sí,2016-11-09,
1608,Restaurante Álvarez,Restaurante,12,Fuenlabrada,17,Armando Caparrós,Sí,2016-09-27,
1609,Gasolinera Agullo,Gasolinera,2,Madrid Norte,9,Carolina Lopez,Sí,2020-10-16,
1610,Gasolinera Coronado,Gasolinera,5,Madrid Oeste,12,Manola Larrañaga,No,2024-06-21,2025-05-27
1611,Bar Muñoz,Bar,3,Madrid Sur,10,Marcelino Palacio,Sí,2025-02-12,
1612,Restaurante Pinilla,Restaurante,2,Madrid Norte,9,Carolina Lopez,No,2018-10-07,2023-03-15
1613,Bar Vallés,Bar,1,Madrid Centro,8,Perla Arenas,Sí,2024-05-31,
1614,Tienda Sosa,Tienda,9,Leganés,15,Simón Coello,Sí,2017-06-20,
1615,Supermercado Barriga,Supermercado,1,Madrid Centro,8,Perla Arenas,No,2023-12-30,2024-01-16
1616,Bar Mate,Bar,4,Madrid Este,11,Tristán Laguna,No,2025-11-02,2025-11-23
1617,Restaurante Moll,Restaurante,7,San Sebastián de los Reyes,14,Azahara Giménez,Sí,2024-08-20,
1618,Restaurante Landa,Restaurante,9,Leganés,15,Simón Coello,Sí,2025-07-30,
1619,Bar Alcántara,Bar,7,San Sebastián de los Reyes,14,Azahara Giménez,Sí,2016-08-16,
1620,Restaurante Iglesias,Restaurante,9,Leganés,15,Simón Coello,Sí,2021-12-30,
1621,Bar Hurtado,Bar,2,Madrid Norte,9,Carolina Lopez,Sí,2024-05-05,
1622,Tienda Perelló,Tienda,1,Madrid Centro,8,Perla Arenas,Sí,2022-09-01,
1623,Tienda Pedrero,Tienda,7,San Sebastián de los Reyes,14,Azahara Giménez,Sí,2025-11-10,
1624,Bar Torrens,Bar,11,Alcorcón,16,Baltasar Navas,Sí,2017-09-15,
1625,Bar Barco,Bar,2,Madrid Norte,9,Carolina Lopez,Sí,2017-11-27,
1626,Tienda Alcántara,Tienda,6,Alcobendas,13,Bernarda Gallo,No,2025-03-10,2025-08-19
1627,Bar Tormo,Bar,1,Madrid Centro,8,Perla Arenas,Sí,2024-07-17,
1628,Gasolinera Barrios,Gasolinera,5,Madrid Oeste,12,Manola Larrañaga,Sí,2025-07-22,
1629,Gasolinera Vilanova,Gasolinera,5,Madrid Oeste,12,Manola Larrañaga,Sí,2019-12-29,
1630,Bar Heras,Bar,4,Madrid Este,11,Tristán Laguna,No,2021-03-21,2023-01-11
1631,Bar Soriano,Bar,1,Madrid Centro,8,Perla Arenas,Sí,2019-11-24,
1632,Bar Tejero,Bar,2,Madrid Norte,9,Carolina Lopez,Sí,2024-05-06,
1633,Tienda Checa,Tienda,6,Alcobendas,13,Bernarda Gallo,Sí,2017-10-18,
1634,Restaurante Tamarit,Restaurante,11,Alcorcón,16,Baltasar Navas,Sí,2017-07-05,
1635,Tienda Pizarro,Tienda,6,Alcobendas,13,Bernarda Gallo,Sí,2025-06-16,
1636,Bar Blázquez,Bar,4,Madrid Este,11,Tristán Laguna,Sí,2016-11-23,
1637,Bar Gimeno,Bar,8,Getafe,15,Simón Coello,No,2021-05-05,2022-11-06
1638,Tienda Mármol,Tienda,8,Getafe,15,Simón Coello,Sí,2022-07-26,
1639,Supermercado Haro,Supermercado,9,Leganés,15,Simón Coello,Sí,2019-09-12,
1640,Tienda Seco,Tienda,8,Getafe,15,Simón Coello,Sí,2022-10-08,
1641,Bar Cerdá,Bar,3,Madrid Sur,10,Marcelino Palacio,Sí,2023-05-05,
1642,Tienda Alsina,Tienda,1,Madrid Centro,8,Perla Arenas,Sí,2017-10-28,
1643,Bar Bas,Bar,6,Alcobendas,13,Bernarda Gallo,Sí,2019-03-30,
1644,Bar Bellido,Bar,3,Madrid Sur,10,Marcelino Palacio,Sí,2022-09-15,
1645,Tienda Aragonés,Tienda,4,Madrid Este,11,Tristán Laguna,Sí,2018-06-20,
1646,Tienda Rincón,Tienda,1,Madrid Centro,8,Perla Arenas,Sí,2025-05-07,
1647,Tienda Cabeza,Tienda,6,Alcobendas,13,Bernarda Gallo,Sí,2022-09-20,
1648,Bar Falcó,Bar,1,Madrid Centro,8,Perla Arenas,Sí,2025-06-20,
1649,Supermercado Ramírez,Supermercado,7,San Sebastián de los Reyes,14,Azahara Giménez,Sí,2021-01-16,
1650,Gasolinera Estévez,Gasolinera,9,Leganés,15,Simón Coello,Sí,2023-06-05,
1651,Bar Aroca,Bar,1,Madrid Centro,8,Perla Arenas,Sí,2018-03-28,
1652,Restaurante Aliaga,Restaurante,4,Madrid Este,11,Tristán Laguna,Sí,2022-05-18,
1653,Tienda Valencia,Tienda,4,Madrid Este,11,Tristán Laguna,Sí,2020-07-11,
1654,Restaurante Ariza,Restaurante,10,Móstoles,16,Baltasar Navas,No,2020-06-03,2022-06-22
1655,Bar Garrido,Bar,2,Madrid Norte,9,Carolina Lopez,No,2020-12-12,2022-08-13
1656,Bar Barberá,Bar,5,Madrid Oeste,12,Manola Larrañaga,Sí,2020-07-03,
1657,Bar Heras,Bar,2,Madrid Norte,9,Carolina Lopez,Sí,2021-08-05,
1658,Bar Bellido,Bar,8,Getafe,15,Simón Coello,Sí,2020-01-09,
1659,Bar Chaparro,Bar,7,San Sebastián de los Reyes,14,Azahara Giménez,Sí,2017-06-02,
1660,Supermercado Alvarado,Supermercado,3,Madrid Sur,10,Marcelino Palacio,Sí,2020-07-01,
1661,Bar Batlle,Bar,6,Alcobendas,13,Bernarda Gallo,Sí,2020-08-27,
1662,Tienda Rosell,Tienda,5,Madrid Oeste,12,Manola Larrañaga,No,2023-02-01,2023-11-06
1663,Bar Pardo,Bar,12,Fuenlabrada,17,Armando Caparrós,Sí,2018-11-17,
1664,Bar Blanch,Bar,5,Madrid Oeste,12,Manola Larrañaga,Sí,2016-10-24,
1665,Bar Serra,Bar,10,Móstoles,16,Baltasar Navas,Sí,2023-10-20,
1666,Tienda Rubio,Tienda,3,Madrid Sur,10,Marcelino Palacio,No,2023-10-29,2024-08-20
1667,Restaurante Castells,Restaurante,11,Alcorcón,16,Baltasar Navas,No,2017-03-04,2024-05-30
1668,Bar Gomis,Bar,1,Madrid Centro,8,Perla Arenas,Sí,2024-09-09,
1669,Restaurante Palacios,Restaurante,6,Alcobendas,13,Bernarda Gallo,Sí,2020-10-27,
1670,Bar Ballesteros,Bar,2,Madrid Norte,9,Carolina Lopez,Sí,2022-07-01,
1671,Bar Otero,Bar,3,Madrid Sur,10,Marcelino Palacio,Sí,2023-04-10,
1672,Bar Rios,Bar,6,Alcobendas,13,Bernarda Gallo,Sí,2018-01-11,
1673,Supermercado Gordillo,Supermercado,2,Madrid Norte,9,Carolina Lopez,Sí,2019-07-03,
1674,Supermercado Vendrell,Supermercado,8,Getafe,15,Simón Coello,Sí,2016-12-14,
1675,Bar Tovar,Bar,8,Getafe,15,Simón Coello,Sí,2017-05-24,
1676,Gasolinera Saldaña,Gasolinera,6,Alcobendas,13,Bernarda Gallo,No,2024-11-13,2025-01-08
1677,Bar Castañeda,Bar,12,Fuenlabrada,17,Armando Caparrós,No,2022-09-01,2024-06-18
1678,Bar Franch,Bar,4,Madrid Este,11,Tristán Laguna,Sí,2019-05-24,
1679,Tienda Carrasco,Tienda,7,San Sebastián de los Reyes,14,Azahara Giménez,Sí,2023-05-06,
1680,Bar Piquer,Bar,5,Madrid Oeste,12,Manola Larrañaga,No,2018-05-27,2025-01-27
1681,Restaurante Bolaños,Restaurante,4,Madrid Este,11,Tristán Laguna,Sí,2020-04-29,
1682,Tienda Parra,Tienda,4,Madrid Este,11,Tristán Laguna,Sí,2019-12-10,
1683,Bar Tello,Bar,1,Madrid Centro,8,Perla Arenas,Sí,2019-10-01,
1684,Bar Beltrán,Bar,3,Madrid Sur,10,Marcelino Palacio,Sí,2018-05-17,
1685,Gasolinera Gárate,Gasolinera,8,Getafe,15,Simón Coello,Sí,2019-01-10,
1686,Supermercado Marin,Supermercado,4,Madrid Este,11,Tristán Laguna,Sí,2025-12-28,
1687,Bar Falcó,Bar,2,Madrid Norte,9,Carolina Lopez,Sí,2016-08-01,
1688,Supermercado Medina,Supermercado,11,Alcorcón,16,Baltasar Navas,Sí,2018-06-22,
1689,Tienda Castell,Tienda,7,San Sebastián de los Reyes,14,Azahara Giménez,Sí,2025-10-11,
1690,Bar Castejón,Bar,9,Leganés,15,Simón Coello,No,2019-01-30,2025-03-06
1691,Restaurante Mora,Restaurante,11,Alcorcón,16,Baltasar Navas,No,2025-12-30,2025-12-30
1692,Bar Morales,Bar,7,San Sebastián de los Reyes,14,Azahara Giménez,No,2019-07-11,2023-01-10
1693,Restaurante Bueno,Restaurante,8,Getafe,15,Simón Coello,Sí,2017-05-25,
1694,Tienda Llorente,Tienda,8,Getafe,15,Simón Coello,Sí,2023-12-29,
1695,Restaurante Cabello,Restaurante,4,Madrid Este,11,Tristán Laguna,Sí,2017-10-20,
1696,Supermercado Mulet,Supermercado,2,Madrid Norte,9,Carolina Lopez,Sí,2020-08-15,
1697,Gasolinera Cerdán,Gasolinera,10,Móstoles,16,Baltasar Navas,Sí,2023-12-03,
1698,Gasolinera Casas,Gasolinera,5,Madrid Oeste,12,Manola Larrañaga,Sí,2024-05-12,
1699,Gasolinera Pera,Gasolinera,11,Alcorcón,16,Baltasar Navas,Sí,2017-06-07,
1700,Bar Murillo,Bar,9,Leganés,15,Simón Coello,Sí,2016-07-13,
1701,Gasolinera Clemente,Gasolinera,3,Madrid Sur,10,Marcelino Palacio,Sí,2025-01-20,
1702,Restaurante Carvajal,Restaurante,3,Madrid Sur,10,Marcelino Palacio,Sí,2019-07-17,
1703,Tienda Pomares,Tienda,8,Getafe,15,Simón Coello,Sí,2022-11-27,
1704,Tienda Marquez,Tienda,4,Madrid Este,11,Tristán Laguna,Sí,2021-08-28,
1705,Tienda Arjona,Tienda,10,Móstoles,16,Baltasar Navas,Sí,2019-09-04,
1706,Restaurante Jurado,Restaurante,10,Móstoles,16,Baltasar Navas,Sí,2023-09-28,
1707,Bar Arnau,Bar,3,Madrid Sur,10,Marcelino Palacio,No,2018-03-08,2024-09-20
1708,Tienda Toledo,Tienda,10,Móstoles,16,Baltasar Navas,Sí,2021-03-21,
1709,Bar Escribano,Bar,2,Madrid Norte,9,Carolina Lopez,Sí,2024-11-06,
1710,Bar Juliá,Bar,11,Alcorcón,16,Baltasar Navas,Sí,2021-06-05,
1711,Bar Vergara,Bar,9,Leganés,15,Simón Coello,Sí,2019-07-06,
1712,Gasolinera Heras,Gasolinera,1,Madrid Centro,8,Perla Arenas,Sí,2018-11-17,
1713,Gasolinera Bellido,Gasolinera,3,Madrid Sur,10,Marcelino Palacio,No,2023-03-22,2024-11-23
1714,Bar Campoy,Bar,7,San Sebastián de los Reyes,14,Azahara Giménez,Sí,2018-04-08,
1715,Tienda Mir,Tienda,7,San Sebastián de los Reyes,14,Azahara Giménez,Sí,2017-12-11,
1716,Supermercado Ramírez,Supermercado,1,Madrid Centro,8,Perla Arenas,Sí,2016-06-23,
1717,Restaurante Lastra,Restaurante,2,Madrid Norte,9,Carolina Lopez,Sí,2019-06-26,
1718,Bar Cornejo,Bar,3,Madrid Sur,10,Marcelino Palacio,Sí,2024-05-13,
1719,Bar Paz,Bar,1,Madrid Centro,8,Perla Arenas,Sí,2025-02-03,
1720,Bar Busquets,Bar,2,Madrid Norte,9,Carolina Lopez,Sí,2019-04-15,
1721,Restaurante Vilanova,Restaurante,5,Madrid Oeste,12,Manola Larrañaga,Sí,2025-02-10,
1722,Bar Osuna,Bar,8,Getafe,15,Simón Coello,Sí,2019-06-02,
1723,Bar Iglesias,Bar,8,Getafe,15,Simón Coello,Sí,2019-11-15,
1724,Gasolinera Prada,Gasolinera,1,Madrid Centro,8,Perla Arenas,Sí,2017-05-19,
1725,Gasolinera Blanca,Gasolinera,11,Alcorcón,16,Baltasar Navas,Sí,2020-02-19,
1726,Bar Sedano,Bar,3,Madrid Sur,10,Marcelino Palacio,Sí,2022-03-30,
1727,Bar Aramburu,Bar,5,Madrid Oeste,12,Manola Larrañaga,Sí,2023-12-24,
1728,Supermercado Villanueva,Supermercado,3,Madrid Sur,10,Marcelino Palacio,Sí,2019-09-16,
1729,Tienda Gabaldón,Tienda,11,Alcorcón,16,Baltasar Navas,Sí,2018-02-04,
1730,Bar Baeza,Bar,7,San Sebastián de los Reyes,14,Azahara Giménez,Sí,2019-10-08,
1731,Bar Posada,Bar,7,San Sebastián de los Reyes,14,Azahara Giménez,Sí,2022-08-02,
1732,Bar Galván,Bar,10,Móstoles,16,Baltasar Navas,Sí,2025-09-15,
1733,Bar Benet,Bar,3,Madrid Sur,10,Marcelino Palacio,Sí,2019-04-08,
1734,Restaurante Moya,Restaurante,5,Madrid Oeste,12,Manola Larrañaga,Sí,2022-02-17,
1735,Supermercado Martorell,Supermercado,11,Alcorcón,16,Baltasar Navas,No,2023-10-17,2025-02-11
1736,Bar Marco,Bar,12,Fuenlabrada,17,Armando Caparrós,Sí,2018-12-10,
1737,Bar Barón,Bar,4,Madrid Este,11,Tristán Laguna,Sí,2023-07-01,
1738,Tienda Navarrete,Tienda,9,Leganés,15,Simón Coello,Sí,2020-02-19,
1739,Tienda Rozas,Tienda,11,Alcorcón,16,Baltasar Navas,Sí,2024-03-08,
1740,Bar Caparrós,Bar,1,Madrid Centro,8,Perla Arenas,Sí,2019-10-21,
1741,Tienda Prado,Tienda,3,Madrid Sur,10,Marcelino Palacio,Sí,2018-03-12,
1742,Restaurante Guzman,Restaurante,10,Móstoles,16,Baltasar Navas,Sí,2025-11-02,
1743,Gasolinera Abella,Gasolinera,4,Madrid Este,11,Tristán Laguna,Sí,2024-11-20,
1744,Gasolinera Manrique,Gasolinera,9,Leganés,15,Simón Coello,Sí,2025-02-18,
1745,Gasolinera Galindo,Gasolinera,5,Madrid Oeste,12,Manola Larrañaga,Sí,2019-04-21,
1746,Bar Sanjuan,Bar,8,Getafe,15,Simón Coello,Sí,2017-01-06,
1747,Bar Trujillo,Bar,9,Leganés,15,Simón Coello,No,2023-12-01,2025-09-25
1748,Bar Garzón,Bar,11,Alcorcón,16,Baltasar Navas,Sí,2022-04-20,
1749,Bar Pintor,Bar,5,Madrid Oeste,12,Manola Larrañaga,Sí,2019-11-11,
1750,Bar Vila,Bar,5,Madrid Oeste,12,Manola Larrañaga,Sí,2017-07-21,
1751,Tienda Batalla,Tienda,3,Madrid Sur,10,Marcelino Palacio,Sí,2017-06-07,
1752,Bar Soriano,Bar,4,Madrid Este,11,Tristán Laguna,Sí,2017-12-10,
1753,Bar Vilaplana,Bar,1,Madrid Centro,8,Perla Arenas,Sí,2024-07-18,
1754,Tienda Nebot,Tienda,9,Leganés,15,Simón Coello,Sí,2025-01-26,
1755,Gasolinera Cruz,Gasolinera,4,Madrid Este,11,Tristán Laguna,No,2020-07-09,2023-04-09
1756,Gasolinera Pineda,Gasolinera,4,Madrid Este,11,Tristán Laguna,Sí,2019-01-26,
1757,Tienda Huertas,Tienda,3,Madrid Sur,10,Marcelino Palacio,Sí,2017-07-27,
1758,Tienda Alcázar,Tienda,3,Madrid Sur,10,Marcelino Palacio,Sí,2023-10-24,
1759,Tienda Verdejo,Tienda,3,Madrid Sur,10,Marcelino Palacio,Sí,2024-07-30,
1760,Restaurante Zurita,Restaurante,5,Madrid Oeste,12,Manola Larrañaga,Sí,2023-04-29,
1761,Gasolinera Fernandez,Gasolinera,5,Madrid Oeste,12,Manola Larrañaga,Sí,2022-11-20,
1762,Supermercado Manzanares,Supermercado,1,Madrid Centro,8,Perla Arenas,Sí,2016-08-15,
1763,Tienda Domínguez,Tienda,2,Madrid Norte,9,Carolina Lopez,Sí,2020-04-23,
1764,Gasolinera Coca,Gasolinera,5,Madrid Oeste,12,Manola Larrañaga,Sí,2017-04-23,
1765,Bar Roca,Bar,9,Leganés,15,Simón Coello,Sí,2019-01-05,
1766,Gasolinera Anguita,Gasolinera,3,Madrid Sur,10,Marcelino Palacio,Sí,2025-08-11,
1767,Supermercado Cabrero,Supermercado,5,Madrid Oeste,12,Manola Larrañaga,Sí,2019-10-25,
1768,Restaurante Alcántara,Restaurante,2,Madrid Norte,9,Carolina Lopez,Sí,2016-10-05,
1769,Tienda Bermúdez,Tienda,4,Madrid Este,11,Tristán Laguna,Sí,2017-12-25,
1770,Bar Cisneros,Bar,4,Madrid Este,11,Tristán Laguna,Sí,2024-01-03,
1771,Restaurante Arribas,Restaurante,1,Madrid Centro,8,Perla Arenas,Sí,2018-03-09,
1772,Supermercado Toledo,Supermercado,1,Madrid Centro,8,Perla Arenas,Sí,2023-03-04,
1773,Bar Boix,Bar,6,Alcobendas,13,Bernarda Gallo,Sí,2018-10-20,
1774,Restaurante Figuerola,Restaurante,2,Madrid Norte,9,Carolina Lopez,Sí,2021-04-24,
1775,Tienda Salvà,Tienda,1,Madrid Centro,8,Perla Arenas,Sí,2022-04-24,
1776,Supermercado Galván,Supermercado,2,Madrid Norte,9,Carolina Lopez,Sí,2021-05-10,
1777,Supermercado Millán,Supermercado,1,Madrid Centro,8,Perla Arenas,Sí,2025-12-04,
1778,Bar Pablo,Bar,9,Leganés,15,Simón Coello,Sí,2025-05-20,
1779,Tienda Bas,Tienda,4,Madrid Este,11,Tristán Laguna,Sí,2017-11-30,
1780,Bar Adán,Bar,6,Alcobendas,13,Bernarda Gallo,Sí,2022-12-13,
1781,Gasolinera Olivé,Gasolinera,2,Madrid Norte,9,Carolina Lopez,Sí,2017-09-07,
1782,Bar Espinosa,Bar,5,Madrid Oeste,12,Manola Larrañaga,Sí,2020-05-18,
1783,Tienda Riquelme,Tienda,10,Móstoles,16,Baltasar Navas,Sí,2023-05-25,
1784,Gasolinera Francisco,Gasolinera,2,Madrid Norte,9,Carolina Lopez,Sí,2020-08-19,
1785,Bar Viña,Bar,5,Madrid Oeste,12,Manola Larrañaga,Sí,2024-05-08,
1786,Tienda Pavón,Tienda,8,Getafe,15,Simón Coello,No,2024-05-11,2024-09-15
1787,Gasolinera Bustos,Gasolinera,2,Madrid Norte,9,Carolina Lopez,Sí,2022-06-08,
1788,Gasolinera Carretero,Gasolinera,3,Madrid Sur,10,Marcelino Palacio,Sí,2025-04-06,
1789,Tienda Cabañas,Tienda,11,Alcorcón,16,Baltasar Navas,Sí,2025-03-20,
1790,Bar Madrigal,Bar,7,San Sebastián de los Reyes,14,Azahara Giménez,Sí,2018-10-18,
1791,Restaurante Montoya,Restaurante,10,Móstoles,16,Baltasar Navas,Sí,2016-12-16,
1792,Bar Alba,Bar,3,Madrid Sur,10,Marcelino Palacio,Sí,2025-01-15,
1793,Bar Laguna,Bar,9,Leganés,15,Simón Coello,No,2023-08-22,2024-03-09
1794,Bar Seco,Bar,1,Madrid Centro,8,Perla Arenas,Sí,2025-05-11,
1795,Restaurante Carmona,Restaurante,7,San Sebastián de los Reyes,14,Azahara Giménez,No,2021-03-21,2023-01-09
1796,Tienda Jara,Tienda,3,Madrid Sur,10,Marcelino Palacio,Sí,2023-09-08,
1797,Gasolinera Calvet,Gasolinera,6,Alcobendas,13,Bernarda Gallo,Sí,2023-10-13,
1798,Bar Casanovas,Bar,4,Madrid Este,11,Tristán Laguna,Sí,2021-11-15,
1799,Tienda Pacheco,Tienda,4,Madrid Este,11,Tristán Laguna,Sí,2025-01-08,
1800,Tienda Silva,Tienda,7,San Sebastián de los Reyes,14,Azahara Giménez,Sí,2021-01-08,
1801,Tienda Blanes,Tienda,3,Madrid Sur,10,Marcelino Palacio,Sí,2020-03-25,
1802,Restaurante Acedo,Restaurante,3,Madrid Sur,10,Marcelino Palacio,Sí,2025-09-17,
1803,Bar Contreras,Bar,5,Madrid Oeste,12,Manola Larrañaga,Sí,2021-04-08,
1804,Bar Godoy,Bar,3,Madrid Sur,10,Marcelino Palacio,Sí,2019-06-20,
1805,Tienda Rivera,Tienda,2,Madrid Norte,9,Carolina Lopez,Sí,2019-01-15,
1806,Bar Prado,Bar,4,Madrid Este,11,Tristán Laguna,No,2024-10-01,2025-12-11
1807,Bar Duque,Bar,8,Getafe,15,Simón Coello,Sí,2020-01-17,
1808,Bar Bravo,Bar,7,San Sebastián de los Reyes,14,Azahara Giménez,Sí,2023-12-04,
1809,Bar Vives,Bar,9,Leganés,15,Simón Coello,Sí,2018-07-02,
1810,Bar Gil,Bar,2,Madrid Norte,9,Carolina Lopez,Sí,2025-10-28,
1811,Bar Uriarte,Bar,1,Madrid Centro,8,Perla Arenas,Sí,2023-03-31,
1812,Tienda Arregui,Tienda,2,Madrid Norte,9,Carolina Lopez,Sí,2023-03-20,
1813,Restaurante Gracia,Restaurante,4,Madrid Este,11,Tristán Laguna,Sí,2020-05-30,
1814,Bar Plaza,Bar,11,Alcorcón,16,Baltasar Navas,Sí,2024-02-23,
1815,Restaurante Querol,Restaurante,5,Madrid Oeste,12,Manola Larrañaga,Sí,2016-07-04,
1816,Bar Aragonés,Bar,1,Madrid Centro,8,Perla Arenas,Sí,2019-09-08,
1817,Tienda Losa,Tienda,3,Madrid Sur,10,Marcelino Palacio,Sí,2020-06-23,
1818,Bar Vilalta,Bar,1,Madrid Centro,8,Perla Arenas,Sí,2024-02-10,
1819,Tienda Campillo,Tienda,7,San Sebastián de los Reyes,14,Azahara Giménez,Sí,2023-11-03,
1820,Bar Peral,Bar,8,Getafe,15,Simón Coello,Sí,2020-01-26,
1821,Bar Barral,Bar,9,Leganés,15,Simón Coello,Sí,2017-06-09,
1822,Bar Benitez,Bar,2,Madrid Norte,9,Carolina Lopez,Sí,2018-07-21,
1823,Bar Castell,Bar,2,Madrid Norte,9,Carolina Lopez,Sí,2019-02-17,
1824,Bar Lumbreras,Bar,4,Madrid Este,11,Tristán Laguna,Sí,2022-11-20,
1825,Bar Fuster,Bar,5,Madrid Oeste,12,Manola Larrañaga,Sí,2024-11-18,
1826,Bar Peláez,Bar,8,Getafe,15,Simón Coello,Sí,2024-01-04,
1827,Restaurante España,Restaurante,7,San Sebastián de los Reyes,14,Azahara Giménez,No,2022-01-10,2022-08-13
1828,Bar Bello,Bar,4,Madrid Este,11,Tristán Laguna,Sí,2020-06-30,
1829,Bar Cabeza,Bar,1,Madrid Centro,8,Perla Arenas,No,2022-03-13,2022-09-15
1830,Bar Soto,Bar,5,Madrid Oeste,12,Manola Larrañaga,Sí,2021-04-09,
1831,Bar Olmo,Bar,9,Leganés,15,Simón Coello,Sí,2016-12-21,
1832,Tienda Guzman,Tienda,2,Madrid Norte,9,Carolina Lopez,Sí,2024-12-26,
1833,Supermercado Núñez,Supermercado,12,Fuenlabrada,17,Armando Caparrós,Sí,2019-07-07,
1834,Bar Peláez,Bar,5,Madrid Oeste,12,Manola Larrañaga,No,2021-08-04,2024-04-30
1835,Gasolinera Araujo,Gasolinera,2,Madrid Norte,9,Carolina Lopez,No,2022-10-14,2023-03-28
1836,Bar Tirado,Bar,7,San Sebastián de los Reyes,14,Azahara Giménez,Sí,2025-07-25,
1837,Bar Higueras,Bar,2,Madrid Norte,9,Carolina Lopez,Sí,2018-03-27,
1838,Gasolinera Arjona,Gasolinera,1,Madrid Centro,8,Perla Arenas,Sí,2018-08-15,
1839,Restaurante Amador,Restaurante,11,Alcorcón,16,Baltasar Navas,Sí,2018-05-16,
1840,Bar Portero,Bar,2,Madrid Norte,9,Carolina Lopez,Sí,2023-03-24,
1841,Bar Amorós,Bar,3,Madrid Sur,10,Marcelino Palacio,No,2022-02-05,2025-06-12
1842,Supermercado Sevillano,Supermercado,1,Madrid Centro,8,Perla Arenas,Sí,2018-04-05,
1843,Bar Soto,Bar,4,Madrid Este,11,Tristán Laguna,Sí,2019-11-11,
1844,Tienda Madrigal,Tienda,1,Madrid Centro,8,Perla Arenas,Sí,2020-07-20,
1845,Restaurante Tomas,Restaurante,8,Getafe,15,Simón Coello,Sí,2024-10-25,
1846,Bar Baquero,Bar,3,Madrid Sur,10,Marcelino Palacio,Sí,2023-02-25,
1847,Bar Bosch,Bar,5,Madrid Oeste,12,Manola Larrañaga,No,2020-06-14,2021-11-06
1848,Bar Arce,Bar,4,Madrid Este,11,Tristán Laguna,Sí,2024-07-28,
1849,Restaurante Font,Restaurante,1,Madrid Centro,8,Perla Arenas,Sí,2019-08-10,
1850,Bar Cañas,Bar,1,Madrid Centro,8,Perla Arenas,Sí,2025-08-20,
1851,Bar Gámez,Bar,2,Madrid Norte,9,Carolina Lopez,Sí,2021-05-26,
1852,Tienda Núñez,Tienda,9,Leganés,15,Simón Coello,Sí,2019-01-20,
1853,Bar Arrieta,Bar,1,Madrid Centro,8,Perla Arenas,Sí,2017-11-20,
1854,Bar Páez,Bar,5,Madrid Oeste,12,Manola Larrañaga,No,2024-12-18,2025-07-02
1855,Restaurante Piquer,Restaurante,5,Madrid Oeste,12,Manola Larrañaga,No,2023-12-30,2025-02-20
1856,Bar Moliner,Bar,1,Madrid Centro,8,Perla Arenas,Sí,2024-04-03,
1857,Bar Iriarte,Bar,10,Móstoles,16,Baltasar Navas,Sí,2021-09-21,
1858,Restaurante Rodríguez,Restaurante,6,Alcobendas,13,Bernarda Gallo,Sí,2018-07-20,
1859,Gasolinera Elías,Gasolinera,7,San Sebastián de los Reyes,14,Azahara Giménez,Sí,2025-01-10,
1860,Bar Robledo,Bar,3,Madrid Sur,10,Marcelino Palacio,No,2020-04-29,2021-10-06
1861,Bar Laguna,Bar,7,San Sebastián de los Reyes,14,Azahara Giménez,Sí,2025-04-22,
1862,Bar Arnaiz,Bar,6,Alcobendas,13,Bernarda Gallo,Sí,2019-04-12,
1863,Bar Quintana,Bar,2,Madrid Norte,9,Carolina Lopez,Sí,2025-08-18,
1864,Tienda Anaya,Tienda,6,Alcobendas,13,Bernarda Gallo,Sí,2021-04-08,
1865,Restaurante Arrieta,Restaurante,2,Madrid Norte,9,Carolina Lopez,Sí,2017-03-02,
1866,Tienda Dávila,Tienda,12,Fuenlabrada,17,Armando Caparrós,Sí,2025-07-05,
1867,Bar Adadia,Bar,5,Madrid Oeste,12,Manola Larrañaga,Sí,2024-01-16,
1868,Restaurante Ramón,Restaurante,10,Móstoles,16,Baltasar Navas,Sí,2018-06-08,
1869,Tienda Palacios,Tienda,1,Madrid Centro,8,Perla Arenas,No,2023-08-05,2024-09-03
1870,Tienda Calvo,Tienda,3,Madrid Sur,10,Marcelino Palacio,Sí,2021-04-12,
1871,Bar Alegre,Bar,3,Madrid Sur,10,Marcelino Palacio,Sí,2023-01-29,
1872,Supermercado Nuñez,Supermercado,3,Madrid Sur,10,Marcelino Palacio,Sí,2021-10-06,
1873,Tienda Guerra,Tienda,2,Madrid Norte,9,Carolina Lopez,Sí,2019-12-17,
1874,Bar Coronado,Bar,2,Madrid Norte,9,Carolina Lopez,Sí,2018-05-03,
1875,Restaurante Morcillo,Restaurante,2,Madrid Norte,9,Carolina Lopez,Sí,2022-08-20,
1876,Bar Amo,Bar,5,Madrid Oeste,12,Manola Larrañaga,Sí,2025-01-13,
1877,Bar Vara,Bar,3,Madrid Sur,10,Marcelino Palacio,Sí,2021-01-17,
1878,Bar Zapata,Bar,7,San Sebastián de los Reyes,14,Azahara Giménez,Sí,2018-03-22,
1879,Bar Vidal,Bar,2,Madrid Norte,9,Carolina Lopez,No,2020-06-02,2020-06-15
1880,Supermercado Posada,Supermercado,4,Madrid Este,11,Tristán Laguna,Sí,2018-02-22,
1881,Restaurante Antúnez,Restaurante,11,Alcorcón,16,Baltasar Navas,Sí,2023-04-20,
1882,Bar Bustos,Bar,3,Madrid Sur,10,Marcelino Palacio,Sí,2020-09-20,
1883,Bar Ugarte,Bar,8,Getafe,15,Simón Coello,Sí,2023-04-22,
1884,Tienda Franch,Tienda,6,Alcobendas,13,Bernarda Gallo,Sí,2020-03-14,
1885,Tienda Carvajal,Tienda,11,Alcorcón,16,Baltasar Navas,Sí,2017-07-08,
1886,Tienda Esteban,Tienda,1,Madrid Centro,8,Perla Arenas,Sí,2025-09-19,
1887,Bar Cerezo,Bar,9,Leganés,15,Simón Coello,Sí,2021-12-06,
1888,Bar Tomás,Bar,2,Madrid Norte,9,Carolina Lopez,Sí,2018-09-19,
1889,Bar Giner,Bar,8,Getafe,15,Simón Coello,Sí,2024-02-03,
1890,Bar Gabaldón,Bar,2,Madrid Norte,9,Carolina Lopez,Sí,2021-07-03,
1891,Bar Plaza,Bar,2,Madrid Norte,9,Carolina Lopez,Sí,2020-03-11,
1892,Tienda Pinilla,Tienda,9,Leganés,15,Simón Coello,Sí,2018-02-01,
1893,Supermercado Valderrama,Supermercado,4,Madrid Este,11,Tristán Laguna,Sí,2025-01-19,
1894,Tienda Ballesteros,Tienda,5,Madrid Oeste,12,Manola Larrañaga,Sí,2025-02-17,
1895,Bar Pino,Bar,3,Madrid Sur,10,Marcelino Palacio,Sí,2020-08-09,
1896,Bar Caballero,Bar,3,Madrid Sur,10,Marcelino Palacio,Sí,2024-04-27,
1897,Bar Cervantes,Bar,2,Madrid Norte,9,Carolina Lopez,Sí,2019-05-02,
1898,Bar Marin,Bar,7,San Sebastián de los Reyes,14,Azahara Giménez,Sí,2025-09-23,
1899,Tienda Cueto,Tienda,9,Leganés,15,Simón Coello,Sí,2024-08-26,
1900,Bar Bolaños,Bar,4,Madrid Este,11,Tristán Laguna,Sí,2024-04-06,
1901,Restaurante Urrutia,Restaurante,1,Madrid Centro,8,Perla Arenas,Sí,2021-02-06,
1902,Gasolinera Prats,Gasolinera,3,Madrid Sur,10,Marcelino Palacio,Sí,2022-12-13,
1903,Tienda Viñas,Tienda,2,Madrid Norte,9,Carolina Lopez,Sí,2024-11-23,
1904,Supermercado Tur,Supermercado,6,Alcobendas,13,Bernarda Gallo,Sí,2017-08-04,
1905,Tienda Guitart,Tienda,11,Alcorcón,16,Baltasar Navas,Sí,2021-01-26,
1906,Tienda Alcántara,Tienda,3,Madrid Sur,10,Marcelino Palacio,Sí,2021-07-08,
1907,Bar Campo,Bar,6,Alcobendas,13,Bernarda Gallo,Sí,2019-12-06,
1908,Bar Valencia,Bar,1,Madrid Centro,8,Perla Arenas,Sí,2017-01-04,
1909,Bar Pazos,Bar,6,Alcobendas,13,Bernarda Gallo,Sí,2022-03-31,
1910,Restaurante Marqués,Restaurante,4,Madrid Este,11,Tristán Laguna,No,2022-08-27,2024-12-25
1911,Tienda Losa,Tienda,6,Alcobendas,13,Bernarda Gallo,Sí,2023-11-15,
1912,Bar Alfonso,Bar,9,Leganés,15,Simón Coello,No,2020-02-02,2021-08-20
1913,Bar Prado,Bar,4,Madrid Este,11,Tristán Laguna,Sí,2024-07-22,
1914,Bar Ordóñez,Bar,2,Madrid Norte,9,Carolina Lopez,Sí,2021-07-21,
1915,Bar Belmonte,Bar,3,Madrid Sur,10,Marcelino Palacio,Sí,2020-06-04,
1916,Bar Requena,Bar,1,Madrid Centro,8,Perla Arenas,Sí,2016-08-18,
1917,Bar Vendrell,Bar,1,Madrid Centro,8,Perla Arenas,Sí,2022-08-08,
1918,Restaurante Acuña,Restaurante,6,Alcobendas,13,Bernarda Gallo,Sí,2021-01-12,
1919,Bar Larrañaga,Bar,3,Madrid Sur,10,Marcelino Palacio,Sí,2020-07-14,
1920,Bar Pérez,Bar,10,Móstoles,16,Baltasar Navas,Sí,2023-08-16,
1921,Bar Cortina,Bar,5,Madrid Oeste,12,Manola Larrañaga,Sí,2022-10-28,
1922,Bar Expósito,Bar,1,Madrid Centro,8,Perla Arenas,Sí,2018-12-10,
1923,Restaurante Giner,Restaurante,1,Madrid Centro,8,Perla Arenas,Sí,2025-05-02,
1924,Tienda Torres,Tienda,7,San Sebastián de los Reyes,14,Azahara Giménez,Sí,2020-07-27,
1925,Restaurante Velasco,Restaurante,1,Madrid Centro,8,Perla Arenas,Sí,2017-06-02,
1926,Tienda Vega,Tienda,1,Madrid Centro,8,Perla Arenas,Sí,2022-01-23,
1927,Bar Comas,Bar,6,Alcobendas,13,Bernarda Gallo,No,2018-07-10,2025-11-11
1928,Bar Sanjuan,Bar,3,Madrid Sur,10,Marcelino Palacio,Sí,2023-12-08,
1929,Bar Pinilla,Bar,10,Móstoles,16,Baltasar Navas,Sí,2021-02-13,
1930,Gasolinera Oliver,Gasolinera,3,Madrid Sur,10,Marcelino Palacio,Sí,2018-04-22,
1931,Restaurante Pujol,Restaurante,6,Alcobendas,13,Bernarda Gallo,Sí,2022-09-08,
1932,Bar Cuesta,Bar,8,Getafe,15,Simón Coello,Sí,2021-02-08,
1933,Bar Perez,Bar,4,Madrid Este,11,Tristán Laguna,Sí,2017-01-13,
1934,Bar Manuel,Bar,6,Alcobendas,13,Bernarda Gallo,No,2020-11-09,2024-07-05
1935,Restaurante Sastre,Restaurante,7,San Sebastián de los Reyes,14,Azahara Giménez,No,2025-04-27,2025-11-10
1936,Gasolinera Cuevas,Gasolinera,3,Madrid Sur,10,Marcelino Palacio,Sí,2022-01-22,
1937,Bar Oller,Bar,9,Leganés,15,Simón Coello,Sí,2022-10-12,
1938,Supermercado Valderrama,Supermercado,8,Getafe,15,Simón Coello,Sí,2021-04-02,
1939,Bar Matas,Bar,7,San Sebastián de los Reyes,14,Azahara Giménez,Sí,2023-11-22,
1940,Supermercado Galvez,Supermercado,8,Getafe,15,Simón Coello,Sí,2022-04-26,
1941,Bar González,Bar,2,Madrid Norte,9,Carolina Lopez,Sí,2022-02-05,
1942,Bar Hernando,Bar,4,Madrid Este,11,Tristán Laguna,Sí,2020-10-30,
1943,Supermercado Paz,Supermercado,3,Madrid Sur,10,Marcelino Palacio,Sí,2023-04-02,
1944,Gasolinera Isern,Gasolinera,3,Madrid Sur,10,Marcelino Palacio,Sí,2025-04-06,
1945,Bar Aller,Bar,8,Getafe,15,Simón Coello,No,2024-06-05,2025-07-19
1946,Supermercado León,Supermercado,4,Madrid Este,11,Tristán Laguna,Sí,2018-10-05,
1947,Gasolinera Adán,Gasolinera,4,Madrid Este,11,Tristán Laguna,Sí,2018-11-07,
1948,Bar Sobrino,Bar,1,Madrid Centro,8,Perla Arenas,Sí,2024-03-18,
1949,Bar Olmo,Bar,1,Madrid Centro,8,Perla Arenas,Sí,2018-05-17,
1950,Bar Caro,Bar,8,Getafe,15,Simón Coello,Sí,2019-04-26,
1951,Bar Gomila,Bar,3,Madrid Sur,10,Marcelino Palacio,Sí,2017-09-09,
1952,Gasolinera Camacho,Gasolinera,7,San Sebastián de los Reyes,14,Azahara Giménez,Sí,2022-04-17,
1953,Bar Gisbert,Bar,3,Madrid Sur,10,Marcelino Palacio,Sí,2020-03-17,
1954,Bar Millán,Bar,12,Fuenlabrada,17,Armando Caparrós,Sí,2016-10-07,
1955,Bar Sarmiento,Bar,5,Madrid Oeste,12,Manola Larrañaga,Sí,2025-08-28,
1956,Bar Garmendia,Bar,6,Alcobendas,13,Bernarda Gallo,Sí,2019-11-04,
1957,Bar Girón,Bar,4,Madrid Este,11,Tristán Laguna,Sí,2017-12-27,
1958,Gasolinera Sosa,Gasolinera,1,Madrid Centro,8,Perla Arenas,Sí,2020-07-13,
1959,Gasolinera Mur,Gasolinera,7,San Sebastián de los Reyes,14,Azahara Giménez,Sí,2024-04-27,
1960,Gasolinera Chacón,Gasolinera,2,Madrid Norte,9,Carolina Lopez,Sí,2021-10-14,
1961,Supermercado Barceló,Supermercado,6,Alcobendas,13,Bernarda Gallo,Sí,2019-11-30,
1962,Tienda Durán,Tienda,10,Móstoles,16,Baltasar Navas,No,2021-07-06,2024-10-13
1963,Gasolinera Marco,Gasolinera,6,Alcobendas,13,Bernarda Gallo,Sí,2017-08-28,
1964,Gasolinera Vilalta,Gasolinera,2,Madrid Norte,9,Carolina Lopez,Sí,2025-11-30,
1965,Gasolinera Sureda,Gasolinera,9,Leganés,15,Simón Coello,Sí,2021-12-12,
1966,Bar Diego,Bar,4,Madrid Este,11,Tristán Laguna,Sí,2018-01-24,
1967,Bar Santamaría,Bar,6,Alcobendas,13,Bernarda Gallo,Sí,2020-11-09,
1968,Restaurante Losada,Restaurante,4,Madrid Este,11,Tristán Laguna,Sí,2020-07-20,
1969,Gasolinera Galindo,Gasolinera,1,Madrid Centro,8,Perla Arenas,No,2016-07-10,2022-01-15
1970,Bar Alemán,Bar,1,Madrid Centro,8,Perla Arenas,Sí,2019-04-18,
1971,Tienda Raya,Tienda,2,Madrid Norte,9,Carolina Lopez,Sí,2025-12-21,
1972,Bar Hervás,Bar,8,Getafe,15,Simón Coello,Sí,2019-03-25,
1973,Bar Boada,Bar,11,Alcorcón,16,Baltasar Navas,Sí,2017-08-21,
1974,Tienda Ferrández,Tienda,1,Madrid Centro,8,Perla Arenas,Sí,2018-01-06,
1975,Bar Dalmau,Bar,2,Madrid Norte,9,Carolina Lopez,Sí,2024-09-03,
1976,Bar Carreras,Bar,8,Getafe,15,Simón Coello,Sí,2019-05-03,
1977,Bar Sevilla,Bar,4,Madrid Este,11,Tristán Laguna,Sí,2024-12-25,
1978,Bar Abellán,Bar,1,Madrid Centro,8,Perla Arenas,Sí,2021-11-01,
1979,Bar Peiró,Bar,3,Madrid Sur,10,Marcelino Palacio,Sí,2025-05-20,
1980,Restaurante Blasco,Restaurante,6,Alcobendas,13,Bernarda Gallo,Sí,2021-10-09,
1981,Bar Real,Bar,7,San Sebastián de los Reyes,14,Azahara Giménez,Sí,2020-02-15,
1982,Supermercado Menendez,Supermercado,7,San Sebastián de los Reyes,14,Azahara Giménez,No,2020-07-07,2023-02-24
1983,Bar Riera,Bar,11,Alcorcón,16,Baltasar Navas,Sí,2018-05-05,
1984,Supermercado Roma,Supermercado,1,Madrid Centro,8,Perla Arenas,Sí,2022-07-20,
1985,Bar Cózar,Bar,1,Madrid Centro,8,Perla Arenas,Sí,2017-04-03,
1986,Tienda Rodríguez,Tienda,9,Leganés,15,Simón Coello,Sí,2021-05-12,
1987,Bar Vidal,Bar,1,Madrid Centro,8,Perla Arenas,Sí,2022-11-12,
1988,Bar Rodríguez,Bar,2,Madrid Norte,9,Carolina Lopez,Sí,2016-11-25,
1989,Bar Bilbao,Bar,1,Madrid Centro,8,Perla Arenas,Sí,2024-03-26,
1990,Bar Bello,Bar,6,Alcobendas,13,Bernarda Gallo,Sí,2022-07-06,
1991,Supermercado Bayón,Supermercado,2,Madrid Norte,9,Carolina Lopez,Sí,2025-06-20,
1992,Bar Padilla,Bar,3,Madrid Sur,10,Marcelino Palacio,Sí,2018-12-29,
1993,Bar Cuadrado,Bar,9,Leganés,15,Simón Coello,Sí,2017-07-29,
1994,Tienda Piñeiro,Tienda,5,Madrid Oeste,12,Manola Larrañaga,Sí,2019-04-06,
1995,Bar Muro,Bar,8,Getafe,15,Simón Coello,Sí,2018-06-04,
1996,Restaurante Romero,Restaurante,2,Madrid Norte,9,Carolina Lopez,Sí,2019-10-12,
1997,Gasolinera Rosado,Gasolinera,7,San Sebastián de los Reyes,14,Azahara Giménez,Sí,2025-06-13,
1998,Gasolinera Malo,Gasolinera,2,Madrid Norte,9,Carolina Lopez,Sí,2018-08-23,
1999,Bar Mulet,Bar,9,Leganés,15,Simón Coello,Sí,2023-05-25,
2000,Restaurante Porras,Restaurante,4,Madrid Este,11,Tristán Laguna,Sí,2017-07-17,
