productividad_id,fecha_id,empleado_id,pedidos_gestionados,importe_vendido,objetivo_diario,cumplimiento_pct
1,20210104,8,1,191.37,1198,15.97
2,20210104,9,2,680.38,1017,66.9
3,20210104,10,5,446.81,1344,33.24
4,20210104,11,2,262.67,1247,21.06
5,20210104,12,1,57.71,1136,5.08
6,20210104,13,2,257.9,791,32.6
7,20210104,14,1,218.25,719,30.35
8,20210104,15,4,296.61,1161,25.55
9,20210105,8,1,132.4,1237,10.7
10,20210105,9,4,302.45,902,33.53
11,20210105,10,2,142.47,1483,9.61
12,20210105,12,2,79.03,1024,7.72
13,20210105,13,2,256.17,600,42.69
14,20210105,14,2,229.65,814,28.21
15,20210105,15,2,523.41,1285,40.73
16,20210105,16,1,53.16,774,6.87
17,20210105,17,1,77.28,954,8.1
18,20210107,8,2,174.29,1111,15.69
19,20210107,9,2,151.12,660,22.9
20,20210107,10,3,189.29,1048,18.06
21,20210107,12,2,167.26,710,23.56
22,20210107,13,1,105.34,1398,7.54
23,20210107,15,4,239.48,1318,18.17
24,20210107,16,3,376.83,1079,34.92
25,20210108,9,3,269.94,1781,15.16
26,20210108,10,2,187.84,866,21.69
27,20210108,11,1,13.53,1673,0.81
28,20210108,12,1,48.99,1553,3.15
29,20210108,13,2,86.2,1619,5.32
30,20210108,14,1,43.68,1629,2.68
31,20210108,15,4,369.53,670,55.15
32,20210111,8,7,592.49,1537,38.55
33,20210111,9,1,92.19,1621,5.69
34,20210111,10,1,102.04,821,12.43
35,20210111,11,4,417.9,1648,25.36
36,20210111,12,5,484.55,1169,41.45
37,20210111,13,1,90.55,638,14.19
38,20210111,14,1,78.39,910,8.61
39,20210111,15,2,184.95,1343,13.77
40,20210111,16,1,23.06,616,3.74
41,20210112,8,5,436.28,866,50.38
42,20210112,10,1,51.5,682,7.55
43,20210112,14,1,385.04,1498,25.7
44,20210112,15,3,135.23,1073,12.6
45,20210112,16,1,53.46,732,7.3
46,20210113,8,4,229.1,635,36.08
47,20210113,10,4,364.09,887,41.05
48,20210113,12,3,277.58,630,44.06
49,20210113,14,2,322.16,749,43.01
50,20210113,15,3,211.81,656,32.29
51,20210114,8,3,751.2,666,112.79
52,20210114,9,1,98.28,1518,6.47
53,20210114,11,1,109.59,703,15.59
54,20210114,12,1,121.1,1652,7.33
55,20210114,13,2,243.25,1468,16.57
56,20210114,14,1,117.87,835,14.12
57,20210114,17,1,54.44,1765,3.08
58,20210115,8,1,244.57,1757,13.92
59,20210115,9,2,297.32,1192,24.94
60,20210115,10,1,42.32,1439,2.94
61,20210115,11,2,302.71,761,39.78
62,20210115,12,5,1384.48,1295,106.91
63,20210115,13,2,275.23,727,37.86
64,20210115,14,2,136.02,1046,13.0
65,20210115,15,3,218.57,1226,17.83
66,20210118,8,3,140.67000000000002,1286,10.94
67,20210118,9,1,46.36,1626,2.85
68,20210118,10,1,81.47,1193,6.83
69,20210118,12,7,678.5799999999999,1762,38.51
70,20210118,13,4,286.68,1455,19.7
71,20210118,14,1,107.04,1178,9.09
72,20210118,15,4,373.45,1576,23.7
73,20210118,16,2,242.23,763,31.75
74,20210119,8,1,20.48,1044,1.96
75,20210119,9,3,122.74,1070,11.47
76,20210119,10,1,84.22,1750,4.81
77,20210119,11,4,478.8200000000001,1419,33.74
78,20210119,13,2,143.4,1712,8.38
79,20210119,15,2,113.98,931,12.24
80,20210119,16,2,160.85,794,20.26
81,20210119,17,3,455.92,1152,39.58
82,20210120,9,5,321.04,722,44.47
83,20210120,10,3,203.03,684,29.68
84,20210120,11,1,57.49000000000001,1143,5.03
85,20210120,12,1,27.06,1443,1.88
86,20210120,13,1,81.44999999999999,1520,5.36
87,20210120,14,4,164.7,1403,11.74
88,20210120,15,1,132.42000000000002,642,20.63
89,20210120,16,2,149.42,1454,10.28
90,20210120,17,1,107.51,1434,7.5
91,20210121,8,1,59.42,1713,3.47
92,20210121,10,1,127.36,1116,11.41
93,20210121,12,1,13.62,1342,1.01
94,20210121,13,1,151.19,836,18.08
95,20210121,15,1,104.85,922,11.37
96,20210121,17,1,94.66,695,13.62
97,20210122,9,1,44.53,1094,4.07
98,20210122,10,2,99.44,1313,7.57
99,20210122,12,1,21.18,1300,1.63
100,20210122,14,2,121.85,650,18.75
101,20210122,15,1,375.56,1596,23.53
102,20210122,16,2,251.83,1567,16.07
103,20210125,8,2,295.77,630,46.95
104,20210125,9,1,54.85,913,6.01
105,20210125,12,1,59.62,809,7.37
106,20210125,13,2,121.12,796,15.22
107,20210125,14,1,97.53,1351,7.22
108,20210125,15,3,192.31,960,20.03
109,20210125,16,1,125.68,1564,8.04
110,20210125,17,1,93.82,1715,5.47
111,20210126,9,1,169.08,1469,11.51
112,20210126,10,1,39.150000000000006,1056,3.71
113,20210126,13,1,138.08,967,14.28
114,20210126,14,1,81.07,1634,4.96
115,20210126,15,2,243.18,1050,23.16
116,20210126,16,1,60.77,816,7.45
117,20210126,17,1,124.08,1259,9.86
118,20210127,8,1,73.32,1629,4.5
119,20210127,9,3,593.0600000000001,1244,47.67
120,20210127,11,5,430.28,1210,35.56
121,20210127,12,2,112.07,1493,7.51
122,20210127,13,1,101.3,1191,8.51
123,20210127,14,1,118.72,1540,7.71
124,20210127,15,3,246.68,1427,17.29
125,20210128,8,6,826.8,1736,47.63
126,20210128,9,7,526.1,958,54.92
127,20210128,10,2,135.82,1463,9.28
128,20210128,12,1,86.22,735,11.73
129,20210128,13,2,160.79,1570,10.24
130,20210128,14,2,147.82,1772,8.34
131,20210128,15,2,99.7,797,12.51
132,20210128,16,3,213.82,1719,12.44
133,20210129,8,1,56.81,934,6.08
134,20210129,9,1,130.62,1279,10.21
135,20210129,10,3,542.49,1295,41.89
136,20210129,12,3,210.54,1460,14.42
137,20210129,13,1,73.88000000000001,1127,6.56
138,20210129,16,1,95.87,1267,7.57
139,20210201,8,1,38.72,1359,2.85
140,20210201,10,1,141.06,1758,8.02
141,20210201,11,2,210.48,783,26.88
142,20210201,12,2,208.91,991,21.08
143,20210201,13,1,27.94,1174,2.38
144,20210201,14,1,116.02,1239,9.36
145,20210201,15,2,111.82,1265,8.84
146,20210201,16,2,268.96,1429,18.82
147,20210201,17,1,95.53,1798,5.31
148,20210202,8,1,57.64,1358,4.24
149,20210202,9,1,113.82,1305,8.72
150,20210202,10,1,46.89,1323,3.54
151,20210202,11,1,221.28,1774,12.47
152,20210202,12,4,689.21,788,87.46
153,20210202,14,1,100.87,1470,6.86
154,20210202,15,1,29.41,1532,1.92
155,20210203,8,1,391.61,730,53.65
156,20210203,9,2,133.33,1185,11.25
157,20210203,12,1,36.09,1013,3.56
158,20210203,14,2,93.04,1296,7.18
159,20210203,15,1,80.81,1313,6.15
160,20210203,16,2,202.36,1095,18.48
161,20210204,8,6,597.47,858,69.64
162,20210204,10,1,155.74,712,21.87
163,20210204,11,1,195.49,1146,17.06
164,20210204,13,3,199.53,1721,11.59
165,20210204,14,1,54.290000000000006,1315,4.13
166,20210204,15,3,243.95,1656,14.73
167,20210204,16,1,114.82,1410,8.14
168,20210205,8,3,319.4,1088,29.36
169,20210205,10,3,221.63,1395,15.89
170,20210205,11,3,229.09,1010,22.68
171,20210205,13,1,97.48,1479,6.59
172,20210205,15,2,127.03,707,17.97
173,20210205,16,1,199.4,1226,16.26
174,20210208,9,1,84.85,1382,6.14
175,20210208,10,1,36.06,1370,2.63
176,20210208,14,2,277.66,1743,15.93
177,20210208,16,1,206.49,1678,12.31
178,20210209,9,1,60.81,1154,5.27
179,20210209,10,2,99.4,666,14.92
180,20210209,11,1,100.8,1619,6.23
181,20210209,14,2,430.82,1328,32.44
182,20210209,15,2,305.6,706,43.29
183,20210210,8,3,355.48,1664,21.36
184,20210210,9,1,296.41,797,37.19
185,20210210,12,2,399.63,710,56.29
186,20210210,14,1,548.91,609,90.13
187,20210210,15,3,272.38,1151,23.66
188,20210210,16,1,119.15,1019,11.69
189,20210210,17,1,35.96,733,4.91
190,20210211,8,4,454.66,1650,27.56
191,20210211,9,2,165.29,1205,13.72
192,20210211,10,1,146.34,671,21.81
193,20210211,11,1,4.54,765,0.59
194,20210211,12,1,72.85,1215,6.0
195,20210211,13,4,480.58,1402,34.28
196,20210211,14,1,105.22,1650,6.38
197,20210211,15,1,86.18,735,11.73
198,20210212,8,1,43.18,735,5.87
199,20210212,9,2,176.16,752,23.43
200,20210212,10,6,542.06,1783,30.4
201,20210212,11,3,239.15,1115,21.45
202,20210212,13,1,81.84,1349,6.07
203,20210212,14,1,132.59,1477,8.98
204,20210212,15,2,61.14,1520,4.02
205,20210212,16,2,156.23,1423,10.98
206,20210212,17,1,266.46000000000004,1683,15.83
207,20210215,8,3,348.76000000000005,1161,30.04
208,20210215,9,1,56.06,1196,4.69
209,20210215,10,1,120.8,1382,8.74
210,20210215,12,1,86.15,1552,5.55
211,20210215,13,1,24.36,925,2.63
212,20210215,14,1,153.96,1061,14.51
213,20210215,15,2,77.29,1192,6.48
214,20210215,16,2,320.19,1645,19.46
215,20210216,9,1,145.78,916,15.91
216,20210216,10,2,236.64,1359,17.41
217,20210216,12,1,87.0,1612,5.4
218,20210216,13,1,90.75,896,10.13
219,20210216,15,1,170.83999999999995,954,17.91
220,20210216,16,1,654.76,1211,54.07
221,20210217,8,2,128.1,1149,11.15
222,20210217,9,1,160.36,1367,11.73
223,20210217,10,2,360.34,1589,22.68
224,20210217,12,1,9.08,1465,0.62
225,20210217,13,1,186.91,1280,14.6
226,20210217,14,1,32.8,1063,3.09
227,20210217,15,4,273.09,781,34.97
228,20210217,16,2,176.64999999999998,863,20.47
229,20210218,8,2,298.01,1632,18.26
230,20210218,9,1,21.12,1642,1.29
231,20210218,10,3,395.39,1577,25.07
232,20210218,11,1,60.2,1241,4.85
233,20210218,12,1,65.55,710,9.23
234,20210218,13,3,187.03,688,27.18
235,20210218,15,2,236.7,1180,20.06
236,20210218,16,1,108.94,1577,6.91
237,20210218,17,1,130.22,1632,7.98
238,20210219,8,3,167.9,612,27.43
239,20210219,9,2,146.72,989,14.84
240,20210219,10,2,739.96,1006,73.55
241,20210219,12,3,170.98999999999998,1109,15.42
242,20210219,14,2,174.99,659,26.55
243,20210219,15,5,283.28,1682,16.84
244,20210219,16,2,182.77,1395,13.1
245,20210222,9,2,32.56,1430,2.28
246,20210222,10,1,143.13,1644,8.71
247,20210222,11,2,270.1,870,31.05
248,20210222,12,2,397.51,738,53.86
249,20210222,14,4,359.29,1334,26.93
250,20210222,17,1,21.12,1261,1.67
251,20210223,8,3,335.4,1534,21.86
252,20210223,10,1,111.35,699,15.93
253,20210223,11,1,72.25999999999999,1141,6.33
254,20210223,12,3,235.84,1303,18.1
255,20210223,15,1,93.34,654,14.27
256,20210223,16,1,110.84,1447,7.66
257,20210224,11,3,358.63,899,39.89
258,20210224,15,2,380.01,1639,23.19
259,20210224,16,2,214.46,1581,13.56
260,20210224,17,2,449.39,1762,25.5
261,20210225,9,2,606.61,1537,39.47
262,20210225,10,3,1004.81,1678,59.88
263,20210225,11,1,46.04,1159,3.97
264,20210225,13,1,104.65,694,15.08
265,20210225,14,2,112.64,1337,8.42
266,20210225,15,3,887.66,1475,60.18
267,20210225,16,3,298.79,1109,26.94
268,20210226,8,1,19.17,1585,1.21
269,20210226,10,1,86.37,1386,6.23
270,20210226,11,3,221.24,904,24.47
271,20210226,12,4,497.18,1192,41.71
272,20210226,13,2,153.55,1294,11.87
273,20210226,14,4,308.29,1744,17.68
274,20210226,15,2,281.67,1743,16.16
275,20210226,16,1,0.0,1273,0.0
276,20210226,17,1,105.04,1149,9.14
277,20210301,8,2,232.07,1497,15.5
278,20210301,10,2,202.69,938,21.61
279,20210301,11,2,162.7,1117,14.57
280,20210301,12,3,182.64,1350,13.53
281,20210301,13,1,71.28,1434,4.97
282,20210301,14,3,80.51,1265,6.36
283,20210301,15,1,68.86,1022,6.74
284,20210302,8,1,117.43,1079,10.88
285,20210302,9,3,359.03000000000003,1028,34.93
286,20210302,10,2,100.6,1507,6.68
287,20210302,11,2,126.12,803,15.71
288,20210302,13,2,144.82999999999998,907,15.97
289,20210302,15,2,170.57,796,21.43
290,20210302,16,2,117.07,1496,7.83
291,20210303,8,3,230.21,807,28.53
292,20210303,10,2,278.83,1216,22.93
293,20210303,11,1,42.94,1064,4.04
294,20210303,12,2,70.96,1495,4.75
295,20210303,15,1,44.34,1328,3.34
296,20210303,16,2,112.78,1670,6.75
297,20210304,8,1,43.13,1079,4.0
298,20210304,9,5,779.98,620,125.8
299,20210304,10,2,235.15,801,29.36
300,20210304,11,1,175.61,893,19.67
301,20210304,12,3,163.81,1632,10.04
302,20210304,13,1,21.3,1220,1.75
303,20210304,15,5,655.9200000000001,805,81.48
304,20210305,8,3,181.13,983,18.43
305,20210305,9,1,149.91,1649,9.09
306,20210305,10,2,370.1,1193,31.02
307,20210305,11,1,15.24,685,2.22
308,20210305,13,2,168.47,721,23.37
309,20210305,14,3,221.46,1070,20.7
310,20210305,16,2,173.8,1293,13.44
311,20210308,8,1,98.13,1602,6.13
312,20210308,9,4,279.31,1719,16.25
313,20210308,11,1,89.79,1762,5.1
314,20210308,12,1,93.67,708,13.23
315,20210308,13,2,192.16,1336,14.38
316,20210308,14,2,394.19,1534,25.7
317,20210308,15,3,140.62,1768,7.95
318,20210308,16,3,303.16,968,31.32
319,20210309,8,3,284.04,1291,22.0
320,20210309,9,2,140.32,1013,13.85
321,20210309,10,1,389.44,1011,38.52
322,20210309,12,2,87.91,1097,8.01
323,20210309,13,1,88.97,680,13.08
324,20210309,15,3,235.45,625,37.67
325,20210310,8,2,249.77,758,32.95
326,20210310,10,1,44.66,1363,3.28
327,20210310,11,5,378.41,1457,25.97
328,20210310,12,1,55.28,1157,4.78
329,20210310,13,3,294.58,1544,19.08
330,20210310,14,1,211.58,986,21.46
331,20210310,15,2,85.14,1678,5.07
332,20210311,8,3,241.27,941,25.64
333,20210311,9,2,134.39,1172,11.47
334,20210311,10,3,644.89,1308,49.3
335,20210311,12,2,75.07,1149,6.53
336,20210311,13,3,321.99,1399,23.02
337,20210311,15,5,488.35,1426,34.25
338,20210311,16,2,69.32,1392,4.98
339,20210312,8,2,652.05,736,88.59
340,20210312,9,4,418.05,1424,29.36
341,20210312,10,1,118.66,954,12.44
342,20210312,11,3,175.42,1579,11.11
343,20210312,15,2,126.55,1077,11.75
344,20210312,17,1,17.57,639,2.75
345,20210315,8,1,36.6,1430,2.56
346,20210315,9,3,170.91,1599,10.69
347,20210315,10,5,387.61,1585,24.45
348,20210315,11,1,38.22,723,5.29
349,20210315,13,1,42.2,1054,4.0
350,20210315,14,2,440.12,843,52.21
351,20210315,15,2,708.8,1335,53.09
352,20210315,16,1,84.34,1053,8.01
353,20210316,9,2,120.31,879,13.69
354,20210316,10,2,211.89,1592,13.31
355,20210316,11,2,55.76,1133,4.92
356,20210316,12,2,98.7,1373,7.19
357,20210316,13,3,545.47,604,90.31
358,20210316,14,5,265.5,1402,18.94
359,20210316,15,1,56.96,775,7.35
360,20210317,8,1,69.18,1306,5.3
361,20210317,9,2,245.98,1073,22.92
362,20210317,10,3,321.99,704,45.74
363,20210317,11,1,102.61,992,10.34
364,20210317,13,2,175.99,1221,14.41
365,20210317,14,2,416.26,686,60.68
366,20210317,15,2,79.51,1403,5.67
367,20210317,17,1,90.98,1337,6.8
368,20210318,8,4,490.95,1376,35.68
369,20210318,9,3,101.81,748,13.61
370,20210318,10,2,153.39,1756,8.74
371,20210318,11,2,351.74,1486,23.67
372,20210318,12,2,97.11,1141,8.51
373,20210318,13,2,284.6,976,29.16
374,20210318,14,1,16.92,1046,1.62
375,20210318,15,1,82.64999999999999,823,10.04
376,20210318,17,1,158.60000000000002,1368,11.59
377,20210319,8,3,377.05,874,43.14
378,20210319,9,2,256.66,1770,14.5
379,20210319,10,3,231.39,710,32.59
380,20210319,11,2,244.14,1255,19.45
381,20210319,15,2,229.13,997,22.98
382,20210319,16,2,154.88,845,18.33
383,20210322,8,4,519.83,1452,35.8
384,20210322,10,2,132.85,1707,7.78
385,20210322,11,1,133.62,1620,8.25
386,20210322,13,3,508.92,1687,30.17
387,20210322,14,2,240.63,1719,14.0
388,20210322,15,2,178.01,1473,12.08
389,20210322,17,1,83.53,1656,5.04
390,20210323,8,3,282.49,1733,16.3
391,20210323,10,2,459.11,1383,33.2
392,20210323,11,4,674.33,1146,58.84
393,20210323,12,2,176.48000000000002,1557,11.33
394,20210323,13,3,159.89,964,16.59
395,20210323,14,1,42.790000000000006,1090,3.93
396,20210323,15,1,77.75999999999999,1390,5.59
397,20210323,16,1,46.74,1247,3.75
398,20210323,17,2,359.26,1329,27.03
399,20210324,8,1,18.51,1027,1.8
400,20210324,9,2,164.26,1156,14.21
401,20210324,10,1,31.96,1379,2.32
402,20210324,11,3,109.09,1514,7.21
403,20210324,12,1,147.93,1451,10.2
404,20210324,14,2,222.45,1114,19.97
405,20210324,16,1,148.47,935,15.88
406,20210324,17,1,302.84000000000003,1210,25.03
407,20210325,8,4,1102.43,1307,84.35
408,20210325,9,2,702.06,921,76.23
409,20210325,11,2,163.7,1222,13.4
410,20210325,12,1,104.69,716,14.62
411,20210325,13,3,528.39,1220,43.31
412,20210325,15,2,221.13,1668,13.26
413,20210325,16,1,68.94,811,8.5
414,20210326,8,5,868.7,1205,72.09
415,20210326,9,3,398.0,1530,26.01
416,20210326,10,1,52.16,1255,4.16
417,20210326,11,1,21.57,1099,1.96
418,20210326,13,2,453.69,792,57.28
419,20210326,14,3,384.23,1235,31.11
420,20210326,15,2,153.95999999999998,1270,12.12
421,20210329,8,2,351.51,1445,24.33
422,20210329,9,3,325.14,699,46.52
423,20210329,10,3,326.47,1535,21.27
424,20210329,11,1,20.79,1796,1.16
425,20210329,13,1,140.82999999999998,1115,12.63
426,20210329,14,2,43.5,1426,3.05
427,20210329,15,2,124.67,1276,9.77
428,20210330,8,1,18.16,1362,1.33
429,20210330,9,1,35.34,780,4.53
430,20210330,11,2,153.76,600,25.63
431,20210330,13,3,406.49,1365,29.78
432,20210330,14,4,497.88,792,62.86
433,20210330,15,3,262.43,1073,24.46
434,20210330,16,1,216.09,991,21.81
435,20210330,17,1,75.79,1622,4.67
436,20210331,9,3,287.06,744,38.58
437,20210331,10,3,155.74,744,20.93
438,20210331,11,2,185.09,601,30.8
439,20210331,12,1,128.25,956,13.42
440,20210331,13,3,231.94,1752,13.24
441,20210331,14,1,37.46,1034,3.62
442,20210331,15,3,637.22,1706,37.35
443,20210331,16,3,399.92,1092,36.62
444,20210401,9,2,165.88,1206,13.75
445,20210401,10,3,636.14,1614,39.41
446,20210401,11,3,168.99,1759,9.61
447,20210401,12,1,151.56,890,17.03
448,20210401,16,1,71.19,1604,4.44
449,20210402,8,1,27.61,1378,2.0
450,20210402,9,4,147.35,1293,11.4
451,20210402,10,4,370.2,1602,23.11
452,20210402,11,2,258.45,1324,19.52
453,20210402,13,2,219.76,677,32.46
454,20210402,14,2,215.1,1429,15.05
455,20210402,15,4,621.98,1159,53.67
456,20210402,16,1,93.19,815,11.43
457,20210405,8,4,600.31,1232,48.73
458,20210405,9,2,264.92,1723,15.38
459,20210405,10,2,304.85,1264,24.12
460,20210405,11,3,584.12,1351,43.24
461,20210405,12,1,131.8,1406,9.37
462,20210405,14,1,69.02,1227,5.63
463,20210405,15,1,36.88,1655,2.23
464,20210406,8,2,101.14,911,11.1
465,20210406,10,4,139.56,1800,7.75
466,20210406,13,3,66.26,1471,4.5
467,20210406,14,1,102.06,1000,10.21
468,20210406,15,3,604.38,1428,42.32
469,20210406,16,3,283.1,1471,19.25
470,20210407,8,2,63.49,1771,3.58
471,20210407,9,1,124.9,1637,7.63
472,20210407,10,1,108.82,1222,8.91
473,20210407,11,2,156.09,1607,9.71
474,20210407,12,1,20.89,1205,1.73
475,20210407,13,2,74.12,775,9.56
476,20210407,14,1,100.72,1040,9.68
477,20210407,15,4,623.63,1799,34.67
478,20210407,16,3,344.12,886,38.84
479,20210407,17,1,271.3,1200,22.61
480,20210408,8,1,95.06,1466,6.48
481,20210408,9,1,83.21,1565,5.32
482,20210408,11,1,148.32999999999998,1285,11.54
483,20210408,12,1,85.06,796,10.69
484,20210408,15,2,201.99,1120,18.03
485,20210408,16,1,675.22,614,109.97
486,20210409,8,4,292.1,1004,29.09
487,20210409,9,4,782.68,839,93.29
488,20210409,10,3,253.87,1796,14.14
489,20210409,11,3,301.13,1694,17.78
490,20210409,12,1,73.65,1166,6.32
491,20210409,13,1,222.98,1492,14.95
492,20210409,14,1,27.24,1428,1.91
493,20210409,15,2,211.27,1527,13.84
494,20210409,16,1,91.79,1689,5.43
495,20210412,8,1,65.56,935,7.01
496,20210412,9,1,52.78,911,5.79
497,20210412,10,2,85.42,1270,6.73
498,20210412,11,2,459.72,1391,33.05
499,20210412,12,1,25.59,1074,2.38
500,20210412,14,2,37.65,1532,2.46
501,20210412,15,1,77.58,1153,6.73
502,20210413,8,3,228.2,1033,22.09
503,20210413,9,1,108.28,990,10.94
504,20210413,10,1,36.870000000000005,1213,3.04
505,20210413,11,1,38.25,763,5.01
506,20210413,13,4,233.57,921,25.36
507,20210413,15,5,299.45,1106,27.08
508,20210414,8,3,193.86,933,20.78
509,20210414,9,1,28.47,1223,2.33
510,20210414,10,4,382.01,1032,37.02
511,20210414,11,1,82.43,1103,7.47
512,20210414,12,1,84.58,1164,7.27
513,20210414,13,3,290.28,1746,16.63
514,20210414,14,2,228.73,1773,12.9
515,20210414,15,1,83.58,1487,5.62
516,20210414,16,1,127.29,1784,7.14
517,20210415,8,2,200.48,793,25.28
518,20210415,9,3,465.0,1547,30.06
519,20210415,10,1,39.65,1140,3.48
520,20210415,11,1,36.19,1010,3.58
521,20210415,12,3,224.12,1066,21.02
522,20210415,13,3,301.18,1322,22.78
523,20210415,15,1,177.78,658,27.02
524,20210415,16,2,76.87,940,8.18
525,20210415,17,1,109.22,1152,9.48
526,20210416,8,3,253.78,1337,18.98
527,20210416,9,3,478.26,628,76.16
528,20210416,10,3,491.71,963,51.06
529,20210416,11,1,96.94,852,11.38
530,20210416,12,3,237.03,659,35.97
531,20210416,13,1,114.35,1013,11.29
532,20210416,14,1,65.9,1774,3.71
533,20210416,15,3,366.31,1696,21.6
534,20210419,8,6,595.67,910,65.46
535,20210419,9,1,352.56,744,47.39
536,20210419,10,2,101.39,669,15.16
537,20210419,13,1,50.81,612,8.3
538,20210419,15,4,375.65,1788,21.01
539,20210419,17,1,63.14,1650,3.83
540,20210420,8,2,165.66,1290,12.84
541,20210420,10,1,43.2,1641,2.63
542,20210420,11,1,149.57,663,22.56
543,20210420,12,2,155.41,1664,9.34
544,20210420,13,2,172.5,1303,13.24
545,20210420,16,2,334.16,1039,32.16
546,20210420,17,1,72.12,955,7.55
547,20210421,8,2,123.09,1518,8.11
548,20210421,9,2,68.06,1582,4.3
549,20210421,10,1,22.68,1122,2.02
550,20210421,11,1,153.97,1428,10.78
551,20210421,12,1,37.94,1612,2.35
552,20210421,13,1,80.28999999999999,771,10.41
553,20210422,9,1,0.0,1661,0.0
554,20210422,11,2,514.0,725,70.9
555,20210422,12,2,120.4,1299,9.27
556,20210422,13,3,306.21000000000004,832,36.8
557,20210422,14,2,178.56,1042,17.14
558,20210422,15,2,179.71,918,19.58
559,20210422,16,1,44.21,1440,3.07
560,20210423,8,1,162.18,762,21.28
561,20210423,10,1,23.24,1563,1.49
562,20210423,11,2,189.21,1567,12.07
563,20210423,14,2,233.58,1752,13.33
564,20210423,15,2,187.74,1103,17.02
565,20210423,16,1,152.13,1791,8.49
566,20210426,8,1,87.00999999999999,820,10.61
567,20210426,9,2,198.87,1590,12.51
568,20210426,11,2,252.01,1033,24.4
569,20210426,12,2,299.97,1309,22.92
570,20210426,13,2,136.84,1675,8.17
571,20210426,14,1,81.47,714,11.41
572,20210426,15,2,82.00999999999999,1215,6.75
573,20210426,16,2,216.87,603,35.97
574,20210427,8,1,222.26,754,29.48
575,20210427,9,2,275.63,1357,20.31
576,20210427,11,1,181.78,1356,13.41
577,20210427,12,2,264.1,828,31.9
578,20210427,15,2,119.83,1717,6.98
579,20210427,16,1,14.25,1722,0.83
580,20210428,8,1,49.73,1595,3.12
581,20210428,9,1,155.64,1401,11.11
582,20210428,10,4,586.28,1553,37.75
583,20210428,11,2,155.43,1431,10.86
584,20210428,12,1,57.84,1708,3.39
585,20210428,15,1,153.34,1794,8.55
586,20210428,16,1,454.93,723,62.92
587,20210429,8,2,407.5700000000001,1398,29.15
588,20210429,9,3,224.5,1635,13.73
589,20210429,10,1,179.26,995,18.02
590,20210429,11,3,352.83,876,40.28
591,20210429,12,3,374.2,793,47.19
592,20210429,13,1,69.85,1716,4.07
593,20210429,14,2,164.7,907,18.16
594,20210429,15,2,589.53,845,69.77
595,20210429,16,2,189.13,1571,12.04
596,20210430,8,3,361.31,756,47.79
597,20210430,10,2,136.64,1334,10.24
598,20210430,11,2,55.66,1568,3.55
599,20210430,12,2,111.96,1221,9.17
600,20210430,14,1,215.69,1755,12.29
601,20210430,16,3,220.06,678,32.46
602,20210503,8,1,114.91,826,13.91
603,20210503,9,2,272.6,1799,15.15
604,20210503,10,1,141.36,760,18.6
605,20210503,11,3,156.2,1129,13.84
606,20210503,12,1,82.3,1299,6.34
607,20210503,14,1,129.16,661,19.54
608,20210503,16,2,81.37,1314,6.19
609,20210504,8,2,199.79,737,27.11
610,20210504,9,3,174.17000000000002,757,23.01
611,20210504,10,2,48.53,1357,3.58
612,20210504,11,2,102.36,1453,7.04
613,20210504,12,3,167.37,650,25.75
614,20210504,13,1,100.78,627,16.07
615,20210504,15,3,216.3,1020,21.21
616,20210504,16,1,23.9,1563,1.53
617,20210504,17,2,109.58,1486,7.37
618,20210505,8,5,462.84,1356,34.13
619,20210505,9,2,165.89,917,18.09
620,20210505,10,2,324.12,1607,20.17
621,20210505,11,3,364.51,1794,20.32
622,20210505,12,2,102.34,1224,8.36
623,20210505,15,2,203.86,878,23.22
624,20210505,16,3,218.96,1108,19.76
625,20210506,8,2,149.01999999999998,891,16.73
626,20210506,12,4,511.01,1734,29.47
627,20210506,13,3,294.21,1374,21.41
628,20210506,14,1,115.41,1283,9.0
629,20210506,15,7,1080.54,1261,85.69
630,20210506,16,1,68.53,1543,4.44
631,20210506,17,1,38.05,1201,3.17
632,20210507,8,3,217.59,682,31.9
633,20210507,9,2,169.82999999999998,939,18.09
634,20210507,10,2,291.54,1326,21.99
635,20210507,14,1,210.49,1485,14.17
636,20210507,15,2,189.24,1189,15.92
637,20210507,16,1,231.26,1110,20.83
638,20210507,17,3,255.32,1260,20.26
639,20210510,8,1,85.16999999999999,974,8.74
640,20210510,9,2,134.36,1024,13.12
641,20210510,10,1,15.14,1523,0.99
642,20210510,12,2,348.82,957,36.45
643,20210510,13,1,47.5,811,5.86
644,20210510,15,3,150.94,1097,13.76
645,20210511,9,4,473.39,1062,44.58
646,20210511,10,3,272.05,1254,21.69
647,20210511,11,3,180.71,652,27.72
648,20210511,12,3,216.35,1231,17.58
649,20210511,13,1,35.64,829,4.3
650,20210511,14,2,254.2,1406,18.08
651,20210511,15,2,70.09,908,7.72
652,20210511,17,2,53.63,1558,3.44
653,20210512,8,2,218.16,939,23.23
654,20210512,9,1,90.43,695,13.01
655,20210512,10,2,150.35,857,17.54
656,20210512,12,1,258.96,1258,20.59
657,20210512,13,1,45.09,1117,4.04
658,20210512,15,1,36.88,1339,2.75
659,20210512,16,1,39.18,1288,3.04
660,20210512,17,1,122.36,1121,10.92
661,20210513,8,1,140.68,972,14.47
662,20210513,9,1,188.02,911,20.64
663,20210513,10,2,96.1,1293,7.43
664,20210513,11,2,305.37,833,36.66
665,20210513,12,4,419.97,769,54.61
666,20210513,13,1,90.28,1650,5.47
667,20210513,14,2,238.06,857,27.78
668,20210513,15,2,126.69,1107,11.44
669,20210513,16,1,54.08,1045,5.18
670,20210513,17,2,46.63,1223,3.81
671,20210514,8,2,259.04,731,35.44
672,20210514,9,1,62.52,897,6.97
673,20210514,10,1,187.27,649,28.86
674,20210514,11,1,71.4,870,8.21
675,20210514,12,2,219.57,1760,12.48
676,20210514,13,3,153.57999999999998,1674,9.17
677,20210514,15,2,220.64,1533,14.39
678,20210514,16,3,459.28,1619,28.37
679,20210514,17,1,77.11,622,12.4
680,20210517,8,5,738.52,759,97.3
681,20210517,9,3,231.65,1372,16.88
682,20210517,10,3,200.77,636,31.57
683,20210517,11,1,80.2,893,8.98
684,20210517,12,2,182.11,896,20.32
685,20210517,13,3,213.08,1036,20.57
686,20210517,14,2,477.87,1671,28.6
687,20210517,15,2,113.3,1703,6.65
688,20210517,16,1,66.48,1036,6.42
689,20210518,8,5,393.5,616,63.88
690,20210518,9,2,106.05,827,12.82
691,20210518,10,1,34.010000000000005,638,5.33
692,20210518,11,5,352.03,1267,27.78
693,20210518,13,1,110.53,652,16.95
694,20210518,14,1,105.03,992,10.59
695,20210518,15,5,555.4200000000001,1290,43.06
696,20210518,16,1,148.60000000000002,840,17.69
697,20210518,17,1,56.41,1582,3.57
698,20210519,8,3,155.6,901,17.27
699,20210519,9,2,152.65,1683,9.07
700,20210519,10,1,41.11,676,6.08
701,20210519,11,3,220.53,1275,17.3
702,20210519,12,1,69.0,1758,3.92
703,20210519,13,2,131.73000000000002,1036,12.72
704,20210519,15,3,311.62,1357,22.96
705,20210519,16,1,144.87,670,21.62
706,20210520,8,2,255.2,1378,18.52
707,20210520,9,1,107.37,1247,8.61
708,20210520,10,1,84.35,659,12.8
709,20210520,11,3,274.57,1026,26.76
710,20210520,12,3,266.61,1329,20.06
711,20210520,13,1,83.45,1471,5.67
712,20210520,14,2,212.04,1553,13.65
713,20210520,15,2,241.55,1337,18.07
714,20210520,16,3,392.92,1148,34.23
715,20210521,8,1,112.08,1297,8.64
716,20210521,9,3,255.43,1609,15.88
717,20210521,10,1,104.86,1708,6.14
718,20210521,11,3,204.87,864,23.71
719,20210521,12,1,24.44,613,3.99
720,20210521,13,2,158.82999999999998,1408,11.28
721,20210521,14,1,64.64,1238,5.22
722,20210521,15,3,189.32,1702,11.12
723,20210521,16,1,143.84,618,23.28
724,20210524,8,2,195.11,1191,16.38
725,20210524,9,2,445.85,1644,27.12
726,20210524,10,1,85.5,733,11.66
727,20210524,11,1,33.02,906,3.64
728,20210524,15,3,169.22,1675,10.1
729,20210524,17,1,11.59,1759,0.66
730,20210525,8,3,118.03,883,13.37
731,20210525,10,2,219.9,722,30.46
732,20210525,13,1,56.64,1152,4.92
733,20210525,14,1,29.590000000000003,1489,1.99
734,20210525,15,3,360.73,983,36.7
735,20210525,16,1,38.04,644,5.91
736,20210525,17,1,194.27,1384,14.04
737,20210526,8,1,71.94,804,8.95
738,20210526,10,1,112.23,972,11.55
739,20210526,11,1,91.62,769,11.91
740,20210526,12,1,8.2,1788,0.46
741,20210526,14,2,276.77,1121,24.69
742,20210526,15,4,541.59,1191,45.47
743,20210526,16,2,199.24,660,30.19
744,20210527,8,4,166.63,1014,16.43
745,20210527,9,3,182.98,1124,16.28
746,20210527,10,2,296.96,952,31.19
747,20210527,11,1,48.38,1744,2.77
748,20210527,12,1,117.87,1714,6.88
749,20210527,13,2,194.36,623,31.2
750,20210527,15,1,88.55,898,9.86
751,20210527,16,2,177.31,1518,11.68
752,20210528,8,1,75.14,783,9.6
753,20210528,10,1,56.86,784,7.25
754,20210528,11,4,557.7,776,71.87
755,20210528,12,4,134.48000000000002,1631,8.25
756,20210528,13,1,113.85,1502,7.58
757,20210528,14,2,186.81,1122,16.65
758,20210528,15,5,535.24,970,55.18
759,20210528,17,2,263.76,862,30.6
760,20210531,8,3,312.03,1682,18.55
761,20210531,9,6,776.68,1050,73.97
762,20210531,10,1,59.93,1649,3.63
763,20210531,11,1,269.0,1313,20.49
764,20210531,12,2,230.22,1595,14.43
765,20210531,14,3,263.04,1318,19.96
766,20210531,15,2,453.64,1618,28.04
767,20210601,8,4,740.24,1545,47.91
768,20210601,9,1,149.1,1223,12.19
769,20210601,10,2,136.63,1105,12.36
770,20210601,11,1,84.56,678,12.47
771,20210601,15,3,254.96,1202,21.21
772,20210601,16,1,76.93,1751,4.39
773,20210601,17,1,275.87,1518,18.17
774,20210602,8,3,319.8,931,34.35
775,20210602,9,2,108.89,1657,6.57
776,20210602,11,1,62.75,799,7.85
777,20210602,12,4,780.85,1122,69.59
778,20210602,13,3,276.02,1518,18.18
779,20210602,14,2,156.09,764,20.43
780,20210602,15,1,34.86,661,5.27
781,20210602,17,1,87.39,1129,7.74
782,20210603,8,5,271.11,1485,18.26
783,20210603,9,1,4.88,696,0.7
784,20210603,10,2,84.73,849,9.98
785,20210603,11,2,227.42,1099,20.69
786,20210603,12,3,175.94,626,28.11
787,20210603,14,1,11.35,1015,1.12
788,20210603,15,3,305.42,1642,18.6
789,20210603,16,3,264.44,932,28.37
790,20210603,17,2,67.92999999999999,797,8.52
791,20210604,8,2,49.82,1524,3.27
792,20210604,9,3,345.97,1685,20.53
793,20210604,10,2,127.51,1417,9.0
794,20210604,11,3,216.84,1016,21.34
795,20210604,13,1,262.49,1389,18.9
796,20210604,14,2,78.12,964,8.1
797,20210604,16,1,25.68,1080,2.38
798,20210604,17,1,67.4,1222,5.52
799,20210607,8,2,311.44,1035,30.09
800,20210607,9,2,233.96,1328,17.62
801,20210607,11,1,224.82,1020,22.04
802,20210607,12,2,148.23000000000002,1724,8.6
803,20210607,15,2,74.18,895,8.29
804,20210608,9,3,111.05,1316,8.44
805,20210608,11,4,209.44,1476,14.19
806,20210608,12,1,84.86,1477,5.75
807,20210608,13,1,115.26,1172,9.83
808,20210608,14,2,312.82,1039,30.11
809,20210608,15,2,98.27,990,9.93
810,20210609,8,4,506.36,1736,29.17
811,20210609,11,4,585.57,679,86.24
812,20210609,13,1,46.31,884,5.24
813,20210609,14,2,213.83,1128,18.96
814,20210609,15,1,77.51,1162,6.67
815,20210609,16,1,41.36,1568,2.64
816,20210609,17,1,53.95,1236,4.36
817,20210610,9,5,254.53,817,31.15
818,20210610,11,6,331.63,1113,29.8
819,20210610,13,3,579.12,1283,45.14
820,20210610,14,1,133.53,1797,7.43
821,20210610,15,6,387.86,999,38.82
822,20210611,8,2,126.45,705,17.94
823,20210611,9,1,42.17,1353,3.12
824,20210611,12,3,245.68,1028,23.9
825,20210611,13,1,44.85,1658,2.71
826,20210611,14,1,115.57,1116,10.36
827,20210611,15,7,600.3100000000001,1690,35.52
828,20210614,8,4,363.76,1718,21.17
829,20210614,9,3,255.01,1009,25.27
830,20210614,12,1,23.56,1576,1.49
831,20210614,13,1,83.46,1173,7.12
832,20210614,14,3,181.67,1120,16.22
833,20210614,15,3,381.86,983,38.85
834,20210614,16,1,101.68,1525,6.67
835,20210615,8,1,28.96,1744,1.66
836,20210615,9,3,326.61,1092,29.91
837,20210615,10,1,87.8,872,10.07
838,20210615,11,2,208.56,1768,11.8
839,20210615,12,3,849.19,1189,71.42
840,20210615,13,2,320.93,889,36.1
841,20210615,15,1,81.82,1095,7.47
842,20210615,16,2,348.73,1552,22.47
843,20210616,8,4,276.95000000000005,1413,19.6
844,20210616,9,2,147.97,1447,10.23
845,20210616,10,2,89.28,1743,5.12
846,20210616,11,3,396.7,1570,25.27
847,20210616,15,5,246.07,1023,24.05
848,20210616,17,1,27.24,831,3.28
849,20210617,8,2,136.47,1602,8.52
850,20210617,10,3,310.67,1140,27.25
851,20210617,11,4,288.72,607,47.57
852,20210617,13,1,81.81,1208,6.77
853,20210617,14,1,106.04,1472,7.2
854,20210617,15,1,96.06,1767,5.44
855,20210617,17,2,205.17,1430,14.35
856,20210618,8,1,22.86,1319,1.73
857,20210618,9,1,82.9,1239,6.69
858,20210618,10,1,112.35,1109,10.13
859,20210618,11,1,103.65,1496,6.93
860,20210618,12,1,109.04,827,13.19
861,20210618,13,1,101.12,1426,7.09
862,20210618,15,5,598.07,947,63.15
863,20210618,17,1,34.69,1577,2.2
864,20210621,8,2,71.02,1191,5.96
865,20210621,9,1,75.08,1351,5.56
866,20210621,10,1,58.1,780,7.45
867,20210621,11,1,21.23,927,2.29
868,20210621,12,1,101.72,1289,7.89
869,20210621,14,1,114.0,1593,7.16
870,20210621,15,4,387.35,1109,34.93
871,20210621,17,1,86.0,1584,5.43
872,20210622,8,1,82.63999999999999,1255,6.58
873,20210622,9,4,255.38,1641,15.56
874,20210622,10,1,157.0,1487,10.56
875,20210622,11,1,52.87,1016,5.2
876,20210622,13,1,67.75999999999999,755,8.97
877,20210622,14,2,132.34,1656,7.99
878,20210622,15,4,372.74,1424,26.18
879,20210622,16,1,37.35,1315,2.84
880,20210623,9,2,157.34,1155,13.62
881,20210623,10,2,301.69,780,38.68
882,20210623,11,1,184.31,651,28.31
883,20210623,12,3,269.99,658,41.03
884,20210623,15,1,95.17,1104,8.62
885,20210623,16,1,58.74,1294,4.54
886,20210623,17,1,27.04,1575,1.72
887,20210624,8,4,355.11,1682,21.11
888,20210624,9,2,210.23,664,31.66
889,20210624,10,3,630.6,1529,41.24
890,20210624,11,1,122.0,745,16.38
891,20210624,12,2,66.42,631,10.53
892,20210624,13,3,163.47,1198,13.65
893,20210624,14,4,292.41,1367,21.39
894,20210624,15,2,674.5899999999999,1621,41.62
895,20210625,8,5,492.1,1264,38.93
896,20210625,9,1,62.84,656,9.58
897,20210625,10,4,614.79,1294,47.51
898,20210625,11,3,179.82,899,20.0
899,20210625,12,2,296.95,801,37.07
900,20210625,13,4,193.02,1354,14.26
901,20210625,14,1,50.67,1761,2.88
902,20210625,16,2,206.12,1776,11.61
903,20210628,8,2,138.35,1050,13.18
904,20210628,9,7,431.45,1204,35.83
905,20210628,10,2,305.81,1733,17.65
906,20210628,11,1,70.96,755,9.4
907,20210628,15,3,367.49,1027,35.78
908,20210628,16,1,78.59,1261,6.23
909,20210629,8,3,732.41,1395,52.5
910,20210629,10,3,395.38,1693,23.35
911,20210629,11,1,45.6,1723,2.65
912,20210629,12,2,135.41,687,19.71
913,20210629,14,1,78.75999999999999,1552,5.07
914,20210629,16,1,289.12,1659,17.43
915,20210629,17,1,51.89,639,8.12
916,20210630,8,2,106.39,1113,9.56
917,20210630,9,5,522.06,1154,45.24
918,20210630,10,1,73.58,1627,4.52
919,20210630,11,4,785.14,1290,60.86
920,20210630,12,2,213.48,680,31.39
921,20210630,13,1,85.72,1568,5.47
922,20210630,15,1,210.84,920,22.92
923,20210630,16,1,60.74,623,9.75
924,20210701,8,1,73.18,1347,5.43
925,20210701,9,1,64.7,1423,4.55
926,20210701,13,2,131.4,1352,9.72
927,20210701,14,1,54.260000000000005,1645,3.3
928,20210701,15,1,20.110000000000003,1645,1.22
929,20210702,8,5,417.47,1614,25.87
930,20210702,10,1,69.78,1603,4.35
931,20210702,11,1,72.0,998,7.21
932,20210702,14,1,3.76,1082,0.35
933,20210702,15,1,266.61,1421,18.76
934,20210702,16,1,29.480000000000004,808,3.65
935,20210705,8,3,220.16,1321,16.67
936,20210705,9,2,155.66,1489,10.45
937,20210705,10,3,431.36,1029,41.92
938,20210705,11,1,37.06,1151,3.22
939,20210705,12,1,56.06,1084,5.17
940,20210705,15,3,320.54,928,34.54
941,20210705,16,4,470.02,1547,30.38
942,20210706,8,1,86.51,1785,4.85
943,20210706,11,2,153.07,904,16.93
944,20210706,12,1,67.4,1075,6.27
945,20210706,13,3,311.92,981,31.8
946,20210706,14,2,252.07,881,28.61
947,20210706,15,3,527.0,1111,47.43
948,20210706,16,2,396.67,872,45.49
949,20210707,8,2,137.1,1678,8.17
950,20210707,9,1,35.57,1267,2.81
951,20210707,10,1,203.81,623,32.71
952,20210707,12,1,20.0,1754,1.14
953,20210707,14,2,124.33,695,17.89
954,20210707,15,2,107.55,1602,6.71
955,20210707,16,2,149.1,927,16.08
956,20210707,17,2,86.1,1525,5.65
957,20210708,8,3,185.26,1360,13.62
958,20210708,9,1,24.6,1269,1.94
959,20210708,10,1,70.91,1183,5.99
960,20210708,12,3,311.11,789,39.43
961,20210708,13,2,137.21,808,16.98
962,20210708,16,1,50.43,1330,3.79
963,20210708,17,2,41.25,728,5.67
964,20210709,8,2,160.23,1200,13.35
965,20210709,10,4,375.63,770,48.78
966,20210709,11,1,53.3,619,8.61
967,20210709,12,1,101.02,906,11.15
968,20210709,13,1,95.73,799,11.98
969,20210709,15,4,272.6,793,34.38
970,20210709,16,3,383.5,1512,25.36
971,20210712,9,1,48.39,1621,2.99
972,20210712,10,2,64.78999999999999,1219,5.32
973,20210712,11,5,644.61,839,76.83
974,20210712,13,2,310.52,1667,18.63
975,20210712,14,2,133.23000000000002,1718,7.75
976,20210712,15,1,85.05000000000001,918,9.26
977,20210712,16,2,188.93,1185,15.94
978,20210713,8,1,358.28,1653,21.67
979,20210713,9,2,91.92,658,13.97
980,20210713,12,3,149.56,1211,12.35
981,20210713,14,1,11.56,1296,0.89
982,20210713,15,1,233.79,1688,13.85
983,20210713,16,1,84.25,1576,5.35
984,20210713,17,1,36.14,1689,2.14
985,20210714,8,1,238.81,1364,17.51
986,20210714,9,1,117.34,763,15.38
987,20210714,10,1,56.58,871,6.5
988,20210714,12,2,208.17,1696,12.27
989,20210714,13,4,654.61,1551,42.21
990,20210714,14,1,42.48,1086,3.91
991,20210714,16,1,37.95,1181,3.21
992,20210715,8,1,107.69,1198,8.99
993,20210715,10,3,295.13,1740,16.96
994,20210715,12,1,61.35,1590,3.86
995,20210715,13,1,42.88,1638,2.62
996,20210715,14,1,131.4,959,13.7
997,20210715,15,5,1034.8,1779,58.17
998,20210715,16,1,57.67,925,6.23
999,20210715,17,1,30.33,628,4.83
1000,20210716,8,3,71.07,1587,4.48
1001,20210716,9,1,127.08,830,15.31
1002,20210716,10,1,507.17,1795,28.25
1003,20210716,12,1,11.88,1589,0.75
1004,20210716,13,2,189.82,1165,16.29
1005,20210716,14,1,4.38,739,0.59
1006,20210716,15,2,205.15,1790,11.46
1007,20210716,16,1,22.59,1555,1.45
1008,20210719,8,4,335.67,1497,22.42
1009,20210719,9,1,56.24,1390,4.05
1010,20210719,10,4,408.5,673,60.7
1011,20210719,11,1,150.65,1722,8.75
1012,20210719,15,3,317.09,1401,22.63
1013,20210719,16,1,147.26999999999998,1757,8.38
1014,20210720,8,4,284.19,1611,17.64
1015,20210720,9,1,29.18,1768,1.65
1016,20210720,10,1,210.18,1154,18.21
1017,20210720,11,1,51.370000000000005,1008,5.1
1018,20210720,12,2,411.58,1199,34.33
1019,20210720,13,1,526.02,782,67.27
1020,20210720,14,1,68.93,1471,4.69
1021,20210720,15,5,219.91,1074,20.48
1022,20210720,16,2,383.71,1399,27.43
1023,20210720,17,1,33.8,1478,2.29
1024,20210721,9,2,45.12,1225,3.68
1025,20210721,10,2,216.29,1686,12.83
1026,20210721,11,3,265.0,1051,25.21
1027,20210721,13,3,278.62,1659,16.79
1028,20210721,14,1,40.58,1162,3.49
1029,20210721,15,1,32.13,763,4.21
1030,20210721,16,3,156.39,1748,8.95
1031,20210722,9,2,169.39,1384,12.24
1032,20210722,10,2,267.48,1287,20.78
1033,20210722,11,1,116.1,1142,10.17
1034,20210722,12,3,250.45,1475,16.98
1035,20210722,13,1,41.61,1123,3.71
1036,20210722,15,2,91.16,1324,6.89
1037,20210722,16,2,156.47,1623,9.64
1038,20210722,17,2,192.72000000000003,622,30.98
1039,20210723,8,5,320.04,639,50.08
1040,20210723,9,3,114.57,693,16.53
1041,20210723,10,6,444.26,1316,33.76
1042,20210723,11,1,64.74,1551,4.17
1043,20210723,13,1,34.8,1480,2.35
1044,20210723,14,1,28.15,749,3.76
1045,20210723,15,2,105.94,1472,7.2
1046,20210723,16,1,44.02,977,4.51
1047,20210726,8,2,122.45,979,12.51
1048,20210726,9,3,300.7,1514,19.86
1049,20210726,10,3,355.56,1617,21.99
1050,20210726,11,2,146.91,1349,10.89
1051,20210726,16,1,21.52,1709,1.26
1052,20210727,8,2,142.23000000000002,621,22.9
1053,20210727,9,3,201.63,1455,13.86
1054,20210727,10,2,253.83,1338,18.97
1055,20210727,11,1,65.78,1781,3.69
1056,20210727,14,3,222.45,1702,13.07
1057,20210727,15,4,645.81,642,100.59
1058,20210728,9,1,35.18,1002,3.51
1059,20210728,10,2,283.0,633,44.71
1060,20210728,11,1,316.3,613,51.6
1061,20210728,12,1,106.95,672,15.92
1062,20210728,13,1,143.06,745,19.2
1063,20210728,14,1,65.78,1253,5.25
1064,20210728,15,1,52.67,874,6.03
1065,20210728,16,1,76.65,842,9.1
1066,20210729,9,3,569.58,1780,32.0
1067,20210729,10,2,48.650000000000006,1703,2.86
1068,20210729,11,1,134.0,919,14.58
1069,20210729,12,1,33.17,831,3.99
1070,20210729,13,1,69.05000000000001,1569,4.4
1071,20210729,14,1,48.38,1298,3.73
1072,20210729,15,2,118.44,1585,7.47
1073,20210729,16,3,207.3,908,22.83
1074,20210729,17,1,71.83,1134,6.33
1075,20210730,8,2,89.81,1783,5.04
1076,20210730,9,1,235.54,1067,22.07
1077,20210730,10,2,176.42,1438,12.27
1078,20210730,11,1,79.14,817,9.69
1079,20210730,13,1,18.83,1016,1.85
1080,20210730,14,1,65.52,1185,5.53
1081,20210730,15,2,129.52,867,14.94
1082,20210730,16,2,74.16,1785,4.15
1083,20210802,8,4,267.24,1367,19.55
1084,20210802,9,3,151.17,1695,8.92
1085,20210802,10,1,54.68000000000001,1030,5.31
1086,20210802,12,1,53.38,1714,3.11
1087,20210802,15,2,90.3,1651,5.47
1088,20210802,16,2,46.83,1345,3.48
1089,20210803,8,1,48.94,1143,4.28
1090,20210803,9,3,153.74,1258,12.22
1091,20210803,10,3,773.79,867,89.25
1092,20210803,11,1,27.74,899,3.09
1093,20210803,12,1,49.83,918,5.43
1094,20210803,14,1,117.8,1786,6.6
1095,20210803,15,1,40.27,1789,2.25
1096,20210804,8,1,44.27,935,4.73
1097,20210804,9,3,262.85,1413,18.6
1098,20210804,10,1,155.92000000000002,906,17.21
1099,20210804,11,2,49.55,1217,4.07
1100,20210804,12,2,153.5,1790,8.58
1101,20210804,14,1,78.63,1443,5.45
1102,20210804,15,1,314.22,1593,19.73
1103,20210804,16,1,182.39,792,23.03
1104,20210805,9,3,248.6,883,28.15
1105,20210805,10,2,172.84,1694,10.2
1106,20210805,11,2,231.95,1731,13.4
1107,20210805,12,4,302.77,1701,17.8
1108,20210805,13,1,51.52,639,8.06
1109,20210805,15,1,37.74,972,3.88
1110,20210805,16,2,366.97,1797,20.42
1111,20210806,8,4,180.2,939,19.19
1112,20210806,10,2,162.59,1574,10.33
1113,20210806,11,3,138.63,921,15.05
1114,20210806,12,2,172.2,1616,10.66
1115,20210806,13,2,99.6,1000,9.96
1116,20210806,14,1,25.08,1561,1.61
1117,20210806,15,5,382.88,910,42.07
1118,20210806,16,1,170.32,832,20.47
1119,20210809,8,6,711.17,1054,67.47
1120,20210809,9,1,86.28,692,12.47
1121,20210809,10,5,461.69,713,64.75
1122,20210809,12,1,152.43,920,16.57
1123,20210809,13,3,231.93,607,38.21
1124,20210809,14,2,371.23,1571,23.63
1125,20210809,16,2,271.03,1339,20.24
1126,20210809,17,1,71.77000000000001,1144,6.27
1127,20210810,8,3,117.06,1450,8.07
1128,20210810,10,1,255.48,1784,14.32
1129,20210810,11,1,35.56,1547,2.3
1130,20210810,12,2,228.83,1648,13.89
1131,20210810,15,1,136.3,879,15.51
1132,20210810,16,2,193.2,1269,15.22
1133,20210811,8,4,241.02,1105,21.81
1134,20210811,9,2,164.4,1514,10.86
1135,20210811,10,3,251.58,1239,20.31
1136,20210811,11,1,39.8,829,4.8
1137,20210811,12,2,135.56,1222,11.09
1138,20210811,13,6,226.71,758,29.91
1139,20210811,14,1,33.9,1370,2.47
1140,20210811,15,4,244.38,1032,23.68
1141,20210811,16,1,403.58,1497,26.96
1142,20210812,8,4,501.25,1324,37.86
1143,20210812,9,4,228.9,999,22.91
1144,20210812,11,1,29.45,1243,2.37
1145,20210812,12,1,102.82,648,15.87
1146,20210812,13,1,392.94,1160,33.87
1147,20210812,14,3,247.68,820,30.2
1148,20210812,15,3,151.77,859,17.67
1149,20210812,16,2,195.84,1529,12.81
1150,20210813,8,1,94.1,1538,6.12
1151,20210813,9,6,505.15,1123,44.98
1152,20210813,10,4,435.24,1679,25.92
1153,20210813,11,2,238.73,1354,17.63
1154,20210813,12,1,42.45,1230,3.45
1155,20210813,15,3,631.98,1325,47.7
1156,20210813,16,2,81.33,845,9.62
1157,20210813,17,2,276.0,815,33.87
1158,20210816,9,1,68.86,1076,6.4
1159,20210816,10,2,249.02,1780,13.99
1160,20210816,11,2,104.91,921,11.39
1161,20210816,12,2,155.1,634,24.46
1162,20210816,15,2,260.07,1483,17.54
1163,20210816,16,3,283.46000000000004,632,44.85
1164,20210817,8,1,74.45,1737,4.29
1165,20210817,9,1,18.83,807,2.33
1166,20210817,10,3,625.12,1238,50.49
1167,20210817,11,4,118.3,1784,6.63
1168,20210817,12,1,110.82,1329,8.34
1169,20210817,14,1,16.71,615,2.72
1170,20210817,15,2,136.87,1738,7.88
1171,20210817,16,1,179.28,702,25.54
1172,20210817,17,2,134.36,1392,9.65
1173,20210818,8,1,321.46000000000004,1033,31.12
1174,20210818,9,2,173.33,1786,9.7
1175,20210818,10,3,253.26,1719,14.73
1176,20210818,11,2,74.49000000000001,817,9.12
1177,20210818,12,1,84.30000000000001,619,13.62
1178,20210818,13,1,143.9,1552,9.27
1179,20210818,14,1,208.3,1069,19.49
1180,20210818,15,1,21.33,603,3.54
1181,20210819,8,2,369.17,1510,24.45
1182,20210819,10,3,377.63,730,51.73
1183,20210819,11,2,120.28,864,13.92
1184,20210819,12,1,126.02,1373,9.18
1185,20210819,13,2,117.58,1177,9.99
1186,20210819,14,1,25.5,722,3.53
1187,20210819,15,3,558.33,1702,32.8
1188,20210820,8,1,28.66,1315,2.18
1189,20210820,10,1,41.14,1730,2.38
1190,20210820,12,3,191.04,623,30.66
1191,20210820,13,1,45.15,1550,2.91
1192,20210820,15,3,273.22,1582,17.27
1193,20210820,16,1,31.96,614,5.21
1194,20210820,17,1,42.56,1294,3.29
1195,20210823,8,1,19.96,947,2.11
1196,20210823,9,4,310.18,1631,19.02
1197,20210823,11,1,81.35,701,11.6
1198,20210823,14,2,176.91,993,17.82
1199,20210823,15,2,193.8,1786,10.85
1200,20210823,16,1,266.0,1221,21.79
1201,20210823,17,1,75.28,1771,4.25
1202,20210824,8,5,764.6,1355,56.43
1203,20210824,9,2,139.9,1517,9.22
1204,20210824,10,2,50.59,1674,3.02
1205,20210824,11,3,231.31,1130,20.47
1206,20210824,12,2,117.75,1006,11.7
1207,20210824,13,1,47.150000000000006,1151,4.1
1208,20210824,14,1,179.06,1582,11.32
1209,20210824,15,4,546.13,1138,47.99
1210,20210824,16,2,201.58,1580,12.76
1211,20210825,8,3,171.03,1125,15.2
1212,20210825,9,2,430.23,1277,33.69
1213,20210825,10,2,138.14,1118,12.36
1214,20210825,11,2,78.68,606,12.98
1215,20210825,14,2,345.16,1554,22.21
1216,20210825,15,2,171.12,955,17.92
1217,20210825,17,1,67.59,1198,5.64
1218,20210826,8,3,488.17,1020,47.86
1219,20210826,9,3,245.47000000000003,670,36.64
1220,20210826,11,1,8.07,1361,0.59
1221,20210826,12,1,101.1,1741,5.81
1222,20210826,13,4,256.13,909,28.18
1223,20210826,14,2,136.75,1238,11.05
1224,20210826,15,1,430.99,1493,28.87
1225,20210826,16,1,117.16,1515,7.73
1226,20210827,8,2,222.34,1632,13.62
1227,20210827,9,3,196.44,785,25.02
1228,20210827,10,2,183.88,1397,13.16
1229,20210827,11,4,290.39,926,31.36
1230,20210827,12,1,44.9,612,7.34
1231,20210827,13,3,298.99,1201,24.9
1232,20210827,15,1,49.84,1321,3.77
1233,20210827,16,1,91.11,1150,7.92
1234,20210827,17,2,226.06,1632,13.85
1235,20210830,8,4,286.06,1486,19.25
1236,20210830,9,3,140.91,1577,8.94
1237,20210830,10,1,142.73000000000002,1373,10.4
1238,20210830,11,1,25.73,1764,1.46
1239,20210830,12,3,614.59,1200,51.22
1240,20210830,13,1,168.03,1713,9.81
1241,20210830,14,2,406.53,1514,26.85
1242,20210830,15,3,478.5,1254,38.16
1243,20210830,16,2,100.47,1388,7.24
1244,20210831,8,1,41.94,1350,3.11
1245,20210831,9,1,224.72,856,26.25
1246,20210831,11,1,78.32,1196,6.55
1247,20210831,12,1,246.02,1260,19.53
1248,20210831,13,1,97.3,1204,8.08
1249,20210831,14,1,34.85,1030,3.38
1250,20210831,15,3,245.22,802,30.58
1251,20210831,16,1,86.44,745,11.6
1252,20210831,17,3,204.21,1443,14.15
1253,20210901,8,3,238.01,1217,19.56
1254,20210901,10,4,949.08,1525,62.23
1255,20210901,12,2,258.69,1625,15.92
1256,20210901,13,1,236.15,1483,15.92
1257,20210901,14,3,250.82,1435,17.48
1258,20210901,15,2,222.92,1343,16.6
1259,20210901,16,2,112.19,1446,7.76
1260,20210902,8,3,342.28,1023,33.46
1261,20210902,9,2,93.16,668,13.95
1262,20210902,10,4,232.73,1244,18.71
1263,20210902,11,1,30.99,735,4.22
1264,20210902,12,1,87.8,1204,7.29
1265,20210902,13,2,75.63,651,11.62
1266,20210902,14,3,300.55,847,35.48
1267,20210902,15,4,437.63,1638,26.72
1268,20210902,17,1,105.33,930,11.33
1269,20210903,8,4,769.0699999999999,648,118.68
1270,20210903,9,4,276.63,1443,19.17
1271,20210903,10,3,170.58,976,17.48
1272,20210903,11,2,572.77,1112,51.51
1273,20210903,12,1,88.72,793,11.19
1274,20210903,13,3,98.9,974,10.15
1275,20210903,14,1,291.55,1430,20.39
1276,20210906,8,4,333.41,1379,24.18
1277,20210906,9,1,61.5,1209,5.09
1278,20210906,10,1,158.06,1796,8.8
1279,20210906,11,1,0.0,621,0.0
1280,20210906,12,2,239.01,1615,14.8
1281,20210906,14,1,106.03,1072,9.89
1282,20210906,15,3,445.62,1602,27.82
1283,20210906,17,1,34.21,1083,3.16
1284,20210907,9,2,309.81,1754,17.66
1285,20210907,10,1,117.16,772,15.18
1286,20210907,11,2,451.78,650,69.5
1287,20210907,13,2,221.29,1255,17.63
1288,20210907,14,1,88.56,611,14.49
1289,20210907,15,2,92.07,1116,8.25
1290,20210908,8,4,365.81,723,50.6
1291,20210908,9,4,360.01,1161,31.01
1292,20210908,10,2,156.94,1522,10.31
1293,20210908,11,1,17.27,834,2.07
1294,20210908,12,3,468.49,1374,34.1
1295,20210908,13,1,86.43,1721,5.02
1296,20210908,14,1,25.26,713,3.54
1297,20210908,15,1,88.89,814,10.92
1298,20210908,16,2,155.1,938,16.54
1299,20210909,8,4,415.3,793,52.37
1300,20210909,9,1,72.19,1640,4.4
1301,20210909,10,4,356.2,1430,24.91
1302,20210909,11,2,133.53,1291,10.34
1303,20210909,12,4,283.0,1344,21.06
1304,20210909,13,3,500.3,1735,28.84
1305,20210909,14,2,161.25,1109,14.54
1306,20210909,15,1,40.48,1033,3.92
1307,20210909,16,1,55.43,1580,3.51
1308,20210910,8,1,96.76,1545,6.26
1309,20210910,9,2,280.89,818,34.34
1310,20210910,10,4,826.8,1629,50.76
1311,20210910,11,1,45.36,1068,4.25
1312,20210910,13,2,74.71,1254,5.96
1313,20210910,14,1,206.77,1230,16.81
1314,20210910,15,2,478.86,1717,27.89
1315,20210910,16,2,124.7,1568,7.95
1316,20210913,8,1,32.8,1509,2.17
1317,20210913,9,2,658.87,1561,42.21
1318,20210913,10,2,118.18,1170,10.1
1319,20210913,11,1,126.62,1680,7.54
1320,20210913,12,1,52.82,1049,5.04
1321,20210913,13,1,157.2,1110,14.16
1322,20210913,14,2,162.13,1610,10.07
1323,20210913,15,2,345.56,1593,21.69
1324,20210913,16,2,402.85,1604,25.12
1325,20210914,8,3,255.22,796,32.06
1326,20210914,9,1,54.72,610,8.97
1327,20210914,10,1,33.96,1693,2.01
1328,20210914,11,3,151.2,1770,8.54
1329,20210914,12,2,148.91,1339,11.12
1330,20210914,13,1,51.09,1154,4.43
1331,20210914,14,1,60.370000000000005,800,7.55
1332,20210914,15,2,143.45,903,15.89
1333,20210914,16,1,49.96,1543,3.24
1334,20210914,17,1,59.23,1781,3.33
1335,20210915,8,2,342.25,1096,31.23
1336,20210915,9,2,79.32,883,8.98
1337,20210915,10,1,27.68,1596,1.73
1338,20210915,13,3,220.96,1649,13.4
1339,20210915,15,3,207.22,1319,15.71
1340,20210915,16,1,85.54,1212,7.06
1341,20210915,17,1,57.55,1486,3.87
1342,20210916,8,3,305.74,1518,20.14
1343,20210916,9,4,276.84,1671,16.57
1344,20210916,11,4,576.82,754,76.5
1345,20210916,12,2,623.17,1119,55.69
1346,20210916,13,1,10.5,1138,0.92
1347,20210916,14,2,247.85,1783,13.9
1348,20210916,15,3,696.55,614,113.44
1349,20210916,16,2,162.65,1235,13.17
1350,20210916,17,1,73.68,830,8.88
1351,20210917,8,3,208.45,1284,16.23
1352,20210917,9,3,154.86,1043,14.85
1353,20210917,11,3,120.25,1419,8.47
1354,20210917,12,1,558.9300000000001,957,58.4
1355,20210917,13,4,280.75,1577,17.8
1356,20210917,14,3,517.3100000000001,1322,39.13
1357,20210917,15,2,159.52,1080,14.77
1358,20210917,16,1,126.1,1782,7.08
1359,20210917,17,2,348.21,1117,31.17
1360,20210920,8,5,419.8,1128,37.22
1361,20210920,9,3,299.75,1578,19.0
1362,20210920,10,3,341.16,729,46.8
1363,20210920,11,2,153.41,1246,12.31
1364,20210920,12,2,297.02000000000004,1168,25.43
1365,20210920,15,8,659.99,818,80.68
1366,20210920,16,2,146.36,1197,12.23
1367,20210920,17,1,48.65,1221,3.98
1368,20210921,8,3,298.67,822,36.33
1369,20210921,9,1,17.84,1341,1.33
1370,20210921,10,2,620.79,1175,52.83
1371,20210921,11,1,161.11,1562,10.31
1372,20210921,12,1,71.03999999999999,728,9.76
1373,20210921,13,2,190.17,977,19.46
1374,20210921,15,3,445.55,761,58.55
1375,20210921,17,1,333.7,1344,24.83
1376,20210922,8,1,67.97,1793,3.79
1377,20210922,9,2,214.5,1337,16.04
1378,20210922,10,2,126.15,1213,10.4
1379,20210922,11,3,265.31,1003,26.45
1380,20210922,12,1,63.88,1095,5.83
1381,20210922,13,1,540.37,794,68.06
1382,20210922,15,2,123.33,782,15.77
1383,20210922,16,3,211.58,1277,16.57
1384,20210923,9,1,219.64,1612,13.63
1385,20210923,10,2,299.7,778,38.52
1386,20210923,11,2,174.53,1230,14.19
1387,20210923,13,1,262.72,1505,17.46
1388,20210923,14,2,197.17,1189,16.58
1389,20210923,15,1,204.12,1217,16.77
1390,20210924,8,2,233.52,1492,15.65
1391,20210924,9,3,165.62,1076,15.39
1392,20210924,10,4,394.28,1533,25.72
1393,20210924,11,2,90.69,1341,6.76
1394,20210924,12,3,203.23,1578,12.88
1395,20210924,13,1,50.34,783,6.43
1396,20210924,14,1,7.199999999999999,1393,0.52
1397,20210924,15,5,258.28000000000003,873,29.59
1398,20210924,16,2,224.84,761,29.55
1399,20210924,17,3,392.85,1735,22.64
1400,20210927,8,2,286.09000000000003,1083,26.42
1401,20210927,9,5,289.64,1128,25.68
1402,20210927,10,2,106.48,1017,10.47
1403,20210927,11,1,125.59,687,18.28
1404,20210927,12,1,65.52000000000001,1798,3.64
1405,20210927,13,3,319.39,986,32.39
1406,20210927,14,2,760.53,1233,61.68
1407,20210927,15,2,133.44,1691,7.89
1408,20210927,16,2,186.75,1465,12.75
1409,20210927,17,1,95.58,1530,6.25
1410,20210928,8,2,84.83,999,8.49
1411,20210928,9,1,80.00999999999999,1453,5.51
1412,20210928,11,1,68.88,1268,5.43
1413,20210928,12,1,51.79,1101,4.7
1414,20210928,13,2,273.24,1428,19.13
1415,20210928,14,1,80.19,666,12.04
1416,20210928,15,2,123.14,1101,11.18
1417,20210929,8,6,521.31,705,73.94
1418,20210929,9,1,88.2,1041,8.47
1419,20210929,10,1,159.74,1411,11.32
1420,20210929,12,3,150.13,1399,10.73
1421,20210929,14,1,118.65,1500,7.91
1422,20210929,15,1,34.68,1306,2.66
1423,20210929,16,4,422.05,627,67.31
1424,20210930,8,2,83.4,737,11.32
1425,20210930,9,1,89.41,1201,7.44
1426,20210930,11,3,197.0,1763,11.17
1427,20210930,13,2,30.42,919,3.31
1428,20210930,14,1,34.79,922,3.77
1429,20210930,15,3,174.36,880,19.81
1430,20210930,17,2,173.03,758,22.83
1431,20211001,8,3,227.86,1206,18.89
1432,20211001,9,3,180.92,922,19.62
1433,20211001,11,2,387.08,1784,21.7
1434,20211001,12,2,384.69,952,40.41
1435,20211001,13,2,132.44,724,18.29
1436,20211001,14,2,89.76,1570,5.72
1437,20211001,16,2,85.56,872,9.81
1438,20211004,8,2,180.76,1748,10.34
1439,20211004,9,4,254.13,824,30.84
1440,20211004,12,2,535.71,1260,42.52
1441,20211004,14,3,264.15,1784,14.81
1442,20211004,15,1,348.79,680,51.29
1443,20211004,16,1,93.78,906,10.35
1444,20211005,8,2,283.96,1050,27.04
1445,20211005,9,4,226.34,1539,14.71
1446,20211005,10,4,240.49,1167,20.61
1447,20211005,11,2,342.61,1747,19.61
1448,20211005,12,2,138.02,1441,9.58
1449,20211005,13,1,47.74,1267,3.77
1450,20211005,14,1,33.169999999999995,1560,2.13
1451,20211005,15,2,63.87,1725,3.7
1452,20211005,17,2,154.68,1297,11.93
1453,20211006,8,1,237.52,1081,21.97
1454,20211006,9,5,598.72,1596,37.51
1455,20211006,10,2,171.32999999999998,1370,12.51
1456,20211006,11,1,149.3,1476,10.12
1457,20211006,12,1,55.36,1247,4.44
1458,20211006,13,3,149.57999999999998,1156,12.94
1459,20211006,15,2,170.76999999999998,1589,10.75
1460,20211006,16,1,33.93,894,3.8
1461,20211006,17,1,46.16,1471,3.14
1462,20211007,8,4,888.19,1053,84.35
1463,20211007,9,2,177.82,1321,13.46
1464,20211007,10,4,695.99,1096,63.5
1465,20211007,11,1,87.27,1222,7.14
1466,20211007,13,2,259.64,1420,18.28
1467,20211007,15,1,129.37,953,13.58
1468,20211007,16,2,158.61,657,24.14
1469,20211008,8,2,280.54,874,32.1
1470,20211008,9,2,131.03,818,16.02
1471,20211008,11,2,189.78,656,28.93
1472,20211008,13,2,56.95,1148,4.96
1473,20211008,14,1,263.47,962,27.39
1474,20211008,17,1,134.51,661,20.35
1475,20211011,8,3,158.32999999999998,1180,13.42
1476,20211011,10,4,397.3,1548,25.67
1477,20211011,12,1,168.24,1131,14.88
1478,20211011,13,4,216.61,1104,19.62
1479,20211011,14,1,33.41,1553,2.15
1480,20211011,15,5,618.98,1581,39.15
1481,20211011,16,4,639.15,1188,53.8
1482,20211011,17,1,393.09,875,44.92
1483,20211013,8,3,346.93,1261,27.51
1484,20211013,9,3,233.17,886,26.32
1485,20211013,10,2,181.53,702,25.86
1486,20211013,12,3,111.42,1000,11.14
1487,20211013,14,1,83.25,1326,6.28
1488,20211013,15,3,154.57999999999998,747,20.69
1489,20211013,17,2,221.92,966,22.97
1490,20211014,8,2,221.83,1659,13.37
1491,20211014,9,3,251.9,728,34.6
1492,20211014,11,2,118.23,748,15.81
1493,20211014,12,1,37.34,1287,2.9
1494,20211014,13,1,30.52,1255,2.43
1495,20211014,14,1,24.09,607,3.97
1496,20211014,15,1,48.55,797,6.09
1497,20211015,8,2,323.44,1654,19.56
1498,20211015,9,2,265.59,653,40.67
1499,20211015,11,1,54.58,1692,3.23
1500,20211015,12,2,59.66,614,9.72
1501,20211015,14,2,123.63,1436,8.61
1502,20211015,15,1,351.45,747,47.05
1503,20211015,16,2,136.3,1204,11.32
1504,20211018,8,1,97.19,630,15.43
1505,20211018,10,4,509.16,1079,47.19
1506,20211018,11,1,59.94,1361,4.4
1507,20211018,12,1,65.46000000000001,712,9.19
1508,20211018,13,4,306.78,1050,29.22
1509,20211018,14,1,36.96,892,4.14
1510,20211018,16,1,46.98,1606,2.93
1511,20211019,8,2,358.76,893,40.17
1512,20211019,9,3,106.82,668,15.99
1513,20211019,10,1,8.4,1318,0.64
1514,20211019,11,2,176.98,1666,10.62
1515,20211019,14,2,118.66,743,15.97
1516,20211019,15,2,229.75,825,27.85
1517,20211019,17,1,232.19,1509,15.39
1518,20211020,8,1,149.85000000000002,1567,9.56
1519,20211020,9,2,137.65,602,22.87
1520,20211020,10,2,247.04,1224,20.18
1521,20211020,11,3,212.23,774,27.42
1522,20211020,13,2,165.75,973,17.03
1523,20211020,14,1,67.1,1143,5.87
1524,20211020,16,1,141.29000000000002,763,18.52
1525,20211021,9,4,320.36,1772,18.08
1526,20211021,10,3,566.85,1643,34.5
1527,20211021,13,1,49.34,746,6.61
1528,20211021,14,1,41.91,1102,3.8
1529,20211021,15,1,58.43,1450,4.03
1530,20211021,16,2,91.93,1017,9.04
1531,20211022,8,4,335.44,1753,19.14
1532,20211022,10,2,56.52,978,5.78
1533,20211022,13,2,221.22,961,23.02
1534,20211022,14,1,14.68,1798,0.82
1535,20211022,15,1,21.32,1727,1.23
1536,20211022,16,3,711.54,671,106.04
1537,20211022,17,2,93.11,1512,6.16
1538,20211025,8,3,141.48000000000002,1068,13.25
1539,20211025,9,2,281.47,1325,21.24
1540,20211025,11,1,60.31999999999999,1501,4.02
1541,20211025,12,2,131.87,957,13.78
1542,20211025,13,2,454.6,1696,26.8
1543,20211025,14,2,895.96,1369,65.45
1544,20211026,8,2,362.55,733,49.46
1545,20211026,9,2,364.14,936,38.9
1546,20211026,10,1,152.74,1002,15.24
1547,20211026,12,2,257.2,843,30.51
1548,20211026,13,3,206.06,1029,20.03
1549,20211026,14,1,20.8,1347,1.54
1550,20211026,15,4,635.41,644,98.67
1551,20211026,16,1,32.65,1037,3.15
1552,20211027,8,3,280.45,1563,17.94
1553,20211027,9,1,79.36,1344,5.9
1554,20211027,10,2,141.14,1078,13.09
1555,20211027,11,2,972.55,1165,83.48
1556,20211027,12,2,298.34000000000003,1513,19.72
1557,20211027,13,1,37.51,1362,2.75
1558,20211027,14,1,8.16,1516,0.54
1559,20211027,15,1,181.24,1746,10.38
1560,20211027,17,1,69.38,941,7.37
1561,20211028,8,1,201.06,1745,11.52
1562,20211028,9,2,310.87,630,49.34
1563,20211028,10,3,264.07,1380,19.14
1564,20211028,11,1,185.42,1135,16.34
1565,20211028,12,1,38.05,1501,2.53
1566,20211028,13,3,204.41,1149,17.79
1567,20211028,14,1,47.71,704,6.78
1568,20211028,15,5,444.71,1239,35.89
1569,20211028,16,3,237.08,980,24.19
1570,20211029,8,1,33.21,1492,2.23
1571,20211029,9,6,581.35,605,96.09
1572,20211029,10,4,261.43,1604,16.3
1573,20211029,11,4,188.61,768,24.56
1574,20211029,13,3,214.7,1308,16.41
1575,20211029,14,3,144.62,838,17.26
1576,20211029,15,3,371.86,1459,25.49
1577,20211029,16,1,149.02,1492,9.99
1578,20211102,8,4,291.24,1047,27.82
1579,20211102,9,3,277.22,1084,25.57
1580,20211102,10,2,136.18,1071,12.72
1581,20211102,11,1,120.84,1280,9.44
1582,20211102,12,3,329.33,1239,26.58
1583,20211102,13,1,77.69,764,10.17
1584,20211102,14,1,73.46,1238,5.93
1585,20211102,17,1,18.9,1232,1.53
1586,20211103,8,3,206.58,1199,17.23
1587,20211103,9,2,54.76,1232,4.44
1588,20211103,10,1,84.28999999999999,1127,7.48
1589,20211103,11,2,120.83,1344,8.99
1590,20211103,12,1,247.8,1290,19.21
1591,20211103,14,2,161.02,1243,12.95
1592,20211103,15,3,244.2,753,32.43
1593,20211103,16,1,97.2,1658,5.86
1594,20211104,8,1,204.92,795,25.78
1595,20211104,9,5,242.08,1104,21.93
1596,20211104,10,4,264.7,902,29.35
1597,20211104,11,2,126.88,1724,7.36
1598,20211104,12,1,92.02,1247,7.38
1599,20211104,13,2,125.0,1372,9.11
1600,20211104,14,1,97.14,1772,5.48
1601,20211104,15,3,294.17,1145,25.69
1602,20211104,16,1,51.72,1406,3.68
1603,20211105,9,5,269.37,1276,21.11
1604,20211105,10,4,297.4,1377,21.6
1605,20211105,11,2,221.9,1233,18.0
1606,20211105,12,3,215.98,1608,13.43
1607,20211105,13,3,181.12,1512,11.98
1608,20211105,15,4,378.51,1202,31.49
1609,20211105,16,2,311.36,1663,18.72
1610,20211105,17,1,29.5,765,3.86
1611,20211108,8,3,403.0,1769,22.78
1612,20211108,9,1,102.54,616,16.65
1613,20211108,10,3,297.72,615,48.41
1614,20211108,11,1,28.66,1097,2.61
1615,20211108,12,1,199.23,1611,12.37
1616,20211108,13,2,321.58,1277,25.18
1617,20211108,15,1,287.67,614,46.85
1618,20211108,16,1,83.94,738,11.37
1619,20211108,17,2,190.68,1633,11.68
1620,20211109,8,2,322.79999999999995,1619,19.94
1621,20211109,9,5,415.67,735,56.55
1622,20211109,10,1,66.71000000000001,1492,4.47
1623,20211109,11,1,47.54,1112,4.28
1624,20211109,12,2,163.38,1750,9.34
1625,20211109,14,1,246.0,1076,22.86
1626,20211109,15,2,340.66,737,46.22
1627,20211109,16,2,202.42,1800,11.25
1628,20211110,8,5,332.25,1402,23.7
1629,20211110,10,1,159.15,1263,12.6
1630,20211110,11,2,119.14,849,14.03
1631,20211110,12,3,409.03,728,56.19
1632,20211110,13,4,335.3,764,43.89
1633,20211110,15,1,111.77,634,17.63
1634,20211110,16,3,264.57,1223,21.63
1635,20211111,8,2,196.2,1355,14.48
1636,20211111,10,1,17.78,910,1.95
1637,20211111,11,1,272.8,1032,26.43
1638,20211111,12,1,144.47,1404,10.29
1639,20211111,13,2,112.81,646,17.46
1640,20211111,14,2,178.57,821,21.75
1641,20211111,17,1,48.3,1434,3.37
1642,20211112,8,4,239.74,1482,16.18
1643,20211112,9,1,42.51,1482,2.87
1644,20211112,10,5,956.68,1154,82.9
1645,20211112,11,2,252.44,852,29.63
1646,20211112,12,3,273.62,685,39.94
1647,20211112,13,1,49.57,864,5.74
1648,20211112,14,1,164.84,1125,14.65
1649,20211112,15,2,254.69,1783,14.28
1650,20211115,8,2,166.01,1760,9.43
1651,20211115,9,1,74.62,714,10.45
1652,20211115,10,2,166.05,1036,16.03
1653,20211115,13,1,75.58,1172,6.45
1654,20211115,15,4,234.92,675,34.8
1655,20211115,16,3,288.26,1065,27.07
1656,20211115,17,1,180.67,1012,17.85
1657,20211116,8,2,131.48,1315,10.0
1658,20211116,9,1,52.38,1384,3.78
1659,20211116,10,3,242.74,748,32.45
1660,20211116,11,1,454.32,964,47.13
1661,20211116,12,2,119.43,1259,9.49
1662,20211116,13,1,96.16,1376,6.99
1663,20211116,14,1,39.74,1338,2.97
1664,20211116,15,3,317.59000000000003,1328,23.91
1665,20211116,17,2,148.79,928,16.03
1666,20211117,8,3,266.81,1529,17.45
1667,20211117,9,1,237.95,1102,21.59
1668,20211117,11,1,66.7,1250,5.34
1669,20211117,12,2,153.57,768,20.0
1670,20211117,13,1,74.13,672,11.03
1671,20211117,14,5,357.22,978,36.53
1672,20211117,15,4,370.19,762,48.58
1673,20211117,16,2,223.56,636,35.15
1674,20211118,8,2,74.14,1030,7.2
1675,20211118,9,2,73.39,1389,5.28
1676,20211118,10,4,619.78,965,64.23
1677,20211118,11,1,275.97,924,29.87
1678,20211118,12,1,132.53,1632,8.12
1679,20211118,14,4,266.31,845,31.52
1680,20211118,15,4,262.28,965,27.18
1681,20211118,16,1,49.55,1151,4.3
1682,20211118,17,1,0.0,1258,0.0
1683,20211119,8,2,319.90000000000003,643,49.75
1684,20211119,9,3,632.61,1371,46.14
1685,20211119,10,1,255.6,793,32.23
1686,20211119,11,1,49.93,888,5.62
1687,20211119,13,2,167.89,1243,13.51
1688,20211119,15,1,188.86,1358,13.91
1689,20211119,16,1,46.39,1738,2.67
1690,20211122,9,1,59.78,778,7.68
1691,20211122,10,1,44.84,753,5.95
1692,20211122,11,1,124.03,948,13.08
1693,20211122,12,1,96.14,630,15.26
1694,20211122,14,2,242.09,1162,20.83
1695,20211122,15,1,139.95,1119,12.51
1696,20211122,16,4,705.1,1155,61.05
1697,20211122,17,1,52.870000000000005,897,5.89
1698,20211123,8,4,146.03,1694,8.62
1699,20211123,9,2,144.85,1235,11.73
1700,20211123,10,5,357.05,1193,29.93
1701,20211123,11,3,231.6,936,24.74
1702,20211123,16,3,401.71,1512,26.57
1703,20211123,17,1,125.07,786,15.91
1704,20211124,8,2,185.82,1708,10.88
1705,20211124,10,1,20.79,737,2.82
1706,20211124,11,4,355.65,1349,26.36
1707,20211124,12,2,140.15,1266,11.07
1708,20211124,13,1,50.36,1061,4.75
1709,20211124,15,1,77.22,1795,4.3
1710,20211124,16,2,104.29,726,14.37
1711,20211125,8,2,151.07999999999998,663,22.79
1712,20211125,10,2,430.02,1147,37.49
1713,20211125,11,1,27.04,1414,1.91
1714,20211125,12,2,118.44,1698,6.98
1715,20211125,13,2,152.85,1222,12.51
1716,20211125,14,1,66.62,1448,4.6
1717,20211125,15,5,687.9,1752,39.26
1718,20211125,16,1,64.49,1231,5.24
1719,20211126,8,2,213.82,1223,17.48
1720,20211126,9,2,369.76,1456,25.4
1721,20211126,10,4,421.8,1527,27.62
1722,20211126,11,2,203.8,1637,12.45
1723,20211126,14,1,9.64,745,1.29
1724,20211126,15,4,737.05,927,79.51
1725,20211126,17,1,69.53,1226,5.67
1726,20211129,8,3,303.46,742,40.9
1727,20211129,9,5,809.71,1465,55.27
1728,20211129,10,1,143.70999999999998,1055,13.62
1729,20211129,11,2,126.54,1759,7.19
1730,20211129,12,1,46.96,759,6.19
1731,20211129,13,2,394.19,814,48.43
1732,20211129,14,2,137.51,1399,9.83
1733,20211129,15,3,386.89,624,62.0
1734,20211129,16,1,68.23,964,7.08
1735,20211130,8,1,130.72,779,16.78
1736,20211130,9,1,42.38,1177,3.6
1737,20211130,10,2,193.38,1790,10.8
1738,20211130,11,2,128.03,674,19.0
1739,20211130,13,1,71.17,1743,4.08
1740,20211130,14,1,110.38,833,13.25
1741,20211130,15,1,338.02,1408,24.01
1742,20211130,16,5,524.39,945,55.49
1743,20211201,8,6,657.51,1171,56.15
1744,20211201,9,6,796.1899999999999,950,83.81
1745,20211201,10,3,187.48,882,21.26
1746,20211201,11,1,90.41,1214,7.45
1747,20211201,12,1,112.46,779,14.44
1748,20211201,13,1,96.21,1234,7.8
1749,20211201,14,1,106.39,1091,9.75
1750,20211201,15,6,553.94,646,85.75
1751,20211202,10,3,354.8,1760,20.16
1752,20211202,11,5,595.19,1621,36.72
1753,20211202,12,1,22.62,728,3.11
1754,20211202,13,3,393.34,1160,33.91
1755,20211202,14,4,243.74,1478,16.49
1756,20211202,15,1,73.6,1269,5.8
1757,20211202,16,1,86.09,610,14.11
1758,20211203,8,3,84.85,1457,5.82
1759,20211203,9,4,353.36,1463,24.15
1760,20211203,10,3,310.91,1623,19.16
1761,20211203,11,3,409.01,1185,34.52
1762,20211203,12,2,207.91,1544,13.47
1763,20211203,14,2,136.5,916,14.9
1764,20211203,15,3,360.81,1172,30.79
1765,20211203,16,1,39.68,1073,3.7
1766,20211207,9,5,253.44,1789,14.17
1767,20211207,10,2,136.14,1524,8.93
1768,20211207,11,1,10.28,817,1.26
1769,20211207,12,3,203.91,1216,16.77
1770,20211207,14,2,269.94,1398,19.31
1771,20211207,15,5,398.4,941,42.34
1772,20211207,16,1,272.47,1120,24.33
1773,20211209,8,3,197.21,1054,18.71
1774,20211209,9,5,324.08,810,40.01
1775,20211209,10,2,141.91,1661,8.54
1776,20211209,11,2,190.18,1723,11.04
1777,20211209,13,3,423.14,1767,23.95
1778,20211209,15,1,33.93,1244,2.73
1779,20211209,16,2,377.03,918,41.07
1780,20211209,17,1,88.47999999999999,942,9.39
1781,20211210,8,2,124.34,812,15.31
1782,20211210,9,2,296.01,1441,20.54
1783,20211210,10,4,1930.29,681,283.45
1784,20211210,11,1,16.32,1482,1.1
1785,20211210,12,2,224.64,1106,20.31
1786,20211210,13,2,165.63,672,24.65
1787,20211210,14,3,226.24,1064,21.26
1788,20211210,15,3,435.14,1431,30.41
1789,20211210,16,1,121.76,1625,7.49
1790,20211213,8,1,10.04,1234,0.81
1791,20211213,9,3,81.65,1166,7.0
1792,20211213,10,3,925.94,1309,70.74
1793,20211213,13,1,62.81,1461,4.3
1794,20211213,14,1,44.04,1232,3.57
1795,20211213,15,5,864.3399999999999,1748,49.45
1796,20211214,8,2,225.4,1774,12.71
1797,20211214,9,4,218.71,1071,20.42
1798,20211214,10,2,360.17,672,53.6
1799,20211214,11,1,118.47,665,17.82
1800,20211214,12,3,335.79,1611,20.84
1801,20211214,13,1,88.44,1715,5.16
1802,20211214,14,2,274.04,1676,16.35
1803,20211214,15,3,440.56,1646,26.77
1804,20211214,16,1,73.47999999999999,1132,6.49
1805,20211215,8,3,354.47,633,56.0
1806,20211215,9,3,195.36,1105,17.68
1807,20211215,11,2,136.77,1505,9.09
1808,20211215,12,1,0.0,750,0.0
1809,20211215,13,3,173.19,1642,10.55
1810,20211215,14,1,48.16,1390,3.46
1811,20211215,16,2,245.2,758,32.35
1812,20211216,8,2,741.99,877,84.61
1813,20211216,9,4,528.4,821,64.36
1814,20211216,10,1,88.16,900,9.8
1815,20211216,12,1,323.23,1471,21.97
1816,20211216,13,1,45.7,1528,2.99
1817,20211216,14,1,14.85,1410,1.05
1818,20211216,15,4,480.5,1508,31.86
1819,20211217,8,1,158.6,1701,9.32
1820,20211217,9,1,82.59,1378,5.99
1821,20211217,10,2,199.88,1631,12.26
1822,20211217,11,3,259.2,1544,16.79
1823,20211217,12,1,235.0,867,27.1
1824,20211217,13,4,474.73,1622,29.27
1825,20211217,15,3,150.65,1377,10.94
1826,20211220,8,1,103.0,614,16.78
1827,20211220,9,1,53.34,1783,2.99
1828,20211220,10,1,39.02,903,4.32
1829,20211220,11,1,278.24,630,44.17
1830,20211220,12,3,950.88,627,151.66
1831,20211220,13,4,390.33,1352,28.87
1832,20211220,14,4,418.48,1494,28.01
1833,20211220,15,1,79.56,1431,5.56
1834,20211220,16,4,858.56,821,104.57
1835,20211220,17,1,29.36,1339,2.19
1836,20211221,8,2,372.31,964,38.62
1837,20211221,9,1,243.66,733,33.24
1838,20211221,10,2,386.27,692,55.82
1839,20211221,11,3,288.69,1266,22.8
1840,20211221,12,1,120.01,1593,7.53
1841,20211221,14,1,75.28,1266,5.95
1842,20211221,15,4,569.87,632,90.17
1843,20211221,16,1,112.7,1161,9.71
1844,20211222,8,1,81.09,853,9.51
1845,20211222,9,1,11.35,1606,0.71
1846,20211222,10,1,64.7,1720,3.76
1847,20211222,11,2,637.06,907,70.24
1848,20211222,12,1,88.0,1092,8.06
1849,20211222,13,3,160.36,861,18.62
1850,20211222,14,2,229.8,1298,17.7
1851,20211222,15,3,218.1,672,32.46
1852,20211223,8,2,529.91,1709,31.01
1853,20211223,9,1,76.75,1014,7.57
1854,20211223,10,1,165.45000000000002,1363,12.14
1855,20211223,12,2,290.95,1308,22.24
1856,20211223,14,3,290.98,1359,21.41
1857,20211223,15,5,431.41,1437,30.02
1858,20220103,8,6,369.52,633,58.38
1859,20220103,10,4,663.03,912,72.7
1860,20220103,11,1,145.65,1280,11.38
1861,20220103,12,1,55.45,858,6.46
1862,20220103,13,3,415.1,1721,24.12
1863,20220103,17,1,72.8,1439,5.06
1864,20220104,8,3,345.87,788,43.89
1865,20220104,9,2,192.73,1407,13.7
1866,20220104,11,2,356.67,1066,33.46
1867,20220104,12,2,158.54,814,19.48
1868,20220104,13,3,346.17,1371,25.25
1869,20220104,14,2,189.59,822,23.06
1870,20220104,15,3,855.88,1668,51.31
1871,20220104,16,1,79.63,1140,6.99
1872,20220104,17,1,99.44,866,11.48
1873,20220105,8,5,244.94,613,39.96
1874,20220105,9,2,125.68,1132,11.1
1875,20220105,10,2,152.76,1645,9.29
1876,20220105,11,5,391.44,1560,25.09
1877,20220105,14,2,335.54,1418,23.66
1878,20220105,15,3,358.34,681,52.62
1879,20220105,16,1,134.38,902,14.9
1880,20220107,8,1,173.99,721,24.13
1881,20220107,9,2,464.65,1109,41.9
1882,20220107,11,2,96.78,1778,5.44
1883,20220107,13,1,130.1,1544,8.43
1884,20220107,14,2,114.7,1054,10.88
1885,20220107,15,2,134.32999999999998,885,15.18
1886,20220107,16,2,192.38,756,25.45
1887,20220110,8,3,268.03000000000003,1493,17.95
1888,20220110,9,3,184.09,1110,16.58
1889,20220110,10,1,103.35,1427,7.24
1890,20220110,11,3,335.89,668,50.28
1891,20220110,12,1,82.24000000000001,1695,4.85
1892,20220110,13,2,118.14,1583,7.46
1893,20220110,14,1,163.73000000000002,1724,9.5
1894,20220110,15,2,378.83,1571,24.11
1895,20220110,16,1,15.04,768,1.96
1896,20220111,9,2,92.5,1093,8.46
1897,20220111,10,1,142.92,1477,9.68
1898,20220111,12,1,30.1,1219,2.47
1899,20220111,14,1,126.41,1465,8.63
1900,20220111,15,3,299.52,750,39.94
1901,20220111,16,2,118.92,1641,7.25
1902,20220111,17,1,62.11,1095,5.67
1903,20220112,8,2,206.58,724,28.53
1904,20220112,9,1,124.15,1181,10.51
1905,20220112,10,1,37.16,1491,2.49
1906,20220112,11,2,315.05,915,34.43
1907,20220112,12,1,55.25,1219,4.53
1908,20220112,14,1,344.27,1287,26.75
1909,20220112,15,2,237.7,1247,19.06
1910,20220112,16,3,596.9300000000001,1687,35.38
1911,20220113,8,7,848.36,1491,56.9
1912,20220113,9,2,144.44,1113,12.98
1913,20220113,10,2,52.47,1498,3.5
1914,20220113,11,1,36.86,772,4.77
1915,20220113,12,1,70.87,1673,4.24
1916,20220113,14,1,269.44,621,43.39
1917,20220113,15,1,63.75,1727,3.69
1918,20220113,16,1,129.25,1162,11.12
1919,20220114,8,2,149.65,703,21.29
1920,20220114,9,3,499.69,642,77.83
1921,20220114,10,2,80.53999999999999,1568,5.14
1922,20220114,11,1,67.83,776,8.74
1923,20220114,13,3,238.47,1542,15.46
1924,20220114,14,2,120.65,1731,6.97
1925,20220114,15,1,142.79999999999998,1034,13.81
1926,20220114,17,1,15.81,1446,1.09
1927,20220117,8,1,115.95,1399,8.29
1928,20220117,9,7,710.09,706,100.58
1929,20220117,10,1,228.09,1004,22.72
1930,20220117,11,2,124.65,989,12.6
1931,20220117,12,2,184.59,881,20.95
1932,20220117,13,2,5.88,882,0.67
1933,20220117,14,3,287.84,1628,17.68
1934,20220117,17,1,358.01,1558,22.98
1935,20220118,8,1,32.8,1705,1.92
1936,20220118,9,2,245.77,808,30.42
1937,20220118,10,4,123.86,1241,9.98
1938,20220118,11,1,35.08,752,4.66
1939,20220118,12,1,154.45,1164,13.27
1940,20220118,13,1,18.8,613,3.07
1941,20220118,14,1,85.16,813,10.47
1942,20220118,16,2,22.36,696,3.21
1943,20220119,9,3,242.81,1543,15.74
1944,20220119,10,2,226.97,1548,14.66
1945,20220119,11,1,96.42,1780,5.42
1946,20220119,13,1,63.31,1298,4.88
1947,20220119,14,1,146.45999999999998,863,16.97
1948,20220119,15,2,262.4,1752,14.98
1949,20220119,16,1,178.46,1753,10.18
1950,20220120,8,2,263.94,1170,22.56
1951,20220120,9,1,222.55,1239,17.96
1952,20220120,10,2,358.84000000000003,945,37.97
1953,20220120,11,1,31.5,901,3.5
1954,20220120,12,2,99.26,890,11.15
1955,20220120,15,1,94.05,687,13.69
1956,20220120,17,1,146.22,1171,12.49
1957,20220121,8,2,214.35,737,29.08
1958,20220121,9,2,198.97,919,21.65
1959,20220121,10,2,233.69,1402,16.67
1960,20220121,11,2,215.5,1299,16.59
1961,20220121,12,1,50.61,1741,2.91
1962,20220121,13,1,90.2,652,13.83
1963,20220121,15,1,80.42,1138,7.07
1964,20220121,17,4,472.2,1730,27.29
1965,20220124,8,1,19.72,923,2.14
1966,20220124,9,2,209.04,1322,15.81
1967,20220124,10,1,34.29,1291,2.66
1968,20220124,11,1,63.84,665,9.6
1969,20220124,12,1,384.49,818,47.0
1970,20220124,13,1,41.35,1561,2.65
1971,20220124,15,2,261.23,809,32.29
1972,20220125,8,1,0.0,1646,0.0
1973,20220125,9,3,293.65,1000,29.36
1974,20220125,10,2,111.52,1523,7.32
1975,20220125,11,4,374.48,725,51.65
1976,20220125,13,1,63.89,1574,4.06
1977,20220125,14,2,88.67,734,12.08
1978,20220125,15,5,617.89,1241,49.79
1979,20220126,8,2,248.84,762,32.66
1980,20220126,9,1,40.37,1385,2.91
1981,20220126,10,2,112.55,1729,6.51
1982,20220126,11,2,163.16,1663,9.81
1983,20220126,15,3,549.08,1589,34.56
1984,20220126,16,2,351.05,1143,30.71
1985,20220127,8,2,125.17,1466,8.54
1986,20220127,9,2,163.78,1013,16.17
1987,20220127,10,6,562.22,1053,53.39
1988,20220127,12,1,77.27,811,9.53
1989,20220127,14,1,82.08,669,12.27
1990,20220127,15,3,129.9,895,14.51
1991,20220127,16,1,223.3,1485,15.04
1992,20220128,8,3,214.48,1498,14.32
1993,20220128,9,2,307.79,854,36.04
1994,20220128,10,1,166.13,733,22.66
1995,20220128,11,4,626.42,1752,35.75
1996,20220128,12,1,82.56,1755,4.7
1997,20220128,13,4,215.22,626,34.38
1998,20220128,15,2,127.68,1411,9.05
1999,20220128,16,3,363.14,708,51.29
2000,20220128,17,1,54.46,1750,3.11
2001,20220131,8,2,209.86,1216,17.26
2002,20220131,9,2,249.55,1553,16.07
2003,20220131,10,1,185.15,1557,11.89
2004,20220131,11,3,273.04,1081,25.26
2005,20220131,12,1,190.64,1231,15.49
2006,20220131,13,1,64.78,1563,4.14
2007,20220131,14,2,163.59,1260,12.98
2008,20220131,15,1,96.78,902,10.73
2009,20220131,16,3,279.96,1035,27.05
2010,20220131,17,1,91.1,735,12.39
2011,20220201,8,2,84.6,777,10.89
2012,20220201,9,1,101.2,988,10.24
2013,20220201,11,1,50.43,609,8.28
2014,20220201,12,2,183.03,683,26.8
2015,20220201,14,1,122.16,1718,7.11
2016,20220201,15,2,218.17,1068,20.43
2017,20220201,16,1,93.69,875,10.71
2018,20220201,17,1,51.23,1650,3.1
2019,20220202,8,1,84.82000000000001,1654,5.13
2020,20220202,10,3,547.82,627,87.37
2021,20220202,11,2,221.55,1000,22.15
2022,20220202,12,1,112.95,1672,6.76
2023,20220202,13,2,122.22,1033,11.83
2024,20220202,14,1,49.38,1271,3.89
2025,20220202,15,5,985.25,852,115.64
2026,20220203,8,2,318.43,941,33.84
2027,20220203,9,3,287.91,1627,17.7
2028,20220203,10,3,294.82,1781,16.55
2029,20220203,11,2,205.65,1292,15.92
2030,20220203,12,1,89.47999999999999,1288,6.95
2031,20220203,14,1,67.1,1321,5.08
2032,20220203,15,4,427.34,842,50.75
2033,20220203,16,2,83.19,1386,6.0
2034,20220204,8,2,130.61,1281,10.2
2035,20220204,9,2,283.75,1185,23.95
2036,20220204,11,3,225.57,1091,20.68
2037,20220204,12,1,211.35,1525,13.86
2038,20220204,13,2,57.78,1284,4.5
2039,20220204,14,1,60.38,1564,3.86
2040,20220204,15,2,341.58,714,47.84
2041,20220207,8,1,63.03999999999999,1779,3.54
2042,20220207,9,1,62.190000000000005,684,9.09
2043,20220207,10,3,693.31,1209,57.35
2044,20220207,11,1,118.62,1414,8.39
2045,20220207,12,1,74.25,1327,5.6
2046,20220207,13,2,169.44,802,21.13
2047,20220207,14,2,161.79,1068,15.15
2048,20220207,15,2,390.71,1481,26.38
2049,20220207,16,3,228.96,1712,13.37
2050,20220207,17,1,177.73999999999998,1705,10.42
2051,20220208,8,3,225.88,1214,18.61
2052,20220208,9,3,359.67,776,46.35
2053,20220208,10,3,251.87,856,29.42
2054,20220208,11,2,149.2,1286,11.6
2055,20220208,12,1,15.89,1243,1.28
2056,20220208,13,3,206.32,1507,13.69
2057,20220208,14,3,307.26,1304,23.56
2058,20220208,15,1,35.96,1792,2.01
2059,20220208,16,1,101.07,890,11.36
2060,20220209,8,1,33.620000000000005,1472,2.28
2061,20220209,10,4,1022.58,1558,65.63
2062,20220209,11,3,275.84,1180,23.38
2063,20220209,12,3,228.35,1463,15.61
2064,20220209,13,1,167.75,1156,14.51
2065,20220209,15,2,106.35,1173,9.07
2066,20220209,16,1,163.44,919,17.78
2067,20220210,8,5,301.78,966,31.24
2068,20220210,9,1,40.09,1125,3.56
2069,20220210,10,3,350.13,1786,19.6
2070,20220210,11,2,302.76,1686,17.96
2071,20220210,12,2,350.17,1612,21.72
2072,20220210,13,3,664.94,843,78.88
2073,20220210,14,3,553.16,1150,48.1
2074,20220210,15,3,148.43,1487,9.98
2075,20220210,16,1,109.63,938,11.69
2076,20220211,8,1,90.2,1099,8.21
2077,20220211,9,1,164.06,1567,10.47
2078,20220211,10,1,94.75,1325,7.15
2079,20220211,11,1,46.85,721,6.5
2080,20220211,12,2,197.51,826,23.91
2081,20220211,13,3,281.92,1477,19.09
2082,20220211,14,2,406.53,1113,36.53
2083,20220211,15,1,181.08,1184,15.29
2084,20220214,8,5,996.28,749,133.01
2085,20220214,9,1,463.62,1262,36.74
2086,20220214,10,2,580.54,1369,42.41
2087,20220214,11,1,44.98,1235,3.64
2088,20220214,12,1,89.39,1750,5.11
2089,20220214,13,2,126.93,1182,10.74
2090,20220214,15,2,147.85,1541,9.59
2091,20220215,8,4,293.5,778,37.72
2092,20220215,9,5,381.36,842,45.29
2093,20220215,10,1,165.49,1115,14.84
2094,20220215,11,1,76.02,742,10.25
2095,20220215,13,2,158.98000000000002,819,19.41
2096,20220215,14,2,195.33,1642,11.9
2097,20220215,15,1,38.74,1177,3.29
2098,20220215,16,3,309.94,1707,18.16
2099,20220215,17,2,121.43,1408,8.62
2100,20220216,8,4,492.0,752,65.43
2101,20220216,9,1,55.57,800,6.95
2102,20220216,10,5,369.16,1379,26.77
2103,20220216,11,3,284.54,1641,17.34
2104,20220216,13,1,13.53,1715,0.79
2105,20220216,14,1,69.78999999999999,1208,5.78
2106,20220216,15,1,312.05999999999995,1541,20.25
2107,20220216,16,3,272.29,643,42.35
2108,20220216,17,1,57.38,1345,4.27
2109,20220217,8,3,541.66,903,59.98
2110,20220217,9,1,680.0699999999999,1672,40.67
2111,20220217,10,3,633.78,699,90.67
2112,20220217,11,1,595.62,968,61.53
2113,20220217,12,5,177.59,1616,10.99
2114,20220217,13,1,69.7,892,7.81
2115,20220217,15,2,169.45,653,25.95
2116,20220217,17,1,70.75,1518,4.66
2117,20220218,8,4,410.31,1787,22.96
2118,20220218,9,2,279.74,668,41.88
2119,20220218,10,3,287.29,1714,16.76
2120,20220218,11,1,99.34,1175,8.45
2121,20220218,12,4,285.48,976,29.25
2122,20220218,13,2,219.4,1328,16.52
2123,20220218,14,1,78.38,1538,5.1
2124,20220218,15,3,210.74,621,33.94
2125,20220218,16,1,134.22,740,18.14
2126,20220218,17,1,24.6,725,3.39
2127,20220221,8,3,265.48,1491,17.81
2128,20220221,9,5,488.83,1061,46.07
2129,20220221,10,2,86.43,1539,5.62
2130,20220221,11,2,110.34,1630,6.77
2131,20220221,13,1,83.2,1484,5.61
2132,20220221,14,3,291.42,645,45.18
2133,20220221,15,1,587.19,1295,45.34
2134,20220222,8,4,372.6,1281,29.09
2135,20220222,9,1,116.71,793,14.72
2136,20220222,11,2,101.36,721,14.06
2137,20220222,12,1,89.96,1553,5.79
2138,20220222,13,2,142.69,738,19.33
2139,20220222,14,2,197.64,1242,15.91
2140,20220222,15,2,334.97,1300,25.77
2141,20220222,16,2,168.86,1763,9.58
2142,20220223,9,2,201.86,1618,12.48
2143,20220223,10,1,297.33000000000004,1281,23.21
2144,20220223,11,5,477.59,1642,29.09
2145,20220223,13,1,103.81,1371,7.57
2146,20220223,14,1,66.39,1630,4.07
2147,20220223,16,2,140.85,1468,9.59
2148,20220224,8,2,363.57,1040,34.96
2149,20220224,10,1,163.09,1080,15.1
2150,20220224,12,2,104.41,809,12.91
2151,20220224,13,1,35.88,928,3.87
2152,20220224,14,2,470.93,1631,28.87
2153,20220224,15,7,1279.73,1110,115.29
2154,20220224,16,2,146.48,1131,12.95
2155,20220225,8,3,162.06,1677,9.66
2156,20220225,9,2,223.1,668,33.4
2157,20220225,11,2,365.06,1354,26.96
2158,20220225,12,1,26.39,869,3.04
2159,20220225,13,1,188.2,1344,14.0
2160,20220225,14,1,83.88,1102,7.61
2161,20220225,15,2,484.04,1651,29.32
2162,20220228,8,2,517.79,1697,30.51
2163,20220228,9,2,191.63,1709,11.21
2164,20220228,10,2,95.57,1794,5.33
2165,20220228,11,1,97.49,917,10.63
2166,20220228,12,1,75.57,1093,6.91
2167,20220228,14,1,22.44,1394,1.61
2168,20220228,15,1,25.97,1006,2.58
2169,20220228,16,4,243.84,1535,15.89
2170,20220301,8,1,90.14,1295,6.96
2171,20220301,9,2,145.71,633,23.02
2172,20220301,10,2,222.53,1289,17.26
2173,20220301,11,3,204.88,712,28.78
2174,20220301,12,4,185.03,1604,11.54
2175,20220301,13,1,16.97,1346,1.26
2176,20220301,14,1,215.1,1791,12.01
2177,20220301,15,5,400.72,790,50.72
2178,20220301,16,3,199.34,854,23.34
2179,20220302,8,5,365.47,973,37.56
2180,20220302,9,3,281.36,1694,16.61
2181,20220302,10,2,163.3,964,16.94
2182,20220302,11,3,327.72,619,52.94
2183,20220302,12,1,36.34,1344,2.7
2184,20220302,13,1,54.22,1557,3.48
2185,20220302,14,2,109.67,1208,9.08
2186,20220302,16,1,89.46,1635,5.47
2187,20220302,17,1,20.68,1103,1.87
2188,20220303,8,1,28.74,1625,1.77
2189,20220303,10,2,177.59,1576,11.27
2190,20220303,11,5,445.15,1636,27.21
2191,20220303,12,2,43.36,778,5.57
2192,20220303,13,2,248.73,1076,23.12
2193,20220303,14,2,122.36,882,13.87
2194,20220303,15,5,492.43,1266,38.9
2195,20220303,16,2,100.11,1442,6.94
2196,20220304,8,2,538.69,1314,41.0
2197,20220304,9,3,163.35,1109,14.73
2198,20220304,10,2,106.49,1499,7.1
2199,20220304,11,2,236.12,724,32.61
2200,20220304,12,1,36.04,729,4.94
2201,20220304,13,1,39.26,1701,2.31
2202,20220304,14,2,178.56,1686,10.59
2203,20220304,17,1,87.31,1719,5.08
2204,20220307,9,2,158.48999999999998,1110,14.28
2205,20220307,10,3,336.73,1306,25.78
2206,20220307,11,3,262.06,1206,21.73
2207,20220307,12,2,134.29000000000002,1522,8.82
2208,20220307,13,2,171.13,1448,11.82
2209,20220307,14,2,159.59,606,26.33
2210,20220307,15,1,52.12,1050,4.96
2211,20220308,8,2,184.41,1064,17.33
2212,20220308,9,4,567.96,808,70.29
2213,20220308,11,3,368.8,682,54.08
2214,20220308,12,1,80.14,1215,6.6
2215,20220308,13,2,127.57,657,19.42
2216,20220308,14,1,678.84,1380,49.19
2217,20220308,15,1,66.3,912,7.27
2218,20220308,16,1,92.02,763,12.06
2219,20220309,8,3,214.76,1354,15.86
2220,20220309,9,4,261.94,1417,18.49
2221,20220309,11,1,82.25,831,9.9
2222,20220309,12,1,89.76,1529,5.87
2223,20220309,15,2,420.68,1675,25.12
2224,20220309,16,1,46.32,991,4.67
2225,20220309,17,1,31.56,1071,2.95
2226,20220310,8,4,294.31,760,38.72
2227,20220310,10,1,103.14,972,10.61
2228,20220310,11,3,251.11,1324,18.97
2229,20220310,13,1,78.18,705,11.09
2230,20220310,14,3,352.53000000000003,1051,33.54
2231,20220310,15,1,33.18,609,5.45
2232,20220310,16,1,57.68,1263,4.57
2233,20220310,17,2,149.12,608,24.53
2234,20220311,8,1,71.9,1502,4.79
2235,20220311,9,6,394.93,827,47.75
2236,20220311,10,1,43.58,1440,3.03
2237,20220311,11,2,252.16,976,25.84
2238,20220311,12,3,275.82,1327,20.79
2239,20220311,13,3,256.69,786,32.66
2240,20220311,14,3,856.3199999999999,1465,58.45
2241,20220311,15,5,462.54,1385,33.4
2242,20220314,9,1,51.86,1177,4.41
2243,20220314,10,1,340.56,1207,28.22
2244,20220314,11,2,259.62,1662,15.62
2245,20220314,12,1,160.22,898,17.84
2246,20220314,13,3,167.44,918,18.24
2247,20220314,14,2,346.44,754,45.95
2248,20220314,15,1,32.74,1152,2.84
2249,20220314,16,2,79.78,682,11.7
2250,20220314,17,1,14.91,612,2.44
2251,20220315,9,4,787.01,1630,48.28
2252,20220315,10,1,47.38,1288,3.68
2253,20220315,11,4,287.53,1293,22.24
2254,20220315,12,1,91.31,1539,5.93
2255,20220315,13,1,125.88,777,16.2
2256,20220315,14,1,125.07,1463,8.55
2257,20220315,15,3,342.53,1439,23.8
2258,20220315,16,1,421.49,1468,28.71
2259,20220315,17,1,56.82,1545,3.68
2260,20220316,8,2,663.14,1616,41.04
2261,20220316,9,1,89.99000000000001,1460,6.16
2262,20220316,10,2,285.79,990,28.87
2263,20220316,11,2,190.01,1382,13.75
2264,20220316,12,1,60.45,802,7.54
2265,20220316,14,2,371.5,838,44.33
2266,20220316,15,2,266.61,1262,21.13
2267,20220317,8,2,64.76,877,7.38
2268,20220317,9,3,208.72,1672,12.48
2269,20220317,11,1,61.77,870,7.1
2270,20220317,12,3,168.53,1024,16.46
2271,20220317,13,1,107.4,1600,6.71
2272,20220317,15,4,378.31,1574,24.03
2273,20220317,16,2,87.97,1309,6.72
2274,20220318,8,1,146.03,1705,8.56
2275,20220318,10,1,57.83,788,7.34
2276,20220318,12,2,103.04,775,13.3
2277,20220318,14,1,53.67,1043,5.15
2278,20220318,15,3,442.89,762,58.12
2279,20220318,17,1,46.42,822,5.65
2280,20220321,8,5,403.49,742,54.38
2281,20220321,9,1,315.4,1518,20.78
2282,20220321,10,1,48.56,1596,3.04
2283,20220321,11,3,157.96,1480,10.67
2284,20220321,12,2,292.34,748,39.08
2285,20220321,13,1,137.57,754,18.25
2286,20220321,15,1,64.11,624,10.27
2287,20220321,16,2,113.88,1290,8.83
2288,20220322,9,2,250.16,1546,16.18
2289,20220322,10,3,249.8,1116,22.38
2290,20220322,11,2,87.71,1648,5.32
2291,20220322,12,1,39.23,1761,2.23
2292,20220322,15,2,387.21,1194,32.43
2293,20220322,17,1,86.22,1109,7.77
2294,20220323,8,2,248.52,668,37.2
2295,20220323,9,2,146.3,1015,14.41
2296,20220323,10,3,281.37,1472,19.11
2297,20220323,11,1,67.63,1577,4.29
2298,20220323,12,2,204.48,1440,14.2
2299,20220323,13,3,74.43,1418,5.25
2300,20220323,15,1,7.62,640,1.19
2301,20220323,16,3,188.69,1097,17.2
2302,20220324,8,4,508.64,618,82.3
2303,20220324,9,1,95.3,1723,5.53
2304,20220324,10,2,113.23,1208,9.37
2305,20220324,11,3,199.29,1215,16.4
2306,20220324,12,4,401.67,731,54.95
2307,20220324,13,2,199.83,920,21.72
2308,20220324,14,1,32.76,1040,3.15
2309,20220324,15,1,57.68000000000001,1277,4.52
2310,20220325,8,2,155.45,935,16.63
2311,20220325,9,2,439.66,1381,31.84
2312,20220325,10,2,825.04,1040,79.33
2313,20220325,11,1,84.85,601,14.12
2314,20220325,12,2,254.71,912,27.93
2315,20220325,13,1,35.41,1319,2.68
2316,20220325,14,2,474.26,1303,36.4
2317,20220325,15,1,54.15,662,8.18
2318,20220325,16,1,161.7,847,19.09
2319,20220328,8,2,139.86,966,14.48
2320,20220328,9,1,238.58,869,27.45
2321,20220328,10,1,110.81,1441,7.69
2322,20220328,11,1,74.01,994,7.45
2323,20220328,12,3,217.84,1417,15.37
2324,20220328,13,3,226.9,1236,18.36
2325,20220328,15,2,163.59,1570,10.42
2326,20220328,16,2,265.15,766,34.61
2327,20220329,8,2,168.78,919,18.37
2328,20220329,9,2,338.12,1251,27.03
2329,20220329,10,1,94.63,1413,6.7
2330,20220329,11,5,373.51,835,44.73
2331,20220329,12,2,264.08,989,26.7
2332,20220329,13,2,50.64,1032,4.91
2333,20220329,14,1,46.01,743,6.19
2334,20220329,15,4,302.53,1057,28.62
2335,20220330,8,2,100.33,976,10.28
2336,20220330,9,3,169.99,604,28.14
2337,20220330,10,1,27.04,999,2.71
2338,20220330,11,2,251.56,1076,23.38
2339,20220330,12,2,134.82,1162,11.6
2340,20220330,14,3,223.64,742,30.14
2341,20220330,15,6,412.01,731,56.36
2342,20220330,16,1,27.68,1732,1.6
2343,20220330,17,1,30.16,1532,1.97
2344,20220331,8,2,67.6,696,9.71
2345,20220331,10,3,314.19,1768,17.77
2346,20220331,11,2,173.1,658,26.31
2347,20220331,14,2,194.11,1378,14.09
2348,20220331,15,1,263.13,720,36.55
2349,20220401,8,2,56.79,1310,4.34
2350,20220401,9,1,3.76,810,0.46
2351,20220401,10,4,734.6,970,75.73
2352,20220401,11,1,31.97,1020,3.13
2353,20220401,12,3,414.96,1669,24.86
2354,20220401,13,1,18.8,795,2.36
2355,20220401,14,2,250.47,1613,15.53
2356,20220401,15,2,293.46,1271,23.09
2357,20220401,16,1,91.12,1580,5.77
2358,20220404,8,1,259.95,1010,25.74
2359,20220404,9,2,237.54,1189,19.98
2360,20220404,10,3,284.72,624,45.63
2361,20220404,11,1,135.49,1179,11.49
2362,20220404,12,1,107.09,1720,6.23
2363,20220404,13,1,31.94,614,5.2
2364,20220404,14,3,221.98,1559,14.24
2365,20220404,15,2,231.06,746,30.97
2366,20220405,8,4,230.12,757,30.4
2367,20220405,9,1,89.5,1254,7.14
2368,20220405,10,4,490.26,1180,41.55
2369,20220405,11,1,203.15,1395,14.56
2370,20220405,12,2,149.85,1130,13.26
2371,20220405,15,4,936.05,748,125.14
2372,20220405,17,2,91.92,1797,5.12
2373,20220406,8,7,658.3,1469,44.81
2374,20220406,9,3,252.31,964,26.17
2375,20220406,10,2,133.18,1736,7.67
2376,20220406,11,3,260.72,1465,17.8
2377,20220406,12,4,270.37,1425,18.97
2378,20220406,13,1,265.92,1679,15.84
2379,20220406,14,1,45.66,1582,2.89
2380,20220406,15,3,238.73,1007,23.71
2381,20220406,16,1,67.82,1760,3.85
2382,20220406,17,1,18.21,1725,1.06
2383,20220407,8,3,328.03,1128,29.08
2384,20220407,9,2,439.47,1025,42.88
2385,20220407,10,2,134.28,926,14.5
2386,20220407,11,1,26.1,1512,1.73
2387,20220407,12,2,269.72,796,33.88
2388,20220407,13,1,237.52,1330,17.86
2389,20220407,14,5,259.35,1147,22.61
2390,20220407,15,1,146.82,1062,13.82
2391,20220407,17,1,62.09,1484,4.18
2392,20220408,8,2,288.55,794,36.34
2393,20220408,9,3,315.71,1160,27.22
2394,20220408,10,4,362.84,1030,35.23
2395,20220408,11,1,58.24,790,7.37
2396,20220408,12,1,73.25,727,10.08
2397,20220408,14,1,355.64,1067,33.33
2398,20220408,15,1,60.89,871,6.99
2399,20220411,8,4,358.44,798,44.92
2400,20220411,10,1,25.56,1475,1.73
2401,20220411,11,4,93.55,740,12.64
2402,20220411,12,1,94.24,1454,6.48
2403,20220411,13,2,181.7,977,18.6
2404,20220411,14,3,653.55,780,83.79
2405,20220411,16,1,105.26,1308,8.05
2406,20220412,8,1,163.24,788,20.72
2407,20220412,9,2,101.63,1651,6.16
2408,20220412,12,1,85.59,824,10.39
2409,20220412,13,2,194.09,1796,10.81
2410,20220412,14,1,13.27,1109,1.2
2411,20220412,15,1,172.89,1680,10.29
2412,20220412,16,2,106.32,1535,6.93
2413,20220413,8,3,393.15,1180,33.32
2414,20220413,9,2,114.12,1106,10.32
2415,20220413,10,3,191.45,1379,13.88
2416,20220413,11,2,75.97,831,9.14
2417,20220413,12,1,115.3,1278,9.02
2418,20220413,13,3,217.89,1283,16.98
2419,20220413,14,1,29.37,614,4.78
2420,20220413,15,1,151.48,1551,9.77
2421,20220413,16,2,163.74,1785,9.17
2422,20220414,8,2,110.92,1781,6.23
2423,20220414,9,3,429.21,1580,27.17
2424,20220414,10,4,479.85,1644,29.19
2425,20220414,12,2,137.01999999999998,1759,7.79
2426,20220414,13,1,142.21,943,15.08
2427,20220414,14,1,37.78,1331,2.84
2428,20220414,15,1,4.54,1482,0.31
2429,20220414,16,2,182.3,1123,16.23
2430,20220415,8,3,391.28,782,50.04
2431,20220415,9,3,123.88,1568,7.9
2432,20220415,11,2,132.29,1573,8.41
2433,20220415,13,4,790.0799999999999,749,105.48
2434,20220415,14,4,255.01,1480,17.23
2435,20220415,15,2,118.23,605,19.54
2436,20220415,16,2,133.92,826,16.21
2437,20220418,8,3,275.65,1742,15.82
2438,20220418,9,1,31.75,1773,1.79
2439,20220418,10,8,944.33,1352,69.85
2440,20220418,12,2,29.91,1628,1.84
2441,20220418,13,1,156.29,1500,10.42
2442,20220418,14,1,213.39,730,29.23
2443,20220418,15,3,662.0,1526,43.38
2444,20220418,16,1,104.49,1384,7.55
2445,20220418,17,1,101.29,1249,8.11
2446,20220419,8,1,45.93000000000001,877,5.24
2447,20220419,9,2,115.24,1687,6.83
2448,20220419,10,3,267.21,975,27.41
2449,20220419,12,1,79.6,614,12.96
2450,20220419,13,2,152.65,1642,9.3
2451,20220419,14,2,279.71,826,33.86
2452,20220419,15,5,677.46,1416,47.84
2453,20220419,16,1,26.82,1151,2.33
2454,20220419,17,2,277.66,1053,26.37
2455,20220420,8,3,176.13,1345,13.1
2456,20220420,9,2,144.47,1434,10.07
2457,20220420,11,1,358.35,1116,32.11
2458,20220420,12,2,276.61,1221,22.65
2459,20220420,13,3,237.14,1609,14.74
2460,20220420,14,3,550.9,1404,39.24
2461,20220420,15,3,138.93,988,14.06
2462,20220420,16,1,62.52,1460,4.28
2463,20220420,17,1,15.16,1662,0.91
2464,20220421,8,4,440.91,1595,27.64
2465,20220421,10,3,262.18,618,42.42
2466,20220421,12,3,145.43,1396,10.42
2467,20220421,13,2,55.54,699,7.95
2468,20220421,14,6,457.77,865,52.92
2469,20220421,15,2,163.45999999999998,1380,11.84
2470,20220421,16,1,40.12,1697,2.36
2471,20220422,9,3,162.39,890,18.25
2472,20220422,10,3,205.3,1751,11.72
2473,20220422,11,6,493.64,601,82.14
2474,20220422,12,1,54.3,651,8.34
2475,20220422,13,1,134.23,1584,8.47
2476,20220422,14,1,106.17,928,11.44
2477,20220422,15,3,157.11999999999998,1363,11.53
2478,20220422,16,2,377.8,659,57.33
2479,20220425,8,2,304.49,1071,28.43
2480,20220425,9,1,214.85,1685,12.75
2481,20220425,10,2,437.09,1139,38.37
2482,20220425,11,1,250.69,1628,15.4
2483,20220425,12,6,296.25,1445,20.5
2484,20220425,14,1,57.6,831,6.93
2485,20220425,15,3,311.52,1392,22.38
2486,20220425,16,3,212.08,783,27.09
2487,20220426,8,2,110.39,693,15.93
2488,20220426,9,2,180.62,1261,14.32
2489,20220426,10,1,68.69999999999999,830,8.28
2490,20220426,11,2,177.67000000000002,841,21.13
2491,20220426,12,3,293.03000000000003,1294,22.65
2492,20220426,13,1,107.98,718,15.04
2493,20220426,15,2,91.42,890,10.27
2494,20220426,16,1,363.18,1236,29.38
2495,20220427,8,3,125.52,1233,10.18
2496,20220427,9,3,466.46,871,53.55
2497,20220427,10,1,57.33,1578,3.63
2498,20220427,11,1,39.18,1602,2.45
2499,20220427,13,1,116.6,713,16.35
2500,20220427,14,2,147.6,1132,13.04
2501,20220427,15,2,81.83,622,13.16
2502,20220427,17,1,32.8,1715,1.91
2503,20220428,8,4,359.88,1595,22.56
2504,20220428,9,3,463.64,1742,26.62
2505,20220428,10,1,55.82,1608,3.47
2506,20220428,11,2,122.78,1137,10.8
2507,20220428,13,2,205.83,1417,14.53
2508,20220428,14,2,328.25,1682,19.52
2509,20220428,15,3,314.6,1107,28.42
2510,20220429,9,3,112.69,1664,6.77
2511,20220429,10,4,704.93,950,74.2
2512,20220429,11,1,103.01,1109,9.29
2513,20220429,13,2,260.55,1128,23.1
2514,20220429,15,2,102.03,1369,7.45
2515,20220429,16,1,23.770000000000003,1667,1.43
2516,20220502,8,1,169.99,1385,12.27
2517,20220502,9,2,657.62,1088,60.44
2518,20220502,10,3,349.67,1770,19.76
2519,20220502,11,3,362.24,1718,21.08
2520,20220502,13,3,179.26,1369,13.09
2521,20220502,17,2,146.26000000000002,866,16.89
2522,20220503,8,2,229.89,1645,13.98
2523,20220503,9,3,438.49,1635,26.82
2524,20220503,10,3,129.56,1097,11.81
2525,20220503,11,2,102.73,1335,7.7
2526,20220503,12,1,104.55,1138,9.19
2527,20220503,13,1,36.08,925,3.9
2528,20220503,14,1,347.58,998,34.83
2529,20220503,15,3,859.71,810,106.14
2530,20220503,16,1,60.32,1064,5.67
2531,20220504,8,1,130.25,823,15.83
2532,20220504,9,2,166.92,688,24.26
2533,20220504,10,2,341.61,1316,25.96
2534,20220504,11,4,519.23,967,53.69
2535,20220504,12,2,91.23,1466,6.22
2536,20220504,13,1,168.35,1793,9.39
2537,20220504,14,2,147.70999999999998,1363,10.84
2538,20220504,15,2,114.01,1238,9.21
2539,20220504,16,1,53.9,1567,3.44
2540,20220505,8,6,414.81,1448,28.65
2541,20220505,9,3,369.66,1413,26.16
2542,20220505,10,3,209.67,1365,15.36
2543,20220505,11,4,252.9,649,38.97
2544,20220505,12,1,75.96,1250,6.08
2545,20220505,14,1,45.1,1759,2.56
2546,20220505,15,1,70.64,1607,4.4
2547,20220506,8,3,155.22,975,15.92
2548,20220506,9,3,774.2,1400,55.3
2549,20220506,10,2,218.44,920,23.74
2550,20220506,11,2,369.24,1286,28.71
2551,20220506,13,1,0.0,1359,0.0
2552,20220506,14,1,137.62,1420,9.69
2553,20220506,15,2,176.66,1062,16.63
2554,20220506,16,1,135.09,1221,11.06
2555,20220506,17,3,516.38,1118,46.19
2556,20220509,8,2,203.09,838,24.24
2557,20220509,9,2,114.4,984,11.63
2558,20220509,10,6,776.48,1672,46.44
2559,20220509,11,2,582.3,1022,56.98
2560,20220509,13,2,182.23,1759,10.36
2561,20220509,14,1,48.92,1771,2.76
2562,20220509,15,3,359.25,1060,33.89
2563,20220509,16,4,264.29,1115,23.7
2564,20220510,8,1,135.73000000000002,1094,12.41
2565,20220510,9,1,32.69,1148,2.85
2566,20220510,10,1,70.23,1215,5.78
2567,20220510,11,1,68.65,1406,4.88
2568,20220510,12,1,91.14,811,11.24
2569,20220510,13,1,25.29,947,2.67
2570,20220510,14,2,254.59,1579,16.12
2571,20220510,15,2,278.17,1436,19.37
2572,20220510,16,2,218.16,1576,13.84
2573,20220511,8,2,132.44,1138,11.64
2574,20220511,9,3,138.25,1670,8.28
2575,20220511,11,3,201.85,1078,18.72
2576,20220511,12,4,123.05,1625,7.57
2577,20220511,13,3,256.89,673,38.17
2578,20220511,14,3,460.96,1719,26.82
2579,20220512,8,4,302.43,766,39.48
2580,20220512,9,2,282.0,1099,25.66
2581,20220512,10,5,290.26,646,44.93
2582,20220512,11,1,52.24,1452,3.6
2583,20220512,12,3,468.56,1636,28.64
2584,20220512,13,1,69.87,1415,4.94
2585,20220512,15,4,385.46,1706,22.59
2586,20220512,16,1,51.52,1515,3.4
2587,20220513,8,1,33.89,1147,2.95
2588,20220513,9,4,282.66,601,47.03
2589,20220513,10,2,93.46,1502,6.22
2590,20220513,13,1,138.66,792,17.51
2591,20220513,14,2,91.16,1409,6.47
2592,20220513,15,4,292.87,1607,18.22
2593,20220513,16,1,33.010000000000005,985,3.35
2594,20220516,8,3,354.34,1601,22.13
2595,20220516,9,1,34.13,1197,2.85
2596,20220516,10,3,197.71,1327,14.9
2597,20220516,11,2,175.6,1764,9.95
2598,20220516,12,1,79.75999999999999,1352,5.9
2599,20220516,13,1,105.0,678,15.49
2600,20220516,14,1,145.69,1384,10.53
2601,20220516,15,2,131.56,959,13.72
2602,20220516,16,2,131.73,809,16.28
2603,20220517,8,7,637.79,1452,43.92
2604,20220517,9,3,476.03,1564,30.44
2605,20220517,10,2,394.23,1745,22.59
2606,20220517,11,1,580.97,1238,46.93
2607,20220517,12,1,72.67,1068,6.8
2608,20220517,13,3,173.69,612,28.38
2609,20220517,14,1,68.26,1528,4.47
2610,20220517,15,2,292.01,787,37.1
2611,20220517,16,1,36.260000000000005,1719,2.11
2612,20220517,17,1,210.7,1746,12.07
2613,20220518,8,3,238.98,898,26.61
2614,20220518,9,3,108.78,1704,6.38
2615,20220518,10,1,59.05,711,8.31
2616,20220518,11,2,118.72,1446,8.21
2617,20220518,12,2,117.89,758,15.55
2618,20220518,14,1,56.81999999999999,1283,4.43
2619,20220518,15,2,177.99,1188,14.98
2620,20220518,17,1,58.63,1389,4.22
2621,20220519,8,2,105.4,1611,6.54
2622,20220519,10,2,190.01,1435,13.24
2623,20220519,11,4,346.91,1226,28.3
2624,20220519,12,1,331.82,1532,21.66
2625,20220519,13,1,46.6,837,5.57
2626,20220519,14,2,88.48,1144,7.73
2627,20220519,15,2,84.29,1763,4.78
2628,20220519,16,1,181.16,991,18.28
2629,20220520,8,4,309.09000000000003,1253,24.67
2630,20220520,10,2,452.74,850,53.26
2631,20220520,11,1,166.87,639,26.11
2632,20220520,12,2,254.73,1163,21.9
2633,20220520,13,1,54.99,1287,4.27
2634,20220520,14,1,64.82,1599,4.05
2635,20220520,15,2,157.44,1119,14.07
2636,20220520,16,3,293.06,1536,19.08
2637,20220520,17,1,62.48,1552,4.03
2638,20220523,8,2,136.15,979,13.91
2639,20220523,9,5,525.46,761,69.05
2640,20220523,10,2,165.63,733,22.6
2641,20220523,11,1,218.77,884,24.75
2642,20220523,12,1,78.75,1071,7.35
2643,20220523,13,1,67.73,1467,4.62
2644,20220523,14,3,276.55,1535,18.02
2645,20220523,16,1,53.010000000000005,1474,3.6
2646,20220523,17,1,17.78,1418,1.25
2647,20220524,8,2,603.54,1420,42.5
2648,20220524,9,1,190.27,1542,12.34
2649,20220524,10,2,182.68,1356,13.47
2650,20220524,11,2,65.9,834,7.9
2651,20220524,12,2,93.8,647,14.5
2652,20220524,13,1,12.18,1268,0.96
2653,20220524,14,1,30.6,1226,2.5
2654,20220524,15,1,57.39,1502,3.82
2655,20220525,8,6,744.28,1652,45.05
2656,20220525,9,6,397.98,702,56.69
2657,20220525,10,3,333.36,750,44.45
2658,20220525,11,3,121.64,1149,10.59
2659,20220525,12,2,179.12,1583,11.32
2660,20220525,13,1,92.86,1236,7.51
2661,20220525,15,3,491.6,1795,27.39
2662,20220525,16,3,287.08,1262,22.75
2663,20220526,8,6,867.44,959,90.45
2664,20220526,9,1,124.75,1567,7.96
2665,20220526,10,4,275.96,1351,20.43
2666,20220526,12,1,50.95,1464,3.48
2667,20220526,14,2,96.77,1652,5.86
2668,20220526,15,2,393.05,1205,32.62
2669,20220526,16,1,136.97,1655,8.28
2670,20220526,17,1,27.37,1172,2.34
2671,20220527,8,1,46.32,1477,3.14
2672,20220527,9,1,211.54,1524,13.88
2673,20220527,11,3,440.62,1661,26.53
2674,20220527,13,3,174.99,1466,11.94
2675,20220527,14,2,261.65,1505,17.39
2676,20220527,15,2,85.07,1797,4.73
2677,20220527,16,3,177.67,1153,15.41
2678,20220527,17,2,298.46,1076,27.74
2679,20220530,8,4,410.49,732,56.08
2680,20220530,9,3,417.93,1616,25.86
2681,20220530,10,3,322.11,875,36.81
2682,20220530,11,1,75.36,724,10.41
2683,20220530,13,1,55.42,699,7.93
2684,20220530,15,2,209.64,1440,14.56
2685,20220530,17,1,122.52,1616,7.58
2686,20220531,8,3,303.18,1586,19.12
2687,20220531,9,2,184.48,1505,12.26
2688,20220531,10,2,213.77,1529,13.98
2689,20220531,12,5,408.14,1202,33.96
2690,20220531,13,2,57.65,1382,4.17
2691,20220531,14,3,225.86,1440,15.68
2692,20220531,15,1,30.42,942,3.23
2693,20220531,16,1,191.1,616,31.02
2694,20220601,8,1,23.76,988,2.4
2695,20220601,9,3,337.89,692,48.83
2696,20220601,10,3,191.42,1331,14.38
2697,20220601,11,2,80.5,750,10.73
2698,20220601,12,1,81.52000000000001,607,13.43
2699,20220601,13,2,140.56,957,14.69
2700,20220601,14,2,193.54,1694,11.43
2701,20220601,15,2,216.98,1492,14.54
2702,20220601,16,1,14.64,1313,1.12
2703,20220601,17,1,91.94,1342,6.85
2704,20220602,8,1,30.05,1765,1.7
2705,20220602,9,3,225.8,1764,12.8
2706,20220602,10,4,224.34,1072,20.93
2707,20220602,11,1,62.760000000000005,1026,6.12
2708,20220602,13,2,159.17000000000002,886,17.97
2709,20220602,15,3,123.92,1357,9.13
2710,20220602,16,1,26.46,1161,2.28
2711,20220602,17,1,96.51,1383,6.98
2712,20220603,8,1,73.77000000000001,1173,6.29
2713,20220603,9,2,170.35,1523,11.19
2714,20220603,11,4,970.84,1227,79.12
2715,20220603,12,1,71.16,1712,4.16
2716,20220603,13,1,80.28,1526,5.26
2717,20220603,14,5,552.75,705,78.4
2718,20220603,15,4,208.09,1033,20.14
2719,20220603,16,1,60.64,1257,4.82
2720,20220606,9,1,19.11,1271,1.5
2721,20220606,10,1,31.68,1753,1.81
2722,20220606,11,1,0.0,1435,0.0
2723,20220606,12,2,231.66,608,38.1
2724,20220606,13,2,711.63,1422,50.04
2725,20220606,14,1,73.54,1260,5.84
2726,20220606,15,4,506.38,1225,41.34
2727,20220606,16,2,272.48,1292,21.09
2728,20220606,17,1,33.67,1050,3.21
2729,20220607,8,5,570.34,1773,32.17
2730,20220607,9,4,372.47,1224,30.43
2731,20220607,10,2,251.36,1365,18.41
2732,20220607,11,3,327.6,1650,19.85
2733,20220607,12,2,142.04999999999998,873,16.27
2734,20220607,13,5,370.6,1112,33.33
2735,20220607,14,1,113.07,1708,6.62
2736,20220607,15,1,107.6,1106,9.73
2737,20220607,16,1,57.4,1271,4.52
2738,20220608,8,4,226.55,979,23.14
2739,20220608,10,1,55.89,926,6.04
2740,20220608,11,2,143.5,652,22.01
2741,20220608,12,1,68.0,966,7.04
2742,20220608,14,1,41.98,651,6.45
2743,20220608,15,4,277.74,1265,21.96
2744,20220608,16,2,402.15,862,46.65
2745,20220609,8,2,116.19,1546,7.52
2746,20220609,10,4,244.53,1269,19.27
2747,20220609,11,1,56.87,996,5.71
2748,20220609,14,1,81.89000000000001,1601,5.11
2749,20220609,15,2,143.57999999999998,1597,8.99
2750,20220609,16,1,80.95,1445,5.6
2751,20220609,17,1,126.99,1581,8.03
2752,20220610,8,1,58.9,1609,3.66
2753,20220610,9,4,240.31,1013,23.72
2754,20220610,10,6,347.45,975,35.64
2755,20220610,11,2,55.32,814,6.8
2756,20220610,12,1,193.3,648,29.83
2757,20220610,13,2,240.99,1612,14.95
2758,20220610,14,1,69.16,1782,3.88
2759,20220610,15,3,228.33,1780,12.83
2760,20220610,16,1,49.66,1129,4.4
2761,20220610,17,2,159.9,812,19.69
2762,20220613,8,4,294.71000000000004,1271,23.19
2763,20220613,9,4,370.48,984,37.65
2764,20220613,10,2,185.35,1771,10.47
2765,20220613,11,1,126.91,1800,7.05
2766,20220613,12,1,40.71,1275,3.19
2767,20220613,13,2,124.04,856,14.49
2768,20220613,14,2,131.20000000000002,841,15.6
2769,20220613,15,2,87.68,1357,6.46
2770,20220613,16,3,128.18,1307,9.81
2771,20220614,9,2,220.83,1477,14.95
2772,20220614,10,1,45.08,1743,2.59
2773,20220614,11,1,53.73,796,6.75
2774,20220614,12,2,62.77,772,8.13
2775,20220614,13,2,204.57,1510,13.55
2776,20220614,14,1,191.2,1329,14.39
2777,20220614,15,4,439.81,1258,34.96
2778,20220614,16,1,342.23,1673,20.46
2779,20220614,17,2,160.81,1283,12.53
2780,20220615,8,2,171.48,1355,12.66
2781,20220615,10,2,202.95,1674,12.12
2782,20220615,11,3,304.02,1228,24.76
2783,20220615,13,1,145.74,953,15.29
2784,20220615,14,2,315.08,1160,27.16
2785,20220615,15,1,57.68,1609,3.58
2786,20220615,17,1,177.82,614,28.96
2787,20220616,8,3,138.26999999999998,644,21.47
2788,20220616,12,3,347.46,1455,23.88
2789,20220616,13,2,134.09,714,18.78
2790,20220616,14,2,59.92999999999999,1062,5.64
2791,20220616,15,1,83.72,1269,6.6
2792,20220617,8,2,142.67,1413,10.1
2793,20220617,9,2,108.62,1560,6.96
2794,20220617,10,4,224.17,1664,13.47
2795,20220617,11,2,169.1,781,21.65
2796,20220617,12,3,186.37,1348,13.83
2797,20220617,13,2,99.58,1405,7.09
2798,20220617,14,3,330.31,1589,20.79
2799,20220617,15,2,132.89,1443,9.21
2800,20220617,17,3,236.24,1114,21.21
2801,20220620,8,1,48.49,1130,4.29
2802,20220620,9,1,49.78,1573,3.16
2803,20220620,10,4,278.94,1432,19.48
2804,20220620,11,2,225.94,1192,18.95
2805,20220620,13,2,104.2,1261,8.26
2806,20220620,14,2,153.36,1693,9.06
2807,20220620,15,2,169.41,836,20.26
2808,20220620,16,2,140.59,922,15.25
2809,20220621,8,1,65.89,1150,5.73
2810,20220621,9,5,221.39,1089,20.33
2811,20220621,10,3,392.67,908,43.25
2812,20220621,11,1,71.05,1518,4.68
2813,20220621,12,4,191.95,1376,13.95
2814,20220621,13,1,9.08,1359,0.67
2815,20220621,14,4,284.55,780,36.48
2816,20220621,15,3,146.64,1307,11.22
2817,20220622,8,1,105.85,805,13.15
2818,20220622,9,4,332.2,1116,29.77
2819,20220622,10,1,8.54,764,1.12
2820,20220622,11,1,90.33,1767,5.11
2821,20220622,12,3,266.46,701,38.01
2822,20220622,13,4,212.64,913,23.29
2823,20220622,14,1,103.4,1360,7.6
2824,20220622,15,3,259.22,696,37.24
2825,20220623,8,3,180.39,846,21.32
2826,20220623,9,1,123.72,635,19.48
2827,20220623,10,4,239.49,764,31.35
2828,20220623,11,1,45.3,1142,3.97
2829,20220623,12,2,188.13,1178,15.97
2830,20220623,13,1,130.32999999999998,1320,9.87
2831,20220623,14,1,55.84,732,7.63
2832,20220623,15,2,118.66,863,13.75
2833,20220623,16,3,327.88,1225,26.77
2834,20220624,8,2,218.27,1666,13.1
2835,20220624,9,6,423.1,1365,31.0
2836,20220624,10,3,191.63,1355,14.14
2837,20220624,11,3,218.56,813,26.88
2838,20220624,12,1,72.36,1312,5.52
2839,20220624,13,2,99.03,761,13.01
2840,20220624,15,2,103.66,1724,6.01
2841,20220624,16,2,450.7,862,52.29
2842,20220627,8,3,127.67,978,13.05
2843,20220627,9,2,38.2,1340,2.85
2844,20220627,10,3,290.47,1557,18.66
2845,20220627,11,3,146.04,1789,8.16
2846,20220627,12,1,72.37,1650,4.39
2847,20220627,13,1,107.43,1731,6.21
2848,20220627,15,3,470.82,1599,29.44
2849,20220628,8,2,460.51,1792,25.7
2850,20220628,9,1,52.78,1792,2.95
2851,20220628,10,1,58.38,698,8.36
2852,20220628,11,2,140.31,902,15.56
2853,20220628,12,4,314.6,1589,19.8
2854,20220628,13,3,306.12,1109,27.6
2855,20220628,14,3,262.44,1240,21.16
2856,20220628,15,1,68.13,845,8.06
2857,20220629,8,2,39.06,1245,3.14
2858,20220629,9,1,30.48,959,3.18
2859,20220629,10,4,297.28,1797,16.54
2860,20220629,11,3,77.80000000000001,837,9.3
2861,20220629,12,4,267.93,1274,21.03
2862,20220629,13,1,73.88,760,9.72
2863,20220629,14,2,388.16,1132,34.29
2864,20220629,15,2,121.3,798,15.2
2865,20220630,8,4,528.0600000000001,1595,33.11
2866,20220630,9,2,126.38,1285,9.84
2867,20220630,10,4,97.8,1612,6.07
2868,20220630,11,2,59.97,826,7.26
2869,20220630,13,2,176.36,1090,16.18
2870,20220630,14,3,132.19,1543,8.57
2871,20220630,15,2,233.41,1220,19.13
2872,20220630,17,1,92.68,729,12.71
2873,20220701,8,4,293.58,1384,21.21
2874,20220701,9,5,392.86,1056,37.2
2875,20220701,10,5,554.58,981,56.53
2876,20220701,11,2,200.71,1208,16.62
2877,20220701,13,1,140.92000000000002,1305,10.8
2878,20220701,14,3,168.35,637,26.43
2879,20220701,15,1,59.0,1098,5.37
2880,20220701,16,1,126.86,1220,10.4
2881,20220704,8,3,198.55,1195,16.62
2882,20220704,9,2,77.50999999999999,1605,4.83
2883,20220704,10,2,127.46,1613,7.9
2884,20220704,11,4,408.45,1141,35.8
2885,20220704,12,3,328.26,1621,20.25
2886,20220704,14,2,226.48,1063,21.31
2887,20220704,15,2,206.27,1271,16.23
2888,20220704,16,1,87.0,846,10.28
2889,20220704,17,1,54.25,851,6.37
2890,20220705,8,3,306.42,985,31.11
2891,20220705,9,1,39.81,686,5.8
2892,20220705,10,1,81.74,986,8.29
2893,20220705,12,6,549.96,749,73.43
2894,20220705,13,1,57.46,1121,5.13
2895,20220705,14,3,872.08,1292,67.5
2896,20220705,15,3,182.25,894,20.39
2897,20220705,16,2,180.98,1348,13.43
2898,20220706,8,4,288.64,1144,25.23
2899,20220706,9,6,401.1,1566,25.61
2900,20220706,10,1,50.88,1031,4.94
2901,20220706,11,1,20.52,801,2.56
2902,20220706,12,3,156.64,614,25.51
2903,20220706,13,1,93.01,1016,9.15
2904,20220706,14,1,25.81,951,2.71
2905,20220706,15,3,70.35,848,8.3
2906,20220706,16,2,176.19,1207,14.6
2907,20220706,17,1,112.98,1058,10.68
2908,20220707,8,4,341.57,1102,31.0
2909,20220707,9,1,42.0,1400,3.0
2910,20220707,10,2,75.53,1127,6.7
2911,20220707,11,2,336.72,1779,18.93
2912,20220707,12,2,251.89,1106,22.77
2913,20220707,13,2,119.9,1387,8.64
2914,20220707,14,2,189.17,1319,14.34
2915,20220707,15,3,644.72,873,73.85
2916,20220707,16,1,105.18,1486,7.08
2917,20220708,8,2,273.24,1018,26.84
2918,20220708,9,2,127.39,1635,7.79
2919,20220708,11,3,308.66,917,33.66
2920,20220708,13,1,38.120000000000005,1296,2.94
2921,20220708,15,2,116.57,831,14.03
2922,20220708,17,1,9.4,880,1.07
2923,20220711,8,1,92.13,716,12.87
2924,20220711,9,4,841.11,1368,61.48
2925,20220711,10,2,102.83,1090,9.43
2926,20220711,11,1,79.07000000000001,1386,5.7
2927,20220711,13,1,129.31,1797,7.2
2928,20220711,16,2,70.91,899,7.89
2929,20220712,8,7,756.9300000000001,745,101.6
2930,20220712,9,6,594.99,825,72.12
2931,20220712,10,2,221.65,1745,12.7
2932,20220712,11,1,25.69,806,3.19
2933,20220712,12,1,13.53,1371,0.99
2934,20220712,13,1,379.58,1700,22.33
2935,20220712,16,3,321.93,1464,21.99
2936,20220712,17,2,249.29,1405,17.74
2937,20220713,8,4,193.88,1410,13.75
2938,20220713,9,3,267.77,1342,19.95
2939,20220713,10,3,276.97,1003,27.61
2940,20220713,12,3,221.28,746,29.66
2941,20220713,13,3,297.95,1027,29.01
2942,20220713,14,2,376.48,863,43.62
2943,20220713,15,2,133.77,628,21.3
2944,20220713,16,1,53.57,824,6.5
2945,20220713,17,3,146.37,656,22.31
2946,20220714,8,3,135.78,1490,9.11
2947,20220714,9,2,261.76,1577,16.6
2948,20220714,10,2,157.24,968,16.24
2949,20220714,11,2,100.15,776,12.91
2950,20220714,12,2,215.7,736,29.31
2951,20220714,13,1,46.48,1085,4.28
2952,20220714,14,1,40.3,1190,3.39
2953,20220714,15,1,70.97,885,8.02
2954,20220715,8,4,181.07,1737,10.42
2955,20220715,9,2,172.17000000000002,1395,12.34
2956,20220715,11,5,405.31,1225,33.09
2957,20220715,12,4,322.73,1707,18.91
2958,20220715,13,2,56.3,690,8.16
2959,20220715,14,4,318.17,1565,20.33
2960,20220715,15,1,80.53999999999999,1215,6.63
2961,20220715,16,1,71.64,856,8.37
2962,20220718,8,2,146.28,1762,8.3
2963,20220718,9,4,236.58,1740,13.6
2964,20220718,10,2,77.46,1742,4.45
2965,20220718,11,3,369.52,1478,25.0
2966,20220718,12,1,89.53999999999999,1739,5.15
2967,20220718,13,2,542.38,1243,43.63
2968,20220718,14,1,68.8,997,6.9
2969,20220718,15,2,111.15,1032,10.77
2970,20220719,8,4,330.07,784,42.1
2971,20220719,9,2,152.17000000000002,1157,13.15
2972,20220719,10,2,78.37,1778,4.41
2973,20220719,11,2,238.95,1737,13.76
2974,20220719,14,2,266.36,644,41.36
2975,20220719,15,1,110.0,661,16.64
2976,20220719,17,1,132.07,870,15.18
2977,20220720,8,6,368.59,1101,33.48
2978,20220720,9,1,216.28,1144,18.91
2979,20220720,10,6,304.64,1623,18.77
2980,20220720,11,2,157.22,1778,8.84
2981,20220720,12,1,162.15,783,20.71
2982,20220720,13,2,115.0,628,18.31
2983,20220720,14,2,200.38,1163,17.23
2984,20220720,15,2,157.13,1481,10.61
2985,20220720,16,1,32.980000000000004,829,3.98
2986,20220721,8,4,167.96,1477,11.37
2987,20220721,11,2,144.34,727,19.85
2988,20220721,12,2,47.89,1731,2.77
2989,20220721,13,5,537.82,1642,32.75
2990,20220721,14,2,94.28,979,9.63
2991,20220721,15,2,399.17,1162,34.35
2992,20220721,16,1,68.64,723,9.49
2993,20220722,8,3,311.16,983,31.65
2994,20220722,9,1,221.06,633,34.92
2995,20220722,10,3,218.53,704,31.04
2996,20220722,11,1,61.29,975,6.29
2997,20220722,13,1,177.64,799,22.23
2998,20220722,15,2,89.05,794,11.22
2999,20220725,8,4,328.93,1150,28.6
3000,20220725,9,1,89.38,719,12.43
3001,20220725,11,1,75.63,1521,4.97
3002,20220725,12,1,179.06,1638,10.93
3003,20220725,13,4,452.21,1343,33.67
3004,20220725,14,1,61.88,1332,4.65
3005,20220725,15,1,33.58,1594,2.11
3006,20220725,16,3,164.09,1650,9.94
3007,20220726,9,3,455.36,1747,26.07
3008,20220726,10,2,164.76,1027,16.04
3009,20220726,12,1,100.4,764,13.14
3010,20220726,13,1,63.43000000000001,1139,5.57
3011,20220726,15,2,122.58,647,18.95
3012,20220726,16,1,48.88,1036,4.72
3013,20220726,17,2,556.17,978,56.87
3014,20220727,8,2,151.5,1079,14.04
3015,20220727,9,2,128.95,871,14.8
3016,20220727,10,1,56.07,1770,3.17
3017,20220727,11,2,170.22,982,17.33
3018,20220727,15,6,838.76,1301,64.47
3019,20220727,17,1,40.57,641,6.33
3020,20220728,8,5,337.95,1600,21.12
3021,20220728,9,2,85.2,1509,5.65
3022,20220728,10,1,125.04,1707,7.33
3023,20220728,12,2,177.32,675,26.27
3024,20220728,13,2,306.21,833,36.76
3025,20220728,14,1,66.92,1656,4.04
3026,20220728,15,6,440.88,631,69.87
3027,20220728,16,3,244.65,994,24.61
3028,20220729,8,3,211.62,1074,19.7
3029,20220729,9,1,54.16,699,7.75
3030,20220729,10,3,251.58,1247,20.17
3031,20220729,11,1,39.66,1567,2.53
3032,20220729,12,3,460.52,1123,41.01
3033,20220729,13,1,13.57,1760,0.77
3034,20220729,14,2,294.22,1624,18.12
3035,20220729,15,3,245.32,764,32.11
3036,20220729,16,2,91.96,1595,5.77
3037,20220801,8,3,193.86,721,26.89
3038,20220801,9,1,97.31,1122,8.67
3039,20220801,10,4,308.03,675,45.63
3040,20220801,11,4,276.13,1734,15.92
3041,20220801,12,1,37.23,1477,2.52
3042,20220801,13,1,94.9,796,11.92
3043,20220801,15,2,193.19,918,21.04
3044,20220802,8,2,209.7,1013,20.7
3045,20220802,9,3,268.39,1556,17.25
3046,20220802,10,1,66.56,640,10.4
3047,20220802,11,3,247.98,1726,14.37
3048,20220802,12,3,156.01999999999998,1261,12.37
3049,20220802,13,2,95.97,1431,6.71
3050,20220802,14,3,197.12,991,19.89
3051,20220802,15,2,323.82,708,45.74
3052,20220802,16,1,3.66,615,0.6
3053,20220802,17,3,428.0,871,49.14
3054,20220803,10,5,318.07,1706,18.64
3055,20220803,12,1,135.39,1099,12.32
3056,20220803,13,1,73.86,1196,6.18
3057,20220803,15,6,763.3,1603,47.62
3058,20220803,16,1,82.50999999999999,1792,4.6
3059,20220803,17,1,39.61,1166,3.4
3060,20220804,8,1,200.26,1146,17.47
3061,20220804,10,2,126.51,1061,11.92
3062,20220804,13,1,67.21000000000001,1606,4.18
3063,20220804,14,2,113.3,771,14.7
3064,20220804,15,6,399.63,806,49.58
3065,20220804,16,2,164.2,1757,9.35
3066,20220805,8,7,537.5699999999999,1066,50.43
3067,20220805,9,2,86.00999999999999,1641,5.24
3068,20220805,10,2,232.05,1349,17.2
3069,20220805,11,2,247.03,1006,24.56
3070,20220805,12,1,25.3,1237,2.05
3071,20220805,13,2,97.19,1114,8.72
3072,20220805,14,2,139.31,1036,13.45
3073,20220805,15,6,537.66,1174,45.8
3074,20220805,17,1,211.78,1745,12.14
3075,20220808,8,3,169.28,1799,9.41
3076,20220808,9,2,116.88,795,14.7
3077,20220808,10,1,41.75,1395,2.99
3078,20220808,11,1,23.16,734,3.16
3079,20220808,12,1,122.09,1067,11.44
3080,20220808,13,1,39.16,611,6.41
3081,20220808,14,1,241.68,732,33.02
3082,20220808,15,2,181.32,1302,13.93
3083,20220808,16,2,323.88,784,41.31
3084,20220809,8,5,415.52,1215,34.2
3085,20220809,9,1,104.28,921,11.32
3086,20220809,10,2,262.89,1614,16.29
3087,20220809,11,2,292.89,838,34.95
3088,20220809,13,3,865.53,763,113.44
3089,20220809,14,2,242.81,614,39.55
3090,20220809,15,3,413.43,1626,25.43
3091,20220810,8,3,134.55,792,16.99
3092,20220810,9,1,72.89,782,9.32
3093,20220810,10,1,116.42,824,14.13
3094,20220810,11,1,116.76,825,14.15
3095,20220810,13,1,37.05,1717,2.16
3096,20220810,14,1,128.07999999999998,1611,7.95
3097,20220810,15,1,29.8,766,3.89
3098,20220810,16,1,109.38,800,13.67
3099,20220810,17,2,155.16,729,21.28
3100,20220811,8,2,204.73,1800,11.37
3101,20220811,9,3,283.29,1596,17.75
3102,20220811,10,3,139.31,1025,13.59
3103,20220811,11,2,267.33000000000004,626,42.7
3104,20220811,12,2,78.93,1027,7.69
3105,20220811,14,2,85.78,1523,5.63
3106,20220811,15,7,860.6,1485,57.95
3107,20220812,8,5,335.55,1668,20.12
3108,20220812,9,5,281.98,850,33.17
3109,20220812,11,3,218.45,1787,12.22
3110,20220812,13,3,220.19,993,22.17
3111,20220812,14,2,84.25,1219,6.91
3112,20220812,15,3,273.81,1286,21.29
3113,20220812,16,2,72.7,1733,4.2
3114,20220812,17,1,139.69,1173,11.91
3115,20220816,8,5,393.34,1508,26.08
3116,20220816,9,1,6.81,1091,0.62
3117,20220816,10,4,226.79,621,36.52
3118,20220816,11,1,70.31,1285,5.47
3119,20220816,12,1,212.21,1594,13.31
3120,20220816,13,2,151.35,1445,10.47
3121,20220816,14,1,12.28,1590,0.77
3122,20220816,15,6,466.84,1625,28.73
3123,20220817,9,2,173.04000000000002,1743,9.93
3124,20220817,10,4,338.44,784,43.17
3125,20220817,11,1,33.02,1178,2.8
3126,20220817,12,3,571.58,984,58.09
3127,20220817,13,1,101.99,1696,6.01
3128,20220817,14,1,13.41,1600,0.84
3129,20220817,15,2,285.19,1453,19.63
3130,20220817,16,2,216.32,960,22.53
3131,20220817,17,5,508.23,859,59.17
3132,20220818,8,5,410.51,1381,29.73
3133,20220818,9,1,72.64,1058,6.87
3134,20220818,10,4,440.53,1632,26.99
3135,20220818,11,2,70.19,1332,5.27
3136,20220818,12,4,562.04,783,71.78
3137,20220818,13,3,100.07,952,10.51
3138,20220818,14,5,642.8000000000001,821,78.29
3139,20220818,17,1,64.24,753,8.53
3140,20220819,8,4,840.45,1227,68.5
3141,20220819,9,3,459.78,602,76.38
3142,20220819,10,1,42.71,1680,2.54
3143,20220819,11,2,84.6,1419,5.96
3144,20220819,12,2,108.04,1771,6.1
3145,20220819,13,2,176.51,1707,10.34
3146,20220819,14,2,469.09,1356,34.59
3147,20220819,15,2,113.64,1608,7.07
3148,20220819,16,1,24.97,1786,1.4
3149,20220822,8,1,100.46,1222,8.22
3150,20220822,9,2,124.41,648,19.2
3151,20220822,10,4,664.32,1151,57.72
3152,20220822,11,2,71.78999999999999,780,9.2
3153,20220822,12,5,590.75,1156,51.1
3154,20220822,13,1,43.51,963,4.52
3155,20220822,14,3,116.16,1627,7.14
3156,20220822,15,3,233.19,1535,15.19
3157,20220822,16,1,74.47999999999999,951,7.83
3158,20220823,8,1,178.09,1154,15.43
3159,20220823,9,3,105.71,1267,8.34
3160,20220823,10,6,273.42,1656,16.51
3161,20220823,12,2,68.11,944,7.22
3162,20220823,13,3,226.83,1551,14.62
3163,20220823,14,1,30.42,1595,1.91
3164,20220823,15,3,164.14,855,19.2
3165,20220823,16,3,199.76,896,22.29
3166,20220824,8,7,631.29,1254,50.34
3167,20220824,9,4,180.22,615,29.3
3168,20220824,10,2,150.66,1391,10.83
3169,20220824,11,2,188.89,1517,12.45
3170,20220824,12,1,153.76,1004,15.31
3171,20220824,13,2,123.48,763,16.18
3172,20220824,14,2,83.5,1002,8.33
3173,20220824,15,3,210.3,1383,15.21
3174,20220824,16,2,134.06,1104,12.14
3175,20220825,8,1,0.0,1617,0.0
3176,20220825,12,2,395.91,1509,26.24
3177,20220825,13,3,224.9,785,28.65
3178,20220825,14,1,332.1,1281,25.93
3179,20220826,8,4,150.58,1256,11.99
3180,20220826,9,1,89.57,969,9.24
3181,20220826,10,2,200.04,1795,11.14
3182,20220826,11,3,563.83,1449,38.91
3183,20220826,12,1,55.510000000000005,934,5.94
3184,20220826,13,2,64.0,1503,4.26
3185,20220826,14,1,124.91,1549,8.06
3186,20220829,9,3,458.01,1223,37.45
3187,20220829,10,1,55.67,1273,4.37
3188,20220829,11,3,349.5,1397,25.02
3189,20220829,12,2,131.74,1458,9.04
3190,20220829,13,1,61.26,1126,5.44
3191,20220829,14,2,101.19,1282,7.89
3192,20220829,15,4,544.17,1568,34.7
3193,20220829,16,2,143.98,1472,9.78
3194,20220829,17,1,150.5,1121,13.43
3195,20220830,8,3,219.39,1453,15.1
3196,20220830,9,1,21.52,1680,1.28
3197,20220830,10,2,448.9,1356,33.1
3198,20220830,11,3,466.18,1243,37.5
3199,20220830,12,2,119.46,1323,9.03
3200,20220830,13,2,383.56,1612,23.79
3201,20220830,14,3,186.27,610,30.54
3202,20220830,15,3,606.39,987,61.44
3203,20220830,16,1,58.79,660,8.91
3204,20220830,17,3,122.69,637,19.26
3205,20220831,8,1,88.77000000000001,1283,6.92
3206,20220831,9,1,39.04,1536,2.54
3207,20220831,11,1,47.69,808,5.9
3208,20220831,12,1,27.39,1790,1.53
3209,20220831,13,1,114.64,668,17.16
3210,20220831,14,2,178.82999999999998,688,25.99
3211,20220831,15,1,12.96,991,1.31
3212,20220831,16,2,87.0,915,9.51
3213,20220901,8,3,177.73,1001,17.76
3214,20220901,9,4,500.41,1675,29.88
3215,20220901,10,3,244.42,606,40.33
3216,20220901,11,1,57.52,892,6.45
3217,20220901,12,2,94.24,1094,8.61
3218,20220901,13,2,498.33,1061,46.97
3219,20220901,14,4,541.62,1460,37.1
3220,20220901,15,3,346.91,775,44.76
3221,20220901,16,2,183.55,1333,13.77
3222,20220902,9,7,570.67,978,58.35
3223,20220902,10,2,162.71,747,21.78
3224,20220902,11,1,67.44,1133,5.95
3225,20220902,12,3,272.78,1529,17.84
3226,20220902,13,1,117.6,811,14.5
3227,20220902,14,1,138.66,676,20.51
3228,20220902,15,2,320.13,1213,26.39
3229,20220905,8,3,203.54,975,20.88
3230,20220905,9,2,105.05,1001,10.49
3231,20220905,10,1,55.04,1442,3.82
3232,20220905,11,2,47.01,823,5.71
3233,20220905,12,1,69.54,1067,6.52
3234,20220905,13,4,682.4,1588,42.97
3235,20220905,14,2,100.64,1035,9.72
3236,20220905,15,3,203.22,1520,13.37
3237,20220905,16,2,156.0,1563,9.98
3238,20220905,17,2,217.99,1066,20.45
3239,20220906,8,4,400.57,787,50.9
3240,20220906,9,2,267.7,768,34.86
3241,20220906,10,3,409.19,1048,39.04
3242,20220906,13,1,50.28,686,7.33
3243,20220906,14,1,29.8,1082,2.75
3244,20220906,15,5,458.59,995,46.09
3245,20220906,16,5,658.37,1787,36.84
3246,20220906,17,1,56.1,608,9.23
3247,20220907,8,1,60.9,994,6.13
3248,20220907,9,2,151.31,619,24.44
3249,20220907,10,1,15.04,1620,0.93
3250,20220907,11,3,754.92,1296,58.25
3251,20220907,12,3,221.57,1794,12.35
3252,20220907,13,5,426.75,872,48.94
3253,20220907,14,2,111.88,1141,9.81
3254,20220907,15,5,544.44,1143,47.63
3255,20220908,8,1,38.48,1196,3.22
3256,20220908,9,3,302.14,1694,17.84
3257,20220908,10,1,35.739999999999995,774,4.62
3258,20220908,11,1,56.66,812,6.98
3259,20220908,12,2,153.59,1796,8.55
3260,20220908,13,2,137.2,756,18.15
3261,20220908,14,3,260.88,637,40.95
3262,20220908,15,3,231.61,827,28.01
3263,20220908,16,1,55.21,798,6.92
3264,20220908,17,1,62.22,1214,5.13
3265,20220909,8,3,325.06,1723,18.87
3266,20220909,9,5,595.84,1412,42.2
3267,20220909,10,3,225.03,721,31.21
3268,20220909,11,1,22.59,1497,1.51
3269,20220909,14,2,240.98,1657,14.54
3270,20220909,15,3,143.9,652,22.07
3271,20220912,8,3,222.49,735,30.27
3272,20220912,9,2,152.96,657,23.28
3273,20220912,10,4,660.62,676,97.72
3274,20220912,11,2,92.56,734,12.61
3275,20220912,12,1,68.18,1750,3.9
3276,20220912,13,4,363.44,730,49.79
3277,20220912,15,3,297.05,1038,28.62
3278,20220912,16,1,45.99,1457,3.16
3279,20220913,9,2,767.02,969,79.16
3280,20220913,10,3,132.05,937,14.09
3281,20220913,12,1,15.04,1645,0.91
3282,20220913,13,4,184.16,1778,10.36
3283,20220913,14,3,207.16,922,22.47
3284,20220913,15,3,182.49,1488,12.26
3285,20220913,17,1,180.17,1789,10.07
3286,20220914,10,1,88.28999999999999,1016,8.69
3287,20220914,11,1,62.74,1458,4.3
3288,20220914,12,4,379.11,707,53.62
3289,20220914,13,1,50.35,856,5.88
3290,20220914,14,1,20.89,1206,1.73
3291,20220914,15,3,327.84000000000003,1302,25.18
3292,20220914,16,1,155.16,1336,11.61
3293,20220915,8,2,106.4,1145,9.29
3294,20220915,9,1,203.74,1582,12.88
3295,20220915,10,2,124.33,1693,7.34
3296,20220915,11,1,32.11,1601,2.01
3297,20220915,12,2,291.94,1537,18.99
3298,20220915,13,1,23.43,1346,1.74
3299,20220915,14,1,468.12,1612,29.04
3300,20220915,15,6,339.89,1596,21.3
3301,20220916,8,6,537.72,983,54.7
3302,20220916,10,3,565.01,1436,39.35
3303,20220916,11,3,240.32,1411,17.03
3304,20220916,12,1,74.77,981,7.62
3305,20220916,13,1,125.5,750,16.73
3306,20220916,14,1,30.44,861,3.54
3307,20220916,15,3,258.6,957,27.02
3308,20220916,16,2,148.23,1145,12.95
3309,20220919,8,2,265.72,963,27.59
3310,20220919,9,4,474.87,765,62.07
3311,20220919,10,2,227.5,1424,15.98
3312,20220919,12,1,151.84,1599,9.5
3313,20220919,13,1,47.11,721,6.53
3314,20220919,14,1,38.96,1242,3.14
3315,20220919,15,3,310.33,1245,24.93
3316,20220919,17,2,146.66,1800,8.15
3317,20220920,8,1,143.65,1145,12.55
3318,20220920,9,2,345.99,1490,23.22
3319,20220920,10,4,278.84,1347,20.7
3320,20220920,11,3,385.96,719,53.68
3321,20220920,12,2,561.78,949,59.2
3322,20220920,14,1,108.42,645,16.81
3323,20220920,15,7,922.9,1405,65.69
3324,20220920,16,1,116.0,1029,11.27
3325,20220920,17,1,42.040000000000006,1485,2.83
3326,20220921,8,1,68.57,764,8.98
3327,20220921,9,3,211.17,829,25.47
3328,20220921,10,2,179.8,948,18.97
3329,20220921,11,1,199.97,1129,17.71
3330,20220921,13,1,96.35,1730,5.57
3331,20220921,14,1,130.24,893,14.58
3332,20220921,17,1,20.3,1177,1.72
3333,20220922,8,2,229.13,901,25.43
3334,20220922,9,4,464.16,692,67.08
3335,20220922,10,2,141.45,1796,7.88
3336,20220922,11,3,555.29,776,71.56
3337,20220922,12,2,230.22,1115,20.65
3338,20220922,13,4,336.82,1712,19.67
3339,20220922,14,2,49.69,607,8.19
3340,20220922,15,3,267.58,1427,18.75
3341,20220922,16,1,214.16,1443,14.84
3342,20220923,8,1,237.11,1699,13.96
3343,20220923,9,2,96.55,988,9.77
3344,20220923,10,2,137.32,1284,10.69
3345,20220923,12,2,215.38,616,34.96
3346,20220923,13,1,57.3,656,8.73
3347,20220923,14,1,56.84,1488,3.82
3348,20220923,15,2,508.32,1177,43.19
3349,20220923,16,1,56.6,1410,4.01
3350,20220926,9,2,174.37,820,21.26
3351,20220926,10,4,271.35,1700,15.96
3352,20220926,12,3,216.9,1359,15.96
3353,20220926,13,2,164.14,1393,11.78
3354,20220926,15,1,84.19999999999999,1616,5.21
3355,20220926,16,1,89.28,1432,6.23
3356,20220926,17,1,123.92,1075,11.53
3357,20220927,8,1,89.04,1570,5.67
3358,20220927,9,2,150.7,748,20.15
3359,20220927,10,1,138.48,1535,9.02
3360,20220927,11,3,119.6,887,13.48
3361,20220927,12,1,33.06,1671,1.98
3362,20220927,14,4,1049.98,1534,68.45
3363,20220927,15,3,271.73,1375,19.76
3364,20220927,16,3,160.23000000000002,1399,11.45
3365,20220927,17,1,78.41,873,8.98
3366,20220928,8,4,413.04,1282,32.22
3367,20220928,9,3,246.32,1634,15.07
3368,20220928,10,4,316.37,1457,21.71
3369,20220928,11,3,505.5,1183,42.73
3370,20220928,13,1,78.21000000000001,1107,7.07
3371,20220928,14,4,312.2,1345,23.21
3372,20220928,15,1,88.3,769,11.48
3373,20220929,8,3,128.06,1138,11.25
3374,20220929,9,4,349.01,1507,23.16
3375,20220929,10,2,77.62,677,11.47
3376,20220929,11,1,105.8,1197,8.84
3377,20220929,12,1,92.69,960,9.66
3378,20220929,13,1,47.32,807,5.86
3379,20220929,14,4,211.9,702,30.19
3380,20220929,15,1,165.44,1594,10.38
3381,20220930,8,1,10.48,1688,0.62
3382,20220930,9,3,226.54,662,34.22
3383,20220930,10,3,476.28,1139,41.82
3384,20220930,12,1,223.83,1059,21.14
3385,20220930,14,1,6.39,1713,0.37
3386,20220930,15,3,455.71,681,66.92
3387,20220930,16,1,65.0,1679,3.87
3388,20220930,17,1,168.12,851,19.76
3389,20221003,8,1,19.17,1114,1.72
3390,20221003,9,3,113.43,1565,7.25
3391,20221003,10,2,98.12,1711,5.73
3392,20221003,11,3,118.01,654,18.04
3393,20221003,12,3,118.1,692,17.07
3394,20221003,13,3,269.65,901,29.93
3395,20221003,14,1,48.120000000000005,998,4.82
3396,20221003,15,4,354.43,1694,20.92
3397,20221003,16,2,169.13,1490,11.35
3398,20221004,8,1,56.85,944,6.02
3399,20221004,9,5,454.2,1401,32.42
3400,20221004,10,2,167.37,1500,11.16
3401,20221004,11,1,83.44,702,11.89
3402,20221004,12,4,246.54,1460,16.89
3403,20221004,14,1,50.87,1145,4.44
3404,20221004,15,3,281.66,1614,17.45
3405,20221004,16,1,270.54,1589,17.03
3406,20221004,17,1,54.59,711,7.68
3407,20221005,8,3,316.82,1623,19.52
3408,20221005,9,3,133.38,1731,7.71
3409,20221005,10,3,279.37,1384,20.19
3410,20221005,12,1,78.62,1787,4.4
3411,20221005,14,1,106.93,1562,6.85
3412,20221005,15,1,37.72,1224,3.08
3413,20221005,17,1,72.79,758,9.6
3414,20221006,8,4,345.54,1634,21.15
3415,20221006,9,1,75.66,1196,6.33
3416,20221006,10,2,299.07,1531,19.53
3417,20221006,11,2,433.16,1275,33.97
3418,20221006,12,2,137.26000000000002,1128,12.17
3419,20221006,15,1,210.14,1593,13.19
3420,20221006,17,1,93.96,852,11.03
3421,20221007,8,2,99.76,1101,9.06
3422,20221007,10,2,236.83,1059,22.36
3423,20221007,11,3,216.51,1695,12.77
3424,20221007,12,2,112.63,682,16.51
3425,20221007,14,1,38.22,1353,2.82
3426,20221007,15,1,107.36,1334,8.05
3427,20221007,16,1,108.52,1338,8.11
3428,20221010,8,2,135.15,1669,8.1
3429,20221010,9,4,371.8,1303,28.53
3430,20221010,10,1,84.21,1017,8.28
3431,20221010,11,2,110.02,1241,8.87
3432,20221010,13,2,171.93,1074,16.01
3433,20221010,14,3,127.14,1027,12.38
3434,20221010,15,4,166.62,1657,10.06
3435,20221010,16,1,35.95,891,4.03
3436,20221010,17,2,243.51,759,32.08
3437,20221011,8,4,452.36,1082,41.81
3438,20221011,9,2,68.08,1552,4.39
3439,20221011,10,2,264.97,1531,17.31
3440,20221011,11,2,161.56,1797,8.99
3441,20221011,12,1,73.57,1663,4.42
3442,20221011,13,2,345.12,1475,23.4
3443,20221011,15,2,62.0,876,7.08
3444,20221013,8,2,91.11,1449,6.29
3445,20221013,9,2,84.08,1525,5.51
3446,20221013,11,2,120.82,1212,9.97
3447,20221013,12,2,241.1,1410,17.1
3448,20221013,13,3,383.1,1630,23.5
3449,20221013,14,3,338.37,649,52.14
3450,20221013,15,5,347.82,1048,33.19
3451,20221013,16,1,51.37,1378,3.73
3452,20221014,9,1,94.44,1341,7.04
3453,20221014,10,1,239.28,1364,17.54
3454,20221014,11,1,21.84,1711,1.28
3455,20221014,12,3,197.54,1210,16.33
3456,20221014,13,3,187.32,791,23.68
3457,20221014,14,1,20.5,1186,1.73
3458,20221014,15,2,93.4,1385,6.74
3459,20221017,8,2,218.4,1321,16.53
3460,20221017,9,2,184.76,1008,18.33
3461,20221017,10,1,50.25,1296,3.88
3462,20221017,11,2,61.93,663,9.34
3463,20221017,12,2,25.69,1247,2.06
3464,20221017,13,1,86.19,1474,5.85
3465,20221017,14,3,281.48,1457,19.32
3466,20221017,15,4,378.36,1584,23.89
3467,20221018,8,1,83.36,1327,6.28
3468,20221018,9,3,63.36,1358,4.67
3469,20221018,10,3,190.31,1607,11.84
3470,20221018,11,1,24.6,1075,2.29
3471,20221018,12,3,245.34,1577,15.56
3472,20221018,13,1,143.94,1096,13.13
3473,20221018,14,1,89.74000000000001,688,13.04
3474,20221018,15,3,155.01,1357,11.42
3475,20221018,17,1,72.69,1549,4.69
3476,20221019,8,4,367.24,867,42.36
3477,20221019,9,2,294.46,637,46.23
3478,20221019,10,3,125.57,1754,7.16
3479,20221019,11,1,14.7,1094,1.34
3480,20221019,12,1,49.22,1231,4.0
3481,20221019,13,1,38.63,824,4.69
3482,20221019,15,3,515.87,719,71.75
3483,20221019,16,2,263.35,1538,17.12
3484,20221020,8,1,86.02,875,9.83
3485,20221020,9,1,0.0,891,0.0
3486,20221020,10,2,553.3,670,82.58
3487,20221020,11,1,53.92999999999999,1445,3.73
3488,20221020,12,1,69.03,1634,4.22
3489,20221020,13,1,154.45,723,21.36
3490,20221020,14,1,106.39,714,14.9
3491,20221020,16,1,279.47,1785,15.66
3492,20221021,8,5,319.9,1150,27.82
3493,20221021,9,2,105.92,875,12.11
3494,20221021,10,1,57.82,1557,3.71
3495,20221021,11,1,48.42,1566,3.09
3496,20221021,12,1,5.7,665,0.86
3497,20221021,13,5,267.53,1529,17.5
3498,20221021,14,2,96.42,1074,8.98
3499,20221021,15,4,629.1899999999999,1427,44.09
3500,20221021,16,1,28.2,1424,1.98
3501,20221021,17,1,201.99,1447,13.96
3502,20221024,8,4,430.57,716,60.14
3503,20221024,10,4,370.68,831,44.61
3504,20221024,11,1,159.21,1464,10.88
3505,20221024,13,2,136.29,655,20.81
3506,20221024,14,1,6.14,1563,0.39
3507,20221024,15,2,204.16,1340,15.24
3508,20221024,16,1,136.19,1608,8.47
3509,20221025,8,5,433.11,1477,29.32
3510,20221025,9,5,361.51,1201,30.1
3511,20221025,10,3,546.56,1505,36.32
3512,20221025,11,2,168.01,1164,14.43
3513,20221025,13,1,49.36,1465,3.37
3514,20221025,14,2,130.06,640,20.32
3515,20221025,15,1,16.16,739,2.19
3516,20221025,16,1,80.03999999999999,1763,4.54
3517,20221025,17,1,21.02,1022,2.06
3518,20221026,8,7,765.47,862,88.8
3519,20221026,9,3,153.43,1374,11.17
3520,20221026,10,1,109.95,1548,7.1
3521,20221026,11,1,62.02,1683,3.69
3522,20221026,12,1,63.84,944,6.76
3523,20221026,13,1,40.98,1422,2.88
3524,20221026,14,2,99.1,1741,5.69
3525,20221026,15,1,42.83,1064,4.03
3526,20221026,16,3,400.62,684,58.57
3527,20221027,8,1,37.18,1038,3.58
3528,20221027,9,1,132.43,1131,11.71
3529,20221027,10,4,259.94,1380,18.84
3530,20221027,12,1,68.51,951,7.2
3531,20221027,13,2,417.69,1763,23.69
3532,20221027,14,1,50.120000000000005,981,5.11
3533,20221027,15,3,529.34,1792,29.54
3534,20221027,16,1,423.43,975,43.43
3535,20221028,8,1,70.06,911,7.69
3536,20221028,9,1,32.11,1796,1.79
3537,20221028,10,2,428.89,955,44.91
3538,20221028,11,4,321.97,1069,30.12
3539,20221028,12,2,265.43,1080,24.58
3540,20221028,13,2,132.69,1709,7.76
3541,20221028,14,2,166.23,1482,11.22
3542,20221028,15,1,95.48,1392,6.86
3543,20221028,16,1,28.7,1517,1.89
3544,20221031,8,2,138.5,805,17.2
3545,20221031,9,5,536.69,829,64.74
3546,20221031,10,2,246.48,670,36.79
3547,20221031,11,1,62.83,1395,4.5
3548,20221031,12,3,283.93,652,43.55
3549,20221031,13,3,92.18,1551,5.94
3550,20221031,14,1,52.66,635,8.29
3551,20221031,16,2,182.25,1769,10.3
3552,20221031,17,1,52.02,924,5.63
3553,20221102,9,3,494.23,1645,30.04
3554,20221102,10,7,669.18,1041,64.28
3555,20221102,11,5,125.83,1620,7.77
3556,20221102,12,2,137.45999999999998,1462,9.4
3557,20221102,13,1,123.13,617,19.96
3558,20221102,14,1,55.51,1770,3.14
3559,20221102,15,3,610.89,968,63.11
3560,20221103,8,3,192.15,1246,15.42
3561,20221103,9,1,96.35,1393,6.92
3562,20221103,10,1,254.02,1209,21.01
3563,20221103,11,1,45.48,1088,4.18
3564,20221103,12,1,233.78,1695,13.79
3565,20221103,13,4,744.59,1223,60.88
3566,20221103,14,2,118.19,1313,9.0
3567,20221103,15,2,102.38,1526,6.71
3568,20221103,16,2,136.26,1376,9.9
3569,20221103,17,1,74.13,1381,5.37
3570,20221104,8,3,482.58,1311,36.81
3571,20221104,9,1,8.45,807,1.05
3572,20221104,11,2,203.3,705,28.84
3573,20221104,12,1,87.53999999999999,1010,8.67
3574,20221104,13,3,405.65,745,54.45
3575,20221104,15,1,14.68,1417,1.04
3576,20221104,16,2,115.84,1276,9.08
3577,20221107,9,2,63.77,651,9.8
3578,20221107,10,2,192.72,830,23.22
3579,20221107,11,2,99.95,1191,8.39
3580,20221107,12,1,22.46,1484,1.51
3581,20221107,14,3,256.39,1149,22.31
3582,20221107,15,1,45.1,1412,3.19
3583,20221107,17,1,79.95,1690,4.73
3584,20221108,8,4,267.76,680,39.38
3585,20221108,9,2,222.75,1515,14.7
3586,20221108,10,3,81.95,909,9.02
3587,20221108,11,1,84.23,775,10.87
3588,20221108,12,1,70.28,1341,5.24
3589,20221108,14,2,195.99,1456,13.46
3590,20221108,15,6,1284.21,907,141.59
3591,20221108,17,1,104.99,1142,9.19
3592,20221109,8,3,181.88,1073,16.95
3593,20221109,10,5,387.63,1115,34.77
3594,20221109,11,1,74.15,1509,4.91
3595,20221109,12,3,238.69,1784,13.38
3596,20221109,14,3,91.67,1476,6.21
3597,20221109,15,3,416.8,894,46.62
3598,20221109,16,1,24.6,845,2.91
3599,20221109,17,1,50.74,1151,4.41
3600,20221110,8,2,116.68,1608,7.26
3601,20221110,9,4,536.8,1641,32.71
3602,20221110,10,1,209.71,765,27.41
3603,20221110,12,1,42.620000000000005,606,7.03
3604,20221110,15,3,566.75,1165,48.65
3605,20221110,16,2,251.91,1592,15.82
3606,20221110,17,1,81.23,636,12.77
3607,20221111,8,1,88.38,1637,5.4
3608,20221111,9,1,67.18,1696,3.96
3609,20221111,10,1,40.76,1125,3.62
3610,20221111,11,2,179.21,721,24.86
3611,20221111,12,1,39.04,1691,2.31
3612,20221111,13,3,150.37,922,16.31
3613,20221111,14,1,143.04,1582,9.04
3614,20221111,15,2,136.61,1768,7.73
3615,20221111,16,4,215.96,825,26.18
3616,20221114,10,1,435.3,1085,40.12
3617,20221114,11,2,80.4,848,9.48
3618,20221114,12,2,108.0,1236,8.74
3619,20221114,13,3,128.42,1426,9.01
3620,20221114,14,2,77.96000000000001,767,10.16
3621,20221114,15,3,325.22,1431,22.73
3622,20221114,16,1,128.71,1750,7.35
3623,20221115,9,3,274.71,1572,17.48
3624,20221115,10,1,133.57,959,13.93
3625,20221115,11,5,772.55,645,119.78
3626,20221115,12,3,83.64,1034,8.09
3627,20221115,14,1,40.49,1556,2.6
3628,20221115,15,4,508.79,1564,32.53
3629,20221115,16,1,23.84,1693,1.41
3630,20221115,17,4,269.05,841,31.99
3631,20221116,8,1,95.0,1250,7.6
3632,20221116,9,1,166.16000000000005,1540,10.79
3633,20221116,10,3,402.22,1617,24.87
3634,20221116,11,1,172.24,663,25.98
3635,20221116,12,1,114.37,794,14.4
3636,20221116,13,2,233.49,1718,13.59
3637,20221116,15,1,21.81,1408,1.55
3638,20221116,17,1,98.12,1654,5.93
3639,20221117,8,4,132.53,1151,11.51
3640,20221117,9,4,757.59,1087,69.7
3641,20221117,10,4,250.2,1324,18.9
3642,20221117,11,2,159.65,970,16.46
3643,20221117,12,2,118.73,1376,8.63
3644,20221117,13,2,75.35,1243,6.06
3645,20221117,15,2,70.5,645,10.93
3646,20221117,16,1,286.24,1526,18.76
3647,20221117,17,2,217.68,1128,19.3
3648,20221118,8,3,192.04,1774,10.83
3649,20221118,9,4,201.45,944,21.34
3650,20221118,10,4,174.34,1145,15.23
3651,20221118,11,5,416.41,825,50.47
3652,20221118,12,2,124.49,971,12.82
3653,20221118,13,3,123.45,1787,6.91
3654,20221118,14,2,317.77,1209,26.28
3655,20221118,15,2,80.88,1764,4.59
3656,20221118,16,1,39.35,1535,2.56
3657,20221118,17,2,136.13,942,14.45
3658,20221121,8,4,221.13,1796,12.31
3659,20221121,9,3,463.97,785,59.1
3660,20221121,10,3,167.76,1317,12.74
3661,20221121,11,2,102.42,1572,6.52
3662,20221121,12,2,128.18,843,15.21
3663,20221121,13,3,184.02,1467,12.54
3664,20221121,14,2,164.11,606,27.08
3665,20221121,15,1,305.82,1109,27.58
3666,20221121,16,1,100.35,1507,6.66
3667,20221121,17,1,38.64,1101,3.51
3668,20221122,8,2,142.17,1612,8.82
3669,20221122,9,1,12.55,1251,1.0
3670,20221122,11,6,715.69,706,101.37
3671,20221122,12,2,270.82,1708,15.86
3672,20221122,15,3,261.64000000000004,951,27.51
3673,20221122,16,1,423.32,1317,32.14
3674,20221122,17,1,52.8,1444,3.66
3675,20221123,8,4,516.76,1106,46.72
3676,20221123,9,1,440.78,967,45.58
3677,20221123,11,1,21.3,639,3.33
3678,20221123,12,2,129.38,1349,9.59
3679,20221123,13,1,91.19,1406,6.49
3680,20221123,14,1,129.34,851,15.2
3681,20221123,15,2,164.29,1706,9.63
3682,20221124,8,2,85.21,1167,7.3
3683,20221124,9,4,347.53,805,43.17
3684,20221124,10,1,7.04,1726,0.41
3685,20221124,11,2,274.36,1564,17.54
3686,20221124,12,2,137.84,1011,13.63
3687,20221124,13,2,177.91,617,28.83
3688,20221124,14,2,141.17000000000002,1386,10.19
3689,20221124,15,5,471.47,1736,27.16
3690,20221124,16,2,576.93,1213,47.56
3691,20221124,17,1,193.97,1783,10.88
3692,20221125,8,4,373.24,1019,36.63
3693,20221125,9,5,426.15,798,53.4
3694,20221125,10,4,712.9300000000001,1258,56.67
3695,20221125,12,3,229.11,1642,13.95
3696,20221125,13,2,45.83,1757,2.61
3697,20221125,14,2,132.77,1329,9.99
3698,20221125,15,3,296.92,1428,20.79
3699,20221125,16,1,101.5,1257,8.07
3700,20221125,17,1,51.4,896,5.74
3701,20221128,8,4,501.48,1416,35.42
3702,20221128,9,7,790.01,1679,47.05
3703,20221128,10,2,67.63,1454,4.65
3704,20221128,11,1,0.0,608,0.0
3705,20221128,12,3,61.510000000000005,931,6.61
3706,20221128,13,2,103.02,939,10.97
3707,20221128,14,5,342.17,1629,21.0
3708,20221128,15,6,749.3199999999999,997,75.16
3709,20221128,16,4,196.84,959,20.53
3710,20221129,8,4,258.5,1729,14.95
3711,20221129,9,7,1027.42,1460,70.37
3712,20221129,10,2,270.71,1090,24.84
3713,20221129,12,2,141.82,1739,8.16
3714,20221129,13,2,203.49,1271,16.01
3715,20221129,14,2,440.27,1534,28.7
3716,20221129,15,2,429.98,1123,38.29
3717,20221129,16,1,69.81,950,7.35
3718,20221130,8,3,211.61,1081,19.58
3719,20221130,9,3,305.86,680,44.98
3720,20221130,10,1,56.87,1346,4.23
3721,20221130,11,2,83.16,1579,5.27
3722,20221130,12,1,102.5,1760,5.82
3723,20221130,13,1,25.9,803,3.23
3724,20221130,15,2,150.09,1289,11.64
3725,20221130,16,1,95.83,990,9.68
3726,20221130,17,2,457.2,947,48.28
3727,20221201,8,1,70.68,781,9.05
3728,20221201,9,2,291.45,1061,27.47
3729,20221201,10,2,91.06,791,11.51
3730,20221201,13,1,92.79,1128,8.23
3731,20221201,14,2,193.29,1342,14.4
3732,20221201,15,1,92.75,1069,8.68
3733,20221201,16,2,243.57,1119,21.77
3734,20221202,8,1,120.46,1614,7.46
3735,20221202,9,3,369.98,1543,23.98
3736,20221202,10,4,338.58,1097,30.86
3737,20221202,13,1,103.73,798,13.0
3738,20221202,14,1,94.43,1553,6.08
3739,20221202,15,4,624.49,862,72.45
3740,20221202,16,1,99.97,1016,9.84
3741,20221202,17,2,461.42,1202,38.39
3742,20221205,8,4,416.57,1158,35.97
3743,20221205,10,2,304.08,1268,23.98
3744,20221205,11,1,69.97,1358,5.15
3745,20221205,12,2,145.32,1676,8.67
3746,20221205,13,2,151.97,1762,8.62
3747,20221205,14,1,170.92000000000002,1711,9.99
3748,20221205,15,1,508.92,897,56.74
3749,20221205,16,2,175.89,1564,11.25
3750,20221207,8,4,329.95,1256,26.27
3751,20221207,9,3,351.86,915,38.45
3752,20221207,10,1,198.59,1183,16.79
3753,20221207,11,1,139.48,1701,8.2
3754,20221207,14,3,388.51,1532,25.36
3755,20221207,15,2,66.6,1428,4.66
3756,20221207,17,2,173.03,1483,11.67
3757,20221209,8,2,216.77,1408,15.4
3758,20221209,9,4,512.39,1104,46.41
3759,20221209,10,2,177.37,729,24.33
3760,20221209,11,2,387.93,739,52.49
3761,20221209,12,1,9.02,1143,0.79
3762,20221209,13,2,184.1,949,19.4
3763,20221209,14,2,228.77,1265,18.08
3764,20221209,15,2,375.95,638,58.93
3765,20221212,8,2,702.7,695,101.11
3766,20221212,9,4,261.23,796,32.82
3767,20221212,10,2,132.96,1210,10.99
3768,20221212,11,2,88.14,1222,7.21
3769,20221212,12,4,577.29,1660,34.78
3770,20221212,14,2,278.41,887,31.39
3771,20221212,15,2,595.12,653,91.14
3772,20221212,16,1,49.25,639,7.71
3773,20221213,8,2,188.05,866,21.71
3774,20221213,9,4,510.0,619,82.39
3775,20221213,10,3,336.54,1746,19.27
3776,20221213,12,4,590.76,633,93.33
3777,20221213,13,1,95.63,1368,6.99
3778,20221213,15,3,325.52,1575,20.67
3779,20221214,8,3,567.84,640,88.72
3780,20221214,9,4,351.51,799,43.99
3781,20221214,10,1,253.11,1612,15.7
3782,20221214,11,1,40.59,1287,3.15
3783,20221214,12,3,236.83,1551,15.27
3784,20221214,13,3,167.95,1057,15.89
3785,20221214,14,2,321.62,944,34.07
3786,20221214,15,1,195.8,1737,11.27
3787,20221214,16,2,70.05,972,7.21
3788,20221214,17,1,54.15,996,5.44
3789,20221215,8,3,162.38000000000002,1489,10.91
3790,20221215,9,2,277.77,785,35.38
3791,20221215,10,3,285.73,1517,18.84
3792,20221215,11,4,619.48,1035,59.85
3793,20221215,12,2,156.85,1231,12.74
3794,20221215,13,4,287.67,1170,24.59
3795,20221215,15,5,437.31,855,51.15
3796,20221215,16,1,40.92,1794,2.28
3797,20221216,8,4,307.95,849,36.27
3798,20221216,9,2,96.28,1442,6.68
3799,20221216,10,2,77.19,926,8.34
3800,20221216,11,1,60.65,1148,5.28
3801,20221216,12,4,336.85,1236,27.25
3802,20221216,14,1,152.54000000000002,690,22.11
3803,20221216,15,3,695.0,1371,50.69
3804,20221216,17,1,114.63,1722,6.66
3805,20221219,8,4,285.0,984,28.96
3806,20221219,9,1,96.37,610,15.8
3807,20221219,10,1,47.34,964,4.91
3808,20221219,11,4,1009.7,1685,59.92
3809,20221219,12,3,292.85,1719,17.04
3810,20221219,13,3,312.72,1755,17.82
3811,20221219,15,2,146.3,1698,8.62
3812,20221219,16,2,204.06,1676,12.18
3813,20221219,17,3,477.0,1336,35.7
3814,20221220,8,1,105.64,704,15.01
3815,20221220,9,4,702.89,1341,52.42
3816,20221220,11,4,330.33000000000004,863,38.28
3817,20221220,12,4,489.69,628,77.98
3818,20221220,13,2,31.56,1058,2.98
3819,20221220,14,1,165.77,1446,11.46
3820,20221220,15,5,601.8,1680,35.82
3821,20221220,16,1,115.8,1368,8.46
3822,20221220,17,1,111.91,1737,6.44
3823,20221221,8,4,640.09,788,81.23
3824,20221221,9,2,330.15,1604,20.58
3825,20221221,10,1,78.5,1652,4.75
3826,20221221,11,3,537.76,1197,44.93
3827,20221221,13,3,390.34,921,42.38
3828,20221221,14,5,569.81,693,82.22
3829,20221221,15,2,97.49,1106,8.81
3830,20221221,16,2,152.75,1475,10.36
3831,20221222,8,4,251.25,1056,23.79
3832,20221222,9,2,246.24,614,40.1
3833,20221222,10,1,134.42000000000002,1546,8.69
3834,20221222,11,2,121.45,654,18.57
3835,20221222,12,1,66.9,1612,4.15
3836,20221222,13,5,654.1,1032,63.38
3837,20221222,14,1,72.13000000000001,1781,4.05
3838,20221222,15,2,426.75,1296,32.93
3839,20221222,16,3,340.34000000000003,1099,30.97
3840,20221222,17,2,774.35,1059,73.12
3841,20221223,8,1,522.35,1006,51.92
3842,20221223,9,1,32.76,1273,2.57
3843,20221223,10,3,179.43,1492,12.03
3844,20221223,11,3,298.5,1588,18.8
3845,20221223,13,2,143.64,1669,8.61
3846,20221223,14,3,404.61,1192,33.94
3847,20221223,15,2,147.91,729,20.29
3848,20221223,16,3,831.27,1623,51.22
3849,20230102,8,2,148.1,1023,14.48
3850,20230102,9,2,307.46,868,35.42
3851,20230102,10,1,66.42999999999999,867,7.66
3852,20230102,11,3,399.04,718,55.58
3853,20230102,12,3,126.37,1037,12.19
3854,20230102,14,1,228.19,917,24.88
3855,20230102,15,2,164.07,1787,9.18
3856,20230102,16,3,535.45,1677,31.93
3857,20230103,8,6,1152.97,1565,73.67
3858,20230103,9,2,207.16,984,21.05
3859,20230103,10,4,270.04,1377,19.61
3860,20230103,11,1,28.49,1420,2.01
3861,20230103,12,1,63.9,1652,3.87
3862,20230103,13,1,334.83,1284,26.08
3863,20230103,14,1,104.41,1258,8.3
3864,20230103,15,5,647.52,1482,43.69
3865,20230103,16,3,258.57,1165,22.19
3866,20230104,8,2,77.53,1495,5.19
3867,20230104,9,3,385.79,886,43.54
3868,20230104,10,3,294.55,1220,24.14
3869,20230104,11,1,98.57,1723,5.72
3870,20230104,13,2,192.05,1720,11.17
3871,20230104,14,1,77.1,1546,4.99
3872,20230104,15,3,898.71,879,102.24
3873,20230104,16,1,72.1,1338,5.39
3874,20230105,8,3,345.31,777,44.44
3875,20230105,9,1,184.75,1760,10.5
3876,20230105,10,3,430.75,1414,30.46
3877,20230105,11,2,285.67,1111,25.71
3878,20230105,12,2,56.76,1401,4.05
3879,20230105,13,1,102.8,1522,6.75
3880,20230105,14,1,36.54,1723,2.12
3881,20230105,15,4,844.53,1409,59.94
3882,20230109,8,2,128.47,915,14.04
3883,20230109,9,5,428.47,1094,39.17
3884,20230109,11,3,520.15,745,69.82
3885,20230109,12,2,92.42,1039,8.9
3886,20230109,13,3,354.23,1581,22.41
3887,20230109,15,4,299.71000000000004,1394,21.5
3888,20230109,17,1,108.46,983,11.03
3889,20230110,8,1,79.14,1142,6.93
3890,20230110,9,1,59.45,1561,3.81
3891,20230110,10,1,95.01,738,12.87
3892,20230110,11,2,209.95,1516,13.85
3893,20230110,13,2,369.54,1509,24.49
3894,20230110,14,1,195.5,1112,17.58
3895,20230110,15,3,449.64,1122,40.07
3896,20230110,16,1,54.870000000000005,690,7.95
3897,20230111,8,1,21.49,799,2.69
3898,20230111,10,1,342.61,1346,25.45
3899,20230111,12,2,178.9,1144,15.64
3900,20230111,13,3,215.44,842,25.59
3901,20230111,15,2,136.76,853,16.03
3902,20230111,16,3,220.72,1327,16.63
3903,20230112,8,2,192.43,714,26.95
3904,20230112,9,2,233.58,1429,16.35
3905,20230112,10,2,139.19,850,16.38
3906,20230112,12,1,135.55,1254,10.81
3907,20230112,13,1,25.31,1038,2.44
3908,20230112,15,2,92.4,1302,7.1
3909,20230112,16,1,49.12,942,5.21
3910,20230113,8,1,155.84,1236,12.61
3911,20230113,9,5,484.05,742,65.24
3912,20230113,10,2,246.51,1546,15.95
3913,20230113,11,1,44.38,1312,3.38
3914,20230113,12,2,144.68,616,23.49
3915,20230113,13,1,136.3,956,14.26
3916,20230113,14,3,262.84,1283,20.49
3917,20230113,15,1,284.76,1339,21.27
3918,20230116,8,1,47.82000000000001,757,6.32
3919,20230116,9,2,382.05,1294,29.52
3920,20230116,10,4,336.97,1413,23.85
3921,20230116,11,4,758.89,1799,42.18
3922,20230116,12,3,316.51,1183,26.75
3923,20230116,13,3,140.45999999999998,1150,12.21
3924,20230116,14,3,270.65,1547,17.5
3925,20230116,15,5,382.32,1602,23.87
3926,20230116,16,1,55.26,1291,4.28
3927,20230116,17,2,69.94,1149,6.09
3928,20230117,8,3,447.22,1609,27.79
3929,20230117,9,1,64.39,769,8.37
3930,20230117,10,3,633.1,1305,48.51
3931,20230117,11,3,410.5,1311,31.31
3932,20230117,12,2,202.06,609,33.18
3933,20230117,14,1,90.28,1250,7.22
3934,20230117,15,1,68.05000000000001,911,7.47
3935,20230117,16,4,294.94,1746,16.89
3936,20230117,17,1,39.72,1033,3.85
3937,20230118,9,5,779.99,1168,66.78
3938,20230118,10,2,158.61,781,20.31
3939,20230118,11,3,218.75,753,29.05
3940,20230118,12,2,213.69,902,23.69
3941,20230118,13,2,126.72,1573,8.06
3942,20230118,15,2,131.01,1796,7.29
3943,20230118,16,3,443.15,1761,25.16
3944,20230118,17,1,158.29,1454,10.89
3945,20230119,8,2,288.73,1052,27.45
3946,20230119,9,4,468.85,971,48.29
3947,20230119,10,3,203.03,1137,17.86
3948,20230119,11,1,110.98,1735,6.4
3949,20230119,12,1,24.76,1747,1.42
3950,20230119,13,2,160.8,1166,13.79
3951,20230119,14,1,45.45,1332,3.41
3952,20230119,15,3,221.86,1127,19.69
3953,20230119,17,2,168.12,1167,14.41
3954,20230120,8,2,118.98,835,14.25
3955,20230120,9,3,217.4,1382,15.73
3956,20230120,10,2,199.35,948,21.03
3957,20230120,12,3,332.68,745,44.66
3958,20230120,13,3,163.12,1390,11.74
3959,20230120,14,2,260.05,1298,20.03
3960,20230120,15,5,312.33,1689,18.49
3961,20230120,16,1,240.58,1060,22.7
3962,20230123,8,3,234.9,1148,20.46
3963,20230123,9,4,642.02,1360,47.21
3964,20230123,10,5,411.69,1272,32.37
3965,20230123,11,1,87.28,1323,6.6
3966,20230123,12,2,244.49,643,38.02
3967,20230123,13,1,161.35000000000002,1781,9.06
3968,20230123,14,2,104.35,605,17.25
3969,20230123,15,3,198.61,1252,15.86
3970,20230124,8,2,236.77,1497,15.82
3971,20230124,9,4,476.82,883,54.0
3972,20230124,12,1,153.95999999999998,1230,12.52
3973,20230124,13,2,133.6,1526,8.75
3974,20230124,14,2,519.68,608,85.47
3975,20230124,15,6,555.75,1513,36.73
3976,20230124,16,1,58.55,1714,3.42
3977,20230125,8,1,84.57,802,10.54
3978,20230125,9,6,698.93,1299,53.81
3979,20230125,10,3,346.67,1088,31.86
3980,20230125,11,2,87.61,866,10.12
3981,20230125,12,2,211.6,693,30.53
3982,20230125,13,3,127.61,1725,7.4
3983,20230125,14,1,12.28,1373,0.89
3984,20230125,15,3,92.72,767,12.09
3985,20230125,16,1,88.14,1761,5.01
3986,20230126,8,1,98.69,673,14.66
3987,20230126,9,3,304.11,795,38.25
3988,20230126,10,4,390.16,1344,29.03
3989,20230126,11,2,242.54,1149,21.11
3990,20230126,12,1,102.1,813,12.56
3991,20230126,13,1,53.06,615,8.63
3992,20230126,14,1,117.07,682,17.17
3993,20230126,15,4,513.57,832,61.73
3994,20230126,16,1,138.43,1144,12.1
3995,20230126,17,3,191.84,1097,17.49
3996,20230127,8,1,57.2,1524,3.75
3997,20230127,9,2,109.8,1680,6.54
3998,20230127,10,1,59.73,782,7.64
3999,20230127,11,4,231.5,757,30.58
4000,20230127,12,1,57.07000000000001,1408,4.05
4001,20230127,13,1,78.42,1799,4.36
4002,20230127,14,1,0.0,919,0.0
4003,20230127,15,1,516.77,790,65.41
4004,20230127,16,1,17.18,1601,1.07
4005,20230130,8,4,465.08,655,71.0
4006,20230130,9,1,5.88,1741,0.34
4007,20230130,10,3,241.37,1039,23.23
4008,20230130,11,4,223.24,847,26.36
4009,20230130,13,1,214.2,1712,12.51
4010,20230130,14,2,86.0,1068,8.05
4011,20230130,15,4,599.6899999999999,921,65.11
4012,20230130,17,2,218.71,1398,15.64
4013,20230131,8,1,58.56,614,9.54
4014,20230131,9,3,226.52,1498,15.12
4015,20230131,10,3,331.92,838,39.61
4016,20230131,11,1,112.1,890,12.6
4017,20230131,12,1,95.44,697,13.69
4018,20230131,13,4,498.92,1017,49.06
4019,20230131,15,7,554.19,1331,41.64
4020,20230201,8,2,140.54,790,17.79
4021,20230201,9,4,252.81,1762,14.35
4022,20230201,10,4,182.28,1194,15.27
4023,20230201,11,2,117.76,783,15.04
4024,20230201,12,4,328.36,1484,22.13
4025,20230201,13,1,56.3,965,5.83
4026,20230201,15,2,78.01,1403,5.56
4027,20230202,8,3,240.83,1451,16.6
4028,20230202,9,1,219.94,1371,16.04
4029,20230202,10,3,202.53,1446,14.01
4030,20230202,11,3,122.85,1169,10.51
4031,20230202,12,3,316.03,1799,17.57
4032,20230202,13,2,328.63,1330,24.71
4033,20230202,15,2,140.9,1641,8.59
4034,20230202,16,1,53.58,969,5.53
4035,20230203,8,2,88.08,703,12.53
4036,20230203,9,4,538.25,1527,35.25
4037,20230203,10,2,291.34,691,42.16
4038,20230203,11,1,36.4,948,3.84
4039,20230203,12,4,466.35,1226,38.04
4040,20230203,13,3,251.6,1754,14.34
4041,20230203,14,1,73.88,1195,6.18
4042,20230203,15,2,206.4,911,22.66
4043,20230203,16,2,219.39,1328,16.52
4044,20230203,17,2,103.84,1295,8.02
4045,20230206,8,1,0.0,1299,0.0
4046,20230206,9,3,174.37,802,21.74
4047,20230206,11,1,42.88,1743,2.46
4048,20230206,12,4,513.1,1765,29.07
4049,20230206,14,1,45.900000000000006,1447,3.17
4050,20230206,16,1,53.47,718,7.45
4051,20230206,17,2,170.52,1166,14.62
4052,20230207,8,3,195.05,614,31.77
4053,20230207,9,1,76.67,1356,5.65
4054,20230207,10,5,323.13,1460,22.13
4055,20230207,11,3,364.54,1242,29.35
4056,20230207,12,2,82.35,822,10.02
4057,20230207,13,3,502.72,1689,29.76
4058,20230207,14,1,91.84,1367,6.72
4059,20230207,15,2,343.63,726,47.33
4060,20230207,16,2,100.25,922,10.87
4061,20230207,17,1,591.39,683,86.59
4062,20230208,8,6,406.64,1562,26.03
4063,20230208,10,1,256.34,1244,20.61
4064,20230208,11,4,262.45,1584,16.57
4065,20230208,15,3,278.85,1408,19.8
4066,20230208,16,1,223.48,1399,15.97
4067,20230208,17,2,54.98,619,8.88
4068,20230209,8,1,91.17,1021,8.93
4069,20230209,9,1,256.08,1515,16.9
4070,20230209,10,1,48.42,1380,3.51
4071,20230209,11,1,436.8,1037,42.12
4072,20230209,12,1,57.63,1010,5.71
4073,20230209,13,2,121.87,1428,8.53
4074,20230209,14,1,38.44,1618,2.38
4075,20230209,15,3,276.24,1162,23.77
4076,20230209,17,1,46.74,1564,2.99
4077,20230210,8,5,499.04,749,66.63
4078,20230210,9,2,205.62,837,24.57
4079,20230210,10,4,366.46,1580,23.19
4080,20230210,11,1,268.88,1452,18.52
4081,20230210,12,4,425.95,963,44.23
4082,20230210,13,3,205.95,1268,16.24
4083,20230210,14,3,748.64,709,105.59
4084,20230210,15,3,357.58,828,43.19
4085,20230213,8,4,323.73,1299,24.92
4086,20230213,9,1,90.54,654,13.84
4087,20230213,10,1,110.31,1318,8.37
4088,20230213,11,1,118.97,648,18.36
4089,20230213,12,1,79.23,737,10.75
4090,20230213,14,5,704.52,1448,48.65
4091,20230213,15,3,109.87,923,11.9
4092,20230213,16,2,250.35,962,26.02
4093,20230213,17,1,57.71,1209,4.77
4094,20230214,8,3,138.34,1682,8.22
4095,20230214,9,3,212.25,860,24.68
4096,20230214,10,2,518.95,1723,30.12
4097,20230214,11,2,82.86,736,11.26
4098,20230214,12,2,101.02,1533,6.59
4099,20230214,13,1,256.22,1053,24.33
4100,20230214,15,8,1262.34,784,161.01
4101,20230214,16,1,50.96,1202,4.24
4102,20230215,9,4,300.66,671,44.81
4103,20230215,10,3,963.78,1439,66.98
4104,20230215,12,1,295.88,1556,19.02
4105,20230215,13,4,480.98,1419,33.9
4106,20230215,14,2,198.37,1180,16.81
4107,20230215,15,5,414.55,1462,28.35
4108,20230216,8,3,673.7,1130,59.62
4109,20230216,9,5,335.68,1464,22.93
4110,20230216,10,2,340.16,1148,29.63
4111,20230216,11,1,40.1,1243,3.23
4112,20230216,13,2,146.16,1191,12.27
4113,20230216,14,1,199.12,948,21.0
4114,20230216,15,2,168.44,1560,10.8
4115,20230216,16,1,20.3,611,3.32
4116,20230217,8,1,34.25,1523,2.25
4117,20230217,9,1,67.66,1318,5.13
4118,20230217,10,5,625.3,1314,47.59
4119,20230217,11,1,26.42,1042,2.54
4120,20230217,12,2,170.0,646,26.32
4121,20230217,13,1,33.82,993,3.41
4122,20230217,15,4,397.58,898,44.27
4123,20230217,17,1,71.75,1222,5.87
4124,20230220,8,4,308.42,1714,17.99
4125,20230220,9,5,433.39,944,45.91
4126,20230220,10,1,124.19,1171,10.61
4127,20230220,12,4,358.64,1502,23.88
4128,20230220,13,1,16.38,904,1.81
4129,20230220,15,1,58.88,807,7.3
4130,20230221,8,6,511.34,1006,50.83
4131,20230221,9,5,471.06,1526,30.87
4132,20230221,10,4,530.27,1146,46.27
4133,20230221,11,4,271.1,726,37.34
4134,20230221,12,1,70.53999999999999,672,10.5
4135,20230221,13,1,172.39,970,17.77
4136,20230221,14,1,28.7,1148,2.5
4137,20230221,15,2,191.36,1066,17.95
4138,20230221,17,1,34.39,1449,2.37
4139,20230222,8,2,166.6,1651,10.09
4140,20230222,9,1,36.61,1455,2.52
4141,20230222,10,3,223.28,876,25.49
4142,20230222,11,4,397.46,1661,23.93
4143,20230222,12,3,757.95,686,110.49
4144,20230222,13,3,322.21,1293,24.92
4145,20230222,14,1,144.1,912,15.8
4146,20230222,15,3,154.25,1567,9.84
4147,20230222,16,1,69.73,1652,4.22
4148,20230222,17,2,484.17,953,50.8
4149,20230223,8,1,85.06,993,8.57
4150,20230223,9,5,876.51,1211,72.38
4151,20230223,10,3,272.65,1664,16.39
4152,20230223,11,2,205.23,722,28.43
4153,20230223,12,2,246.62,768,32.11
4154,20230223,13,3,251.22,1115,22.53
4155,20230223,14,1,9.21,1221,0.75
4156,20230223,15,5,733.6899999999999,1112,65.98
4157,20230223,16,3,1024.12,1568,65.31
4158,20230223,17,1,351.58000000000004,845,41.61
4159,20230224,8,5,679.45,992,68.49
4160,20230224,9,2,96.71,1436,6.73
4161,20230224,10,3,512.74,1284,39.93
4162,20230224,11,1,64.52,1038,6.22
4163,20230224,12,1,146.93,960,15.31
4164,20230224,13,3,623.68,787,79.25
4165,20230224,14,3,279.62,753,37.13
4166,20230224,15,3,638.9300000000001,741,86.23
4167,20230224,17,1,39.36,1730,2.28
4168,20230227,9,3,299.19,1699,17.61
4169,20230227,10,3,217.25,1204,18.04
4170,20230227,11,2,107.22,985,10.89
4171,20230227,13,2,191.4,1318,14.52
4172,20230227,15,2,213.84,687,31.13
4173,20230227,16,2,112.32,1142,9.84
4174,20230228,8,1,36.870000000000005,1792,2.06
4175,20230228,10,1,89.33,1687,5.3
4176,20230228,11,1,78.07,681,11.46
4177,20230228,12,3,322.06,938,34.33
4178,20230228,13,2,276.61,1236,22.38
4179,20230228,14,2,85.19,1264,6.74
4180,20230228,15,2,161.12,1491,10.81
4181,20230228,16,1,86.75,1479,5.87
4182,20230301,8,2,132.71,895,14.83
4183,20230301,9,3,328.48,1725,19.04
4184,20230301,10,4,181.49,945,19.21
4185,20230301,11,2,120.34,1463,8.23
4186,20230301,12,1,137.75,924,14.91
4187,20230301,13,5,402.91,764,52.74
4188,20230301,14,1,184.77,969,19.07
4189,20230301,16,3,144.28,1322,10.91
4190,20230302,8,1,155.54000000000002,1382,11.25
4191,20230302,9,2,113.3,1374,8.25
4192,20230302,10,1,80.13,676,11.85
4193,20230302,11,2,85.69,1677,5.11
4194,20230302,12,5,699.0,1400,49.93
4195,20230302,13,3,170.1,821,20.72
4196,20230302,14,1,51.17,923,5.54
4197,20230302,15,2,125.02,1517,8.24
4198,20230302,16,1,46.84,1459,3.21
4199,20230303,9,3,448.86,1744,25.74
4200,20230303,10,2,235.93,728,32.41
4201,20230303,11,2,84.99000000000001,1266,6.71
4202,20230303,12,1,69.56,1514,4.59
4203,20230303,13,1,25.4,1561,1.63
4204,20230303,14,1,431.0,1540,27.99
4205,20230303,15,3,299.43,809,37.01
4206,20230303,16,2,119.02,1174,10.14
4207,20230306,8,3,350.3,844,41.5
4208,20230306,9,4,278.61,1746,15.96
4209,20230306,10,2,140.59,1247,11.27
4210,20230306,11,2,309.14,1134,27.26
4211,20230306,12,4,280.2,1758,15.94
4212,20230306,13,1,17.990000000000002,1408,1.28
4213,20230306,14,3,83.85,1355,6.19
4214,20230306,15,3,791.91,1400,56.56
4215,20230306,17,1,436.94,660,66.2
4216,20230307,8,6,586.75,1731,33.9
4217,20230307,9,1,172.2,1277,13.48
4218,20230307,10,5,671.34,743,90.36
4219,20230307,11,1,132.26,1236,10.7
4220,20230307,12,2,127.67,1227,10.41
4221,20230307,13,2,276.07,1415,19.51
4222,20230307,15,3,303.64,838,36.23
4223,20230307,16,1,45.23,1788,2.53
4224,20230307,17,3,548.41,1638,33.48
4225,20230308,8,2,114.52,1486,7.71
4226,20230308,9,6,347.5,1615,21.52
4227,20230308,11,1,69.22,1283,5.4
4228,20230308,12,1,30.71,678,4.53
4229,20230308,13,1,53.06999999999999,1659,3.2
4230,20230308,14,3,229.61,1606,14.3
4231,20230308,15,3,564.78,1291,43.75
4232,20230309,8,5,386.14,1660,23.26
4233,20230309,9,4,119.43,909,13.14
4234,20230309,10,1,75.66,1237,6.12
4235,20230309,11,4,246.21,1560,15.78
4236,20230309,13,2,126.48,659,19.19
4237,20230309,14,2,123.35,859,14.36
4238,20230309,15,5,304.56,821,37.1
4239,20230309,16,3,636.28,1137,55.96
4240,20230310,8,2,132.28,1636,8.09
4241,20230310,9,3,350.89,1707,20.56
4242,20230310,10,2,307.95,1186,25.97
4243,20230310,11,2,162.85,1266,12.86
4244,20230310,12,2,112.5,787,14.29
4245,20230310,13,1,158.32,1185,13.36
4246,20230310,14,1,140.19,894,15.68
4247,20230310,15,1,81.88,1203,6.81
4248,20230310,16,1,151.46,1648,9.19
4249,20230313,8,5,832.2,1591,52.31
4250,20230313,9,1,67.52,1098,6.15
4251,20230313,10,1,83.94,1173,7.16
4252,20230313,11,3,313.44,824,38.04
4253,20230313,12,2,130.37,665,19.6
4254,20230313,13,2,205.89,1325,15.54
4255,20230313,14,2,83.26,1565,5.32
4256,20230313,15,5,537.96,1707,31.51
4257,20230313,17,3,124.56,1049,11.87
4258,20230314,8,1,103.28,670,15.41
4259,20230314,9,3,263.7,935,28.2
4260,20230314,10,3,280.64,1624,17.28
4261,20230314,12,4,266.03,1477,18.01
4262,20230314,13,2,112.78,739,15.26
4263,20230314,14,3,309.25,1722,17.96
4264,20230314,15,4,767.73,1351,56.83
4265,20230314,16,1,245.61,1451,16.93
4266,20230315,8,4,879.55,1631,53.93
4267,20230315,9,4,512.78,1731,29.62
4268,20230315,10,3,165.99,1423,11.66
4269,20230315,11,6,375.75,1309,28.71
4270,20230315,12,1,3.66,1144,0.32
4271,20230315,13,2,219.37,1723,12.73
4272,20230315,14,3,763.98,1071,71.33
4273,20230315,15,3,590.57,959,61.58
4274,20230315,16,1,35.32,1007,3.51
4275,20230316,8,1,142.03,650,21.85
4276,20230316,9,1,50.08,774,6.47
4277,20230316,10,1,130.81,616,21.24
4278,20230316,11,1,62.49,859,7.27
4279,20230316,12,1,49.48,1072,4.62
4280,20230316,13,2,177.94,1573,11.31
4281,20230316,14,1,115.79,803,14.42
4282,20230316,15,3,691.27,976,70.83
4283,20230316,16,2,194.25,610,31.84
4284,20230317,9,1,44.82,1349,3.32
4285,20230317,10,2,422.72,1764,23.96
4286,20230317,11,3,95.61,1651,5.79
4287,20230317,12,1,60.45,987,6.12
4288,20230317,13,2,531.59,1627,32.67
4289,20230317,14,2,447.73,1151,38.9
4290,20230317,15,5,446.63,940,47.51
4291,20230317,16,1,151.68,1029,14.74
4292,20230320,8,7,561.4,784,71.61
4293,20230320,9,4,397.76,757,52.54
4294,20230320,10,2,198.29,1725,11.5
4295,20230320,11,4,592.87,1374,43.15
4296,20230320,14,2,90.97,1171,7.77
4297,20230320,15,3,260.8,1454,17.94
4298,20230320,16,1,17.78,873,2.04
4299,20230321,8,4,305.48,983,31.08
4300,20230321,9,2,92.13,1626,5.67
4301,20230321,10,6,276.16,1504,18.36
4302,20230321,11,1,74.42,1756,4.24
4303,20230321,12,2,72.35,1513,4.78
4304,20230321,13,2,94.02,1667,5.64
4305,20230321,14,1,28.38,1724,1.65
4306,20230321,15,3,340.57,619,55.02
4307,20230321,16,1,5.08,612,0.83
4308,20230321,17,1,225.85,969,23.31
4309,20230322,8,3,252.8,1377,18.36
4310,20230322,9,1,180.87,1013,17.85
4311,20230322,10,1,82.0,1259,6.51
4312,20230322,11,1,60.17,1218,4.94
4313,20230322,12,3,156.24,1571,9.95
4314,20230322,13,1,68.76,964,7.13
4315,20230322,15,1,85.93,1568,5.48
4316,20230322,17,1,124.48,1418,8.78
4317,20230323,8,4,356.03,1237,28.78
4318,20230323,9,4,283.14,1221,23.19
4319,20230323,10,5,514.55,944,54.51
4320,20230323,11,2,174.01,761,22.87
4321,20230323,12,1,20.8,1033,2.01
4322,20230323,13,3,230.11,1078,21.35
4323,20230323,14,1,64.09,1567,4.09
4324,20230323,15,2,184.4,809,22.79
4325,20230323,16,2,83.45,1754,4.76
4326,20230323,17,1,19.17,1299,1.48
4327,20230324,8,3,179.66,1331,13.5
4328,20230324,9,1,140.63,819,17.17
4329,20230324,10,4,737.53,816,90.38
4330,20230324,11,1,40.260000000000005,1372,2.93
4331,20230324,12,3,173.87,1552,11.2
4332,20230324,13,2,172.73999999999998,1106,15.62
4333,20230324,14,1,45.0,719,6.26
4334,20230324,15,4,708.76,1747,40.57
4335,20230324,16,1,107.09,1149,9.32
4336,20230327,8,5,613.84,1026,59.83
4337,20230327,9,3,218.45,1690,12.93
4338,20230327,10,3,202.28,1596,12.67
4339,20230327,11,2,285.03000000000003,756,37.7
4340,20230327,12,2,276.78,1389,19.93
4341,20230327,15,1,73.21000000000001,955,7.67
4342,20230327,17,1,59.67999999999999,876,6.81
4343,20230328,8,8,705.88,1519,46.47
4344,20230328,9,2,253.06,727,34.81
4345,20230328,10,2,102.64,1249,8.22
4346,20230328,11,1,61.37,1153,5.32
4347,20230328,13,1,142.52,1769,8.06
4348,20230328,15,4,727.83,1202,60.55
4349,20230328,16,2,426.55,808,52.79
4350,20230328,17,4,270.78,1284,21.09
4351,20230329,8,1,77.22,1051,7.35
4352,20230329,11,3,172.79,1410,12.25
4353,20230329,12,4,319.09000000000003,1308,24.4
4354,20230329,13,1,38.01,669,5.68
4355,20230329,17,1,477.3,1561,30.58
4356,20230330,9,1,57.1,704,8.11
4357,20230330,10,1,31.61,971,3.26
4358,20230330,11,1,64.16,983,6.53
4359,20230330,12,4,267.26,1099,24.32
4360,20230330,13,3,191.73,645,29.73
4361,20230330,14,1,29.84,1689,1.77
4362,20230330,15,5,1196.54,1038,115.27
4363,20230330,17,1,48.5,1482,3.27
4364,20230331,8,1,156.51999999999998,1650,9.49
4365,20230331,9,3,252.56,1133,22.29
4366,20230331,11,3,243.15,1349,18.02
4367,20230331,12,2,172.79,1092,15.82
4368,20230331,14,3,285.31,832,34.29
4369,20230331,15,7,551.61,1703,32.39
4370,20230331,16,1,122.09,1358,8.99
4371,20230403,8,1,144.77,1383,10.47
4372,20230403,9,1,62.25,1324,4.7
4373,20230403,10,3,293.76,1327,22.14
4374,20230403,11,5,443.78,1307,33.95
4375,20230403,12,4,219.86,1057,20.8
4376,20230403,13,1,30.340000000000003,1301,2.33
4377,20230403,14,1,125.95,692,18.2
4378,20230403,15,3,108.18,1697,6.37
4379,20230403,16,1,77.81,1366,5.7
4380,20230404,8,6,552.01,1322,41.76
4381,20230404,9,2,260.75,1469,17.75
4382,20230404,10,2,149.85,1722,8.7
4383,20230404,11,2,89.34,1395,6.4
4384,20230404,12,1,135.44,998,13.57
4385,20230404,13,2,198.61,1091,18.2
4386,20230404,14,1,112.31,1098,10.23
4387,20230404,16,4,1041.93,932,111.8
4388,20230404,17,2,526.36,1742,30.22
4389,20230405,8,2,147.1,842,17.47
4390,20230405,9,2,161.7,1232,13.12
4391,20230405,10,2,145.11,1643,8.83
4392,20230405,11,3,224.85,1286,17.48
4393,20230405,12,2,60.59,1799,3.37
4394,20230405,14,3,309.2,991,31.2
4395,20230405,15,1,63.9,672,9.51
4396,20230405,17,1,18.44,695,2.65
4397,20230406,8,3,249.56,1371,18.2
4398,20230406,10,1,24.82,1181,2.1
4399,20230406,11,1,56.48,1205,4.69
4400,20230406,12,4,336.55,881,38.2
4401,20230406,13,2,138.29,1627,8.5
4402,20230406,14,1,40.010000000000005,1455,2.75
4403,20230406,15,4,611.8,1797,34.05
4404,20230406,16,3,262.94,1214,21.66
4405,20230407,8,1,438.05,1439,30.44
4406,20230407,9,4,454.88,996,45.67
4407,20230407,10,1,117.72,1794,6.56
4408,20230407,11,5,466.04,800,58.25
4409,20230407,13,1,85.68,1278,6.7
4410,20230407,14,1,205.02,687,29.84
4411,20230407,15,3,371.29,1636,22.69
4412,20230407,16,1,70.6,1621,4.36
4413,20230410,8,2,136.6,1556,8.78
4414,20230410,9,1,75.28,1537,4.9
4415,20230410,10,1,174.03,1277,13.63
4416,20230410,11,3,519.9300000000001,970,53.6
4417,20230410,13,2,196.39,1720,11.42
4418,20230410,14,1,94.11,619,15.2
4419,20230410,15,1,120.75,995,12.14
4420,20230410,16,3,308.34000000000003,1059,29.12
4421,20230411,8,4,507.19,1548,32.76
4422,20230411,9,1,136.79,795,17.21
4423,20230411,10,2,179.04999999999998,928,19.29
4424,20230411,11,2,160.54000000000002,1634,9.82
4425,20230411,12,2,80.63,772,10.44
4426,20230411,13,1,42.3,1296,3.26
4427,20230411,14,2,151.45,1426,10.62
4428,20230411,15,5,697.55,866,80.55
4429,20230411,16,1,58.3,1201,4.85
4430,20230412,8,2,250.08,1011,24.74
4431,20230412,10,2,377.6,778,48.53
4432,20230412,11,2,127.94,609,21.01
4433,20230412,12,1,78.35,1656,4.73
4434,20230412,13,2,435.94,1379,31.61
4435,20230412,14,1,107.77,801,13.45
4436,20230412,15,3,425.44,851,49.99
4437,20230412,16,2,367.52,736,49.93
4438,20230412,17,1,253.4,1413,17.93
4439,20230413,8,4,479.58,1360,35.26
4440,20230413,9,2,109.01,1667,6.54
4441,20230413,10,2,106.26,1547,6.87
4442,20230413,11,3,331.94,1445,22.97
4443,20230413,12,2,302.39,885,34.17
4444,20230413,13,1,86.11,1795,4.8
4445,20230413,15,2,214.74,725,29.62
4446,20230413,17,4,475.31,1034,45.97
4447,20230414,8,4,276.48,863,32.04
4448,20230414,9,2,73.33,787,9.32
4449,20230414,10,2,247.04,1123,22.0
4450,20230414,11,2,263.4,1800,14.63
4451,20230414,12,1,27.48,654,4.2
4452,20230414,13,1,71.47,1463,4.89
4453,20230414,14,2,47.16,1050,4.49
4454,20230414,15,7,396.6,735,53.96
4455,20230414,16,1,78.34,1292,6.06
4456,20230417,8,1,416.14,1628,25.56
4457,20230417,9,2,124.81,1612,7.74
4458,20230417,10,2,304.86,729,41.82
4459,20230417,11,2,214.07,1610,13.3
4460,20230417,12,1,53.38,1766,3.02
4461,20230417,13,3,182.01,1468,12.4
4462,20230417,15,2,187.09,1737,10.77
4463,20230417,16,2,51.47,1359,3.79
4464,20230417,17,2,115.69,1208,9.58
4465,20230418,8,5,315.31,1175,26.83
4466,20230418,9,4,276.96,1519,18.23
4467,20230418,10,1,33.67,774,4.35
4468,20230418,11,2,455.12,1760,25.86
4469,20230418,12,4,272.2,1349,20.18
4470,20230418,14,1,59.58,1582,3.77
4471,20230418,15,3,537.34,602,89.26
4472,20230418,16,2,149.61,1427,10.48
4473,20230418,17,1,9.08,631,1.44
4474,20230419,8,2,183.4,801,22.9
4475,20230419,9,1,21.56,1513,1.42
4476,20230419,10,4,160.59,1791,8.97
4477,20230419,11,3,456.14,1439,31.7
4478,20230419,12,2,61.32,1673,3.67
4479,20230419,13,1,199.35,1358,14.68
4480,20230419,14,5,414.9,1489,27.86
4481,20230419,15,6,393.06,1725,22.79
4482,20230419,16,1,91.87,1743,5.27
4483,20230419,17,1,51.94,962,5.4
4484,20230420,8,3,299.24,615,48.66
4485,20230420,9,1,28.63,1381,2.07
4486,20230420,10,4,425.82,610,69.81
4487,20230420,11,3,121.97,1261,9.67
4488,20230420,12,4,660.1,781,84.52
4489,20230420,13,3,265.78,1209,21.98
4490,20230420,14,3,673.77,616,109.38
4491,20230420,15,1,25.85,1290,2.0
4492,20230420,16,2,148.13,1370,10.81
4493,20230420,17,1,85.36,712,11.99
4494,20230421,8,7,785.29,641,122.51
4495,20230421,9,2,213.37,1628,13.11
4496,20230421,10,2,241.69,1467,16.48
4497,20230421,11,3,427.7,869,49.22
4498,20230421,12,4,312.69,786,39.78
4499,20230421,15,2,215.56,1204,17.9
4500,20230421,16,3,367.34,917,40.06
4501,20230424,8,3,136.37,1275,10.7
4502,20230424,9,1,44.17,1592,2.77
4503,20230424,10,4,266.21,737,36.12
4504,20230424,12,2,204.01,1026,19.88
4505,20230424,13,2,291.03,1054,27.61
4506,20230424,14,4,473.51,1216,38.94
4507,20230424,15,3,343.07,957,35.85
4508,20230424,16,1,166.69,1003,16.62
4509,20230424,17,1,79.19,660,12.0
4510,20230425,8,1,86.81,1670,5.2
4511,20230425,9,6,596.73,1674,35.65
4512,20230425,10,2,65.82,861,7.64
4513,20230425,11,4,190.41,714,26.67
4514,20230425,12,1,91.83,1154,7.96
4515,20230425,15,5,527.1,1395,37.78
4516,20230425,17,1,201.55,616,32.72
4517,20230426,8,4,289.04,1493,19.36
4518,20230426,9,5,310.67,860,36.12
4519,20230426,10,3,188.87,747,25.28
4520,20230426,11,2,98.54,971,10.15
4521,20230426,12,4,228.66,1365,16.75
4522,20230426,14,2,304.67,801,38.04
4523,20230426,15,2,363.02,1585,22.9
4524,20230427,8,5,765.65,1746,43.85
4525,20230427,9,4,231.07,1689,13.68
4526,20230427,11,1,22.55,741,3.04
4527,20230427,13,2,204.17,1474,13.85
4528,20230427,15,4,203.23,1715,11.85
4529,20230428,8,3,301.81,1535,19.66
4530,20230428,9,3,181.5,1403,12.94
4531,20230428,10,1,61.6,1046,5.89
4532,20230428,11,1,34.45,1404,2.45
4533,20230428,12,2,173.16,1010,17.14
4534,20230428,13,1,95.28,925,10.3
4535,20230428,15,1,26.54,1407,1.89
4536,20230428,16,2,111.56,1311,8.51
4537,20230502,8,2,77.07,653,11.8
4538,20230502,9,4,638.72,1432,44.6
4539,20230502,10,1,98.14,1618,6.07
4540,20230502,11,1,96.85,1632,5.93
4541,20230502,12,1,71.25999999999999,1316,5.41
4542,20230502,13,2,213.89,784,27.28
4543,20230502,15,1,152.47,1284,11.87
4544,20230502,16,1,73.84,970,7.61
4545,20230502,17,1,63.900000000000006,1670,3.83
4546,20230503,8,2,109.86,1456,7.55
4547,20230503,9,2,124.36,1754,7.09
4548,20230503,10,5,244.22,813,30.04
4549,20230503,11,3,423.3,1720,24.61
4550,20230503,12,1,135.11,1737,7.78
4551,20230503,13,1,76.31,1188,6.42
4552,20230503,14,3,156.67000000000002,1276,12.28
4553,20230503,15,3,261.14,1790,14.59
4554,20230503,16,4,867.75,778,111.54
4555,20230503,17,1,120.53,1395,8.64
4556,20230504,8,6,327.69,1446,22.66
4557,20230504,9,2,111.29,1731,6.43
4558,20230504,10,1,212.16,1642,12.92
4559,20230504,11,3,306.44,728,42.09
4560,20230504,12,1,28.0,1676,1.67
4561,20230504,14,2,387.04,1467,26.38
4562,20230504,15,6,442.78,744,59.51
4563,20230504,16,1,189.67,967,19.61
4564,20230504,17,1,51.68000000000001,813,6.36
4565,20230505,8,4,285.1,895,31.85
4566,20230505,9,4,504.91,847,59.61
4567,20230505,10,2,183.23,1190,15.4
4568,20230505,11,1,106.57,1053,10.12
4569,20230505,12,2,178.82,935,19.13
4570,20230505,13,1,37.09,1045,3.55
4571,20230505,14,2,174.35,1625,10.73
4572,20230505,15,3,678.52,837,81.07
4573,20230508,8,4,338.59,1358,24.93
4574,20230508,9,5,457.31,1497,30.55
4575,20230508,10,1,61.32,1191,5.15
4576,20230508,11,3,285.38,1149,24.84
4577,20230508,12,4,261.88,1559,16.8
4578,20230508,14,2,112.71,1433,7.87
4579,20230508,15,4,268.54,1554,17.28
4580,20230508,16,1,87.96000000000001,1768,4.98
4581,20230509,8,2,109.8,899,12.21
4582,20230509,9,4,398.34,1011,39.4
4583,20230509,10,3,187.76,1535,12.23
4584,20230509,11,1,150.48,794,18.95
4585,20230509,13,1,222.62,1511,14.73
4586,20230509,14,4,610.84,979,62.39
4587,20230509,15,3,612.34,788,77.71
4588,20230509,16,2,58.44,1254,4.66
4589,20230509,17,1,52.65,1006,5.23
4590,20230510,8,8,936.44,1195,78.36
4591,20230510,9,2,466.73,1010,46.21
4592,20230510,10,1,57.96,1332,4.35
4593,20230510,11,1,98.23,1386,7.09
4594,20230510,12,2,162.61,862,18.86
4595,20230510,13,2,135.32,1209,11.19
4596,20230510,15,2,307.41,696,44.17
4597,20230510,16,1,141.47,1112,12.72
4598,20230511,8,1,50.86,670,7.59
4599,20230511,9,1,99.54,808,12.32
4600,20230511,10,4,162.28,1025,15.83
4601,20230511,11,2,159.35,1140,13.98
4602,20230511,12,2,281.89,997,28.27
4603,20230511,13,1,61.57,805,7.65
4604,20230511,14,2,308.51,861,35.83
4605,20230511,15,2,291.71,1772,16.46
4606,20230511,16,2,415.23,1585,26.2
4607,20230511,17,1,11.35,713,1.59
4608,20230512,8,1,169.34,1416,11.96
4609,20230512,9,3,208.47,932,22.37
4610,20230512,10,1,47.72,881,5.42
4611,20230512,11,3,144.15,1417,10.17
4612,20230512,14,3,297.88,1488,20.02
4613,20230512,15,5,311.9,727,42.9
4614,20230512,17,1,13.65,1020,1.34
4615,20230515,8,9,765.61,1672,45.79
4616,20230515,9,1,415.36,1299,31.98
4617,20230515,10,2,2.44,803,0.3
4618,20230515,11,2,35.41,779,4.55
4619,20230515,12,2,101.44,810,12.52
4620,20230515,13,1,96.13,1077,8.93
4621,20230515,14,1,24.6,1199,2.05
4622,20230515,15,5,312.37,1402,22.28
4623,20230516,8,2,511.74,1310,39.06
4624,20230516,9,2,230.93,1483,15.57
4625,20230516,10,2,324.1,1002,32.35
4626,20230516,11,3,438.66,641,68.43
4627,20230516,12,2,474.26,1776,26.7
4628,20230516,14,1,78.18,997,7.84
4629,20230516,15,2,76.66,847,9.05
4630,20230517,8,7,726.88,1684,43.16
4631,20230517,9,1,192.97,1336,14.44
4632,20230517,10,4,534.41,1105,48.36
4633,20230517,11,1,115.19,744,15.48
4634,20230517,13,1,40.74,1025,3.97
4635,20230517,14,2,58.22,1126,5.17
4636,20230517,15,8,709.23,1240,57.2
4637,20230517,16,1,89.02,1464,6.08
4638,20230517,17,1,77.2,1334,5.79
4639,20230518,8,4,269.33,971,27.74
4640,20230518,9,2,137.33,1659,8.28
4641,20230518,10,2,361.11,986,36.62
4642,20230518,11,2,145.07999999999998,1790,8.11
4643,20230518,12,4,261.07,1620,16.12
4644,20230518,13,2,60.06999999999999,812,7.4
4645,20230518,14,1,77.23,876,8.82
4646,20230518,15,5,280.25,950,29.5
4647,20230518,16,3,177.16,632,28.03
4648,20230519,8,3,131.99,1155,11.43
4649,20230519,9,2,608.71,1461,41.66
4650,20230519,11,2,153.68,1134,13.55
4651,20230519,12,1,48.99,1761,2.78
4652,20230519,13,3,172.76,706,24.47
4653,20230519,14,1,220.74,795,27.77
4654,20230519,16,1,45.5,918,4.96
4655,20230519,17,1,42.31,1036,4.08
4656,20230522,8,3,765.11,776,98.6
4657,20230522,9,4,483.4,1274,37.94
4658,20230522,10,5,681.63,1214,56.15
4659,20230522,11,4,269.67,609,44.28
4660,20230522,12,2,348.66,762,45.76
4661,20230522,13,1,32.08,1693,1.89
4662,20230522,14,1,68.05000000000001,1641,4.15
4663,20230522,15,2,97.86,1001,9.78
4664,20230522,16,4,269.24,984,27.36
4665,20230523,8,4,303.32,1691,17.94
4666,20230523,9,4,301.52,660,45.68
4667,20230523,10,4,261.28,1571,16.63
4668,20230523,11,3,320.03,831,38.51
4669,20230523,13,2,171.51,1378,12.45
4670,20230523,15,2,88.83,1194,7.44
4671,20230523,16,3,197.21,1070,18.43
4672,20230524,8,2,110.54,1754,6.3
4673,20230524,9,3,285.56,1187,24.06
4674,20230524,10,2,184.57,1769,10.43
4675,20230524,11,1,48.76,705,6.92
4676,20230524,15,8,824.6899999999999,685,120.39
4677,20230524,16,3,560.43,1554,36.06
4678,20230525,8,4,438.02,667,65.67
4679,20230525,9,6,679.79,1472,46.18
4680,20230525,10,2,309.34000000000003,1342,23.05
4681,20230525,12,1,16.9,817,2.07
4682,20230525,13,2,132.88,1361,9.76
4683,20230525,14,1,232.61,702,33.14
4684,20230525,15,1,15.33,653,2.35
4685,20230525,17,2,101.56,1317,7.71
4686,20230526,8,4,290.24,1088,26.68
4687,20230526,9,4,339.64,1377,24.67
4688,20230526,10,2,74.74,727,10.28
4689,20230526,12,1,80.81,1407,5.74
4690,20230526,15,5,508.71,810,62.8
4691,20230526,16,4,404.01,1383,29.21
4692,20230526,17,2,469.86,830,56.61
4693,20230529,8,7,701.61,1061,66.13
4694,20230529,9,4,355.75,790,45.03
4695,20230529,10,4,386.75,1348,28.69
4696,20230529,11,2,435.7,1642,26.53
4697,20230529,12,3,167.82,1198,14.01
4698,20230529,13,1,57.4,1045,5.49
4699,20230529,14,1,136.93,1575,8.69
4700,20230529,15,1,50.04,1276,3.92
4701,20230529,16,2,228.39,940,24.3
4702,20230529,17,1,648.4,1751,37.03
4703,20230530,8,2,228.68,1767,12.94
4704,20230530,9,5,377.2,1509,25.0
4705,20230530,10,3,422.46,1466,28.82
4706,20230530,11,3,318.42,1607,19.81
4707,20230530,12,1,66.5,1644,4.05
4708,20230530,13,2,117.44,1520,7.73
4709,20230530,14,1,47.37,1419,3.34
4710,20230530,15,2,47.34,1583,2.99
4711,20230530,16,3,193.48,1664,11.63
4712,20230530,17,1,45.6,1557,2.93
4713,20230531,8,5,343.82,1358,25.32
4714,20230531,10,1,80.42999999999999,1690,4.76
4715,20230531,12,1,74.28999999999999,1636,4.54
4716,20230531,13,2,155.69,873,17.83
4717,20230531,15,3,344.4,1549,22.23
4718,20230601,8,2,134.47,822,16.36
4719,20230601,9,6,1364.12,1796,75.95
4720,20230601,10,1,235.2,1241,18.95
4721,20230601,11,3,387.92,1298,29.89
4722,20230601,12,1,159.7,740,21.58
4723,20230601,13,1,68.69,1273,5.4
4724,20230601,15,1,46.92,1004,4.67
4725,20230601,16,2,120.8,1749,6.91
4726,20230602,8,3,221.34,1588,13.94
4727,20230602,9,3,371.22,1462,25.39
4728,20230602,11,1,0.0,1410,0.0
4729,20230602,12,1,32.42,1132,2.86
4730,20230602,13,2,56.67999999999999,862,6.58
4731,20230602,15,2,77.5,1203,6.44
4732,20230602,16,2,200.44,695,28.84
4733,20230605,8,1,68.26,1728,3.95
4734,20230605,9,8,768.34,1554,49.44
4735,20230605,11,3,188.37,1700,11.08
4736,20230605,12,3,535.62,757,70.76
4737,20230605,13,2,110.74,826,13.41
4738,20230605,14,1,41.0,1474,2.78
4739,20230605,15,3,772.45,868,88.99
4740,20230605,16,2,228.96,1657,13.82
4741,20230605,17,2,232.83,1195,19.48
4742,20230606,9,2,124.87,703,17.76
4743,20230606,10,1,94.57,1692,5.59
4744,20230606,11,3,340.77,908,37.53
4745,20230606,12,3,164.82,1440,11.45
4746,20230606,13,1,35.36,768,4.6
4747,20230606,14,1,31.52,1302,2.42
4748,20230606,15,5,559.39,1788,31.29
4749,20230606,16,1,52.99,1333,3.98
4750,20230607,8,4,283.26,1083,26.16
4751,20230607,9,4,435.84,1359,32.07
4752,20230607,12,2,202.01,955,21.15
4753,20230607,14,2,67.28999999999999,1096,6.14
4754,20230607,15,5,537.78,721,74.59
4755,20230607,16,2,312.99,1686,18.56
4756,20230607,17,1,11.25,1343,0.84
4757,20230608,8,1,284.6,1227,23.19
4758,20230608,9,3,413.44,608,68.0
4759,20230608,10,2,87.57,1091,8.03
4760,20230608,11,2,111.35,914,12.18
4761,20230608,12,4,550.02,1363,40.35
4762,20230608,13,3,606.63,1769,34.29
4763,20230608,14,1,40.92,1258,3.25
4764,20230608,15,1,38.32,869,4.41
4765,20230608,16,1,229.44,1500,15.3
4766,20230608,17,1,30.96,1407,2.2
4767,20230609,8,1,140.64,1187,11.85
4768,20230609,9,4,384.07,1487,25.83
4769,20230609,10,2,174.46,1765,9.88
4770,20230609,11,2,152.63,1166,13.09
4771,20230609,12,4,236.16,846,27.91
4772,20230609,13,2,173.89999999999998,1209,14.38
4773,20230609,14,1,41.8,946,4.42
4774,20230609,15,2,185.67,1502,12.36
4775,20230609,17,1,16.59,1268,1.31
4776,20230612,8,2,341.82,1401,24.4
4777,20230612,9,2,70.44,921,7.65
4778,20230612,10,4,486.81,713,68.28
4779,20230612,11,1,47.78,684,6.99
4780,20230612,14,4,666.18,1258,52.96
4781,20230612,15,2,125.18,1088,11.51
4782,20230612,17,1,12.02,1661,0.72
4783,20230613,10,2,100.78,1166,8.64
4784,20230613,15,3,286.57,1010,28.37
4785,20230613,16,1,52.62,1226,4.29
4786,20230614,8,5,381.97,1195,31.96
4787,20230614,9,2,259.75,1343,19.34
4788,20230614,10,5,800.17,1120,71.44
4789,20230614,11,3,162.13,1467,11.05
4790,20230614,12,2,49.59,1420,3.49
4791,20230614,13,2,92.06,1456,6.32
4792,20230614,14,2,130.93,1181,11.09
4793,20230614,15,3,212.39,1304,16.29
4794,20230614,16,1,187.6,1631,11.5
4795,20230615,8,2,109.69,1327,8.27
4796,20230615,9,3,77.3,984,7.86
4797,20230615,10,2,106.76,1430,7.47
4798,20230615,11,4,442.78,1455,30.43
4799,20230615,12,1,58.67,1666,3.52
4800,20230615,15,2,309.83,981,31.58
4801,20230616,8,1,73.01,1227,5.95
4802,20230616,9,3,439.46,1562,28.13
4803,20230616,10,2,158.43,1208,13.12
4804,20230616,11,3,428.76,734,58.41
4805,20230616,12,1,45.24,1062,4.26
4806,20230616,13,2,63.15,1496,4.22
4807,20230616,14,5,301.98,938,32.19
4808,20230616,15,7,670.61,1332,50.35
4809,20230616,16,1,214.78,1614,13.31
4810,20230619,8,1,117.19,1671,7.01
4811,20230619,10,5,996.82,1418,70.3
4812,20230619,11,3,365.0,1006,36.28
4813,20230619,12,1,157.91,1577,10.01
4814,20230619,13,1,25.58,1704,1.5
4815,20230619,14,1,101.42,1299,7.81
4816,20230619,15,2,134.11,602,22.28
4817,20230619,16,4,263.58,1522,17.32
4818,20230620,8,4,387.44,1572,24.65
4819,20230620,9,3,189.87,864,21.98
4820,20230620,11,3,150.91,1781,8.47
4821,20230620,12,3,239.13,1333,17.94
4822,20230620,13,2,181.65,884,20.55
4823,20230620,14,2,149.32999999999998,1215,12.29
4824,20230620,16,3,242.97,1370,17.74
4825,20230621,8,4,438.03,804,54.48
4826,20230621,9,3,260.05,1113,23.36
4827,20230621,11,1,275.84000000000003,1568,17.59
4828,20230621,12,2,255.74,1719,14.88
4829,20230621,13,2,628.65,641,98.07
4830,20230621,14,1,91.84,1127,8.15
4831,20230621,15,5,310.06,1203,25.77
4832,20230621,17,2,90.02,1361,6.61
4833,20230622,8,2,235.03,1038,22.64
4834,20230622,9,1,331.6,1063,31.19
4835,20230622,10,1,83.92,1109,7.57
4836,20230622,11,2,213.67,1156,18.48
4837,20230622,12,4,541.2,1324,40.88
4838,20230622,13,1,82.65,1176,7.03
4839,20230622,14,1,82.21000000000001,1171,7.02
4840,20230622,15,2,91.41,866,10.56
4841,20230622,16,1,83.91,1388,6.05
4842,20230623,8,3,189.34,882,21.47
4843,20230623,9,1,35.239999999999995,1281,2.75
4844,20230623,10,1,324.87,962,33.77
4845,20230623,12,5,711.78,1256,56.67
4846,20230623,13,1,81.25,1698,4.79
4847,20230623,14,3,481.58,1320,36.48
4848,20230623,15,2,240.77,1723,13.97
4849,20230623,16,2,69.36,721,9.62
4850,20230623,17,1,73.57,1204,6.11
4851,20230626,8,6,343.5,1487,23.1
4852,20230626,9,5,310.9,1566,19.85
4853,20230626,10,1,191.41,1069,17.91
4854,20230626,11,1,54.57,1627,3.35
4855,20230626,12,3,233.54,1485,15.73
4856,20230626,13,4,268.89,982,27.38
4857,20230626,14,2,77.14,878,8.79
4858,20230626,15,3,178.35,1311,13.6
4859,20230626,16,1,19.11,1186,1.61
4860,20230627,8,3,246.31,1195,20.61
4861,20230627,9,5,342.51,608,56.33
4862,20230627,10,3,122.02,1061,11.5
4863,20230627,11,5,339.67,1175,28.91
4864,20230627,12,3,205.81,1681,12.24
4865,20230627,13,2,113.55,1247,9.11
4866,20230627,15,3,496.42,1237,40.13
4867,20230627,17,1,129.35,774,16.71
4868,20230628,8,3,159.41,1153,13.83
4869,20230628,9,3,706.11,1029,68.62
4870,20230628,10,1,109.61,880,12.46
4871,20230628,11,2,107.17,1160,9.24
4872,20230628,12,1,63.15,1110,5.69
4873,20230628,13,2,139.70999999999998,1114,12.54
4874,20230628,14,3,174.52,1678,10.4
4875,20230628,15,5,254.75,847,30.08
4876,20230628,16,1,61.08,1349,4.53
4877,20230628,17,3,229.6,912,25.18
4878,20230629,8,2,301.91,1457,20.72
4879,20230629,9,2,194.64,1347,14.45
4880,20230629,10,2,583.64,1340,43.56
4881,20230629,11,3,246.85,695,35.52
4882,20230629,12,4,310.74,1515,20.51
4883,20230629,13,3,233.59,1257,18.58
4884,20230629,14,1,113.23,1567,7.23
4885,20230629,15,2,275.18,1453,18.94
4886,20230629,16,2,205.0,1296,15.82
4887,20230630,8,1,89.47,801,11.17
4888,20230630,9,2,58.1,806,7.21
4889,20230630,10,3,685.21,1034,66.27
4890,20230630,11,1,11.01,1485,0.74
4891,20230630,13,2,141.85,772,18.37
4892,20230630,14,1,106.6,1606,6.64
4893,20230630,15,2,241.92,1180,20.5
4894,20230630,16,1,51.6,1030,5.01
4895,20230703,8,4,493.75,1561,31.63
4896,20230703,9,2,180.06,1267,14.21
4897,20230703,10,1,61.92999999999999,871,7.11
4898,20230703,11,2,324.0,771,42.02
4899,20230703,12,2,141.26,1110,12.73
4900,20230703,13,4,180.17,1214,14.84
4901,20230703,14,3,248.36,1668,14.89
4902,20230703,15,3,323.07,746,43.31
4903,20230704,8,6,376.05,1588,23.68
4904,20230704,9,3,314.79,1537,20.48
4905,20230704,10,3,186.55,1250,14.92
4906,20230704,11,1,191.4,1597,11.98
4907,20230704,12,2,45.56,1338,3.41
4908,20230704,13,1,149.31,1738,8.59
4909,20230704,15,2,79.0,1787,4.42
4910,20230704,16,4,320.25,644,49.73
4911,20230705,8,5,413.57,1616,25.59
4912,20230705,10,4,234.83,893,26.3
4913,20230705,11,5,737.26,1467,50.26
4914,20230705,12,1,55.06999999999999,1529,3.6
4915,20230705,13,4,191.25,1707,11.2
4916,20230705,15,1,82.36,1608,5.12
4917,20230705,16,3,609.5,1121,54.37
4918,20230706,8,5,322.22,1715,18.79
4919,20230706,9,3,364.7,886,41.16
4920,20230706,10,6,361.8,1318,27.45
4921,20230706,11,1,219.99,1319,16.68
4922,20230706,13,1,117.64,1663,7.07
4923,20230706,14,1,22.98,1297,1.77
4924,20230706,16,2,128.59,1125,11.43
4925,20230707,8,1,73.52,1231,5.97
4926,20230707,9,3,155.64,794,19.6
4927,20230707,10,1,35.69,1048,3.41
4928,20230707,11,2,387.07,649,59.64
4929,20230707,13,2,99.14,752,13.18
4930,20230707,14,1,483.3,1408,34.33
4931,20230707,15,1,49.74,1783,2.79
4932,20230707,16,2,515.58,667,77.3
4933,20230707,17,1,407.35,1099,37.07
4934,20230710,8,2,140.46,1164,12.07
4935,20230710,10,3,300.38,801,37.5
4936,20230710,12,3,421.15,1068,39.43
4937,20230710,14,1,31.33,1581,1.98
4938,20230710,15,4,444.87,1273,34.95
4939,20230710,16,1,67.64,1287,5.26
4940,20230711,8,2,270.6,610,44.36
4941,20230711,9,2,538.22,689,78.12
4942,20230711,10,1,219.61,1082,20.3
4943,20230711,11,2,126.04,1653,7.62
4944,20230711,12,1,47.65,815,5.85
4945,20230711,13,3,219.09,1570,13.95
4946,20230711,14,3,94.2,653,14.43
4947,20230711,16,1,121.79,1032,11.8
4948,20230712,8,2,241.45,1084,22.27
4949,20230712,10,2,167.76999999999998,1158,14.49
4950,20230712,11,4,290.93,988,29.45
4951,20230712,13,1,36.510000000000005,1224,2.98
4952,20230712,14,2,290.86,1228,23.69
4953,20230712,15,1,47.6,631,7.54
4954,20230712,16,1,73.6,931,7.91
4955,20230713,8,3,245.73,1189,20.67
4956,20230713,9,4,448.6,766,58.56
4957,20230713,10,1,66.28,1709,3.88
4958,20230713,13,1,59.71,998,5.98
4959,20230713,14,3,218.4,1383,15.79
4960,20230713,15,2,162.25,1099,14.76
4961,20230713,16,1,43.94,859,5.12
4962,20230714,8,2,118.79,1012,11.74
4963,20230714,9,5,312.65,1550,20.17
4964,20230714,10,2,45.82,1319,3.47
4965,20230714,11,1,160.16,1258,12.73
4966,20230714,12,1,0.0,1493,0.0
4967,20230714,14,2,187.7,1190,15.77
4968,20230714,15,1,44.38,882,5.03
4969,20230714,16,1,21.16,1081,1.96
4970,20230717,8,2,215.34,1215,17.72
4971,20230717,9,2,140.45,1226,11.46
4972,20230717,10,3,380.38,706,53.88
4973,20230717,12,3,494.27,985,50.18
4974,20230717,13,3,257.08,1640,15.68
4975,20230717,14,1,77.94999999999999,1626,4.79
4976,20230717,15,3,170.7,1296,13.17
4977,20230718,8,5,636.53,677,94.02
4978,20230718,9,1,20.57,1226,1.68
4979,20230718,10,1,21.44,1677,1.28
4980,20230718,11,2,143.47,1459,9.83
4981,20230718,12,3,164.55,1528,10.77
4982,20230718,15,3,235.9,1664,14.18
4983,20230718,16,1,49.7,1045,4.76
4984,20230719,8,3,301.34,745,40.45
4985,20230719,9,3,202.03,947,21.33
4986,20230719,10,5,911.29,615,148.18
4987,20230719,11,3,167.32,626,26.73
4988,20230719,12,2,86.51,1067,8.11
4989,20230719,13,1,52.3,1045,5.0
4990,20230719,14,3,560.3199999999999,1347,41.6
4991,20230719,15,5,395.73,1339,29.55
4992,20230719,16,2,143.47,1272,11.28
4993,20230720,8,5,479.32,1560,30.73
4994,20230720,9,2,316.98,1278,24.8
4995,20230720,10,2,427.19,1216,35.13
4996,20230720,11,4,333.21,1204,27.68
4997,20230720,12,1,27.05,1200,2.25
4998,20230720,13,1,22.92,1151,1.99
4999,20230720,14,1,59.51,1372,4.34
5000,20230720,15,1,28.68,1716,1.67
5001,20230721,8,9,705.21,1562,45.15
5002,20230721,9,7,745.9,1240,60.15
5003,20230721,10,4,790.3,1481,53.36
5004,20230721,11,1,75.97,1373,5.53
5005,20230721,12,1,25.85,1092,2.37
5006,20230721,13,1,123.47,1142,10.81
5007,20230721,16,1,48.91,652,7.5
5008,20230724,8,1,17.08,1006,1.7
5009,20230724,9,2,389.76,851,45.8
5010,20230724,10,4,445.98,816,54.65
5011,20230724,11,4,827.0100000000001,1089,75.94
5012,20230724,13,1,114.3,874,13.08
5013,20230724,14,1,68.12,954,7.14
5014,20230724,15,1,48.26,1363,3.54
5015,20230724,16,2,67.87,893,7.6
5016,20230725,8,2,85.88,1527,5.62
5017,20230725,9,5,452.77,1040,43.54
5018,20230725,10,2,141.95,818,17.35
5019,20230725,11,1,38.37,1787,2.15
5020,20230725,12,3,224.29,1773,12.65
5021,20230725,13,3,494.57,1598,30.95
5022,20230725,14,4,232.38,816,28.48
5023,20230725,15,4,293.36,616,47.62
5024,20230725,16,2,274.46000000000004,807,34.01
5025,20230725,17,2,406.35,1582,25.69
5026,20230726,8,2,303.76,1274,23.84
5027,20230726,9,2,116.47,1744,6.68
5028,20230726,10,4,444.56,1008,44.1
5029,20230726,11,2,116.45,1423,8.18
5030,20230726,15,4,188.72,1014,18.61
5031,20230726,16,2,81.18,1493,5.44
5032,20230726,17,1,71.19,1455,4.89
5033,20230727,8,2,118.02,669,17.64
5034,20230727,9,4,285.16,753,37.87
5035,20230727,10,5,535.5699999999999,674,79.46
5036,20230727,11,5,705.95,1538,45.9
5037,20230727,14,1,36.42,1294,2.81
5038,20230727,15,4,267.4,1051,25.44
5039,20230727,16,1,38.08,808,4.71
5040,20230728,8,4,931.19,1472,63.26
5041,20230728,9,1,13.23,826,1.6
5042,20230728,10,4,479.24,820,58.44
5043,20230728,11,2,233.61,1668,14.01
5044,20230728,12,4,280.88,769,36.53
5045,20230728,13,1,65.36,1121,5.83
5046,20230728,14,4,207.35,1228,16.89
5047,20230728,15,1,89.09,1729,5.15
5048,20230728,16,1,40.37,1322,3.05
5049,20230728,17,1,92.09,1570,5.87
5050,20230731,8,4,242.23,1264,19.16
5051,20230731,9,3,166.74,1516,11.0
5052,20230731,10,3,413.7,934,44.29
5053,20230731,12,2,135.31,1345,10.06
5054,20230731,13,2,375.07,1418,26.45
5055,20230731,15,1,0.0,644,0.0
5056,20230731,16,2,125.2,1056,11.86
5057,20230731,17,3,206.8,1593,12.98
5058,20230801,8,5,571.27,1297,44.05
5059,20230801,9,1,245.27,1349,18.18
5060,20230801,10,1,31.78,1234,2.58
5061,20230801,12,3,144.64,914,15.82
5062,20230801,13,1,133.42,721,18.5
5063,20230801,14,2,277.68,1774,15.65
5064,20230801,15,3,350.49,1135,30.88
5065,20230801,16,3,239.71,657,36.49
5066,20230802,8,4,540.36,1709,31.62
5067,20230802,9,1,49.32,662,7.45
5068,20230802,10,1,56.27,995,5.66
5069,20230802,11,3,189.9,1272,14.93
5070,20230802,12,3,375.87,1020,36.85
5071,20230802,13,1,422.93,1609,26.29
5072,20230802,15,2,116.37,1346,8.65
5073,20230802,16,1,83.03,1777,4.67
5074,20230803,8,1,56.42,1559,3.62
5075,20230803,10,7,771.89,1428,54.05
5076,20230803,11,4,435.1,1153,37.74
5077,20230803,12,3,371.97,1413,26.32
5078,20230803,13,1,61.61,655,9.41
5079,20230803,14,3,299.57,752,39.84
5080,20230803,15,2,468.35,635,73.76
5081,20230803,16,2,223.78,910,24.59
5082,20230804,8,3,300.82,684,43.98
5083,20230804,9,2,119.27,1682,7.09
5084,20230804,10,3,148.25,1315,11.27
5085,20230804,14,2,196.57,1791,10.98
5086,20230804,15,2,271.77,1793,15.16
5087,20230804,16,2,176.8,917,19.28
5088,20230804,17,1,62.72,664,9.45
5089,20230807,8,3,208.09,1561,13.33
5090,20230807,9,2,162.06,1297,12.49
5091,20230807,10,1,105.74,1522,6.95
5092,20230807,11,2,208.29,960,21.7
5093,20230807,12,3,229.51,1145,20.04
5094,20230807,13,1,55.18,1419,3.89
5095,20230807,14,2,90.14,818,11.02
5096,20230807,15,4,693.4200000000001,788,88.0
5097,20230807,16,5,246.17,824,29.88
5098,20230808,8,2,207.01,1199,17.27
5099,20230808,9,4,300.31,863,34.8
5100,20230808,10,2,110.0,1555,7.07
5101,20230808,11,1,52.68,603,8.74
5102,20230808,12,1,65.18,853,7.64
5103,20230808,13,4,542.36,639,84.88
5104,20230808,15,4,205.32,1461,14.05
5105,20230808,16,1,91.92,707,13.0
5106,20230808,17,1,118.96,1016,11.71
5107,20230809,8,5,702.84,1329,52.88
5108,20230809,9,1,113.9,1142,9.97
5109,20230809,10,1,90.93,1475,6.16
5110,20230809,11,1,35.15,602,5.84
5111,20230809,12,3,167.93,816,20.58
5112,20230809,14,1,77.8,1499,5.19
5113,20230809,15,4,553.1800000000001,828,66.81
5114,20230809,16,1,83.47,1643,5.08
5115,20230809,17,1,60.31,1166,5.17
5116,20230810,8,7,734.99,1482,49.59
5117,20230810,9,2,106.24,1780,5.97
5118,20230810,10,3,368.2,1003,36.71
5119,20230810,11,3,149.76999999999998,1165,12.86
5120,20230810,12,2,766.71,910,84.25
5121,20230810,13,2,240.4,1001,24.02
5122,20230810,14,1,5.08,852,0.6
5123,20230810,15,3,381.99,1440,26.53
5124,20230810,16,3,340.95,1384,24.64
5125,20230810,17,1,97.93,1734,5.65
5126,20230811,8,4,296.48,1015,29.21
5127,20230811,9,2,94.05,1075,8.75
5128,20230811,10,1,195.23,1000,19.52
5129,20230811,11,8,677.1,701,96.59
5130,20230811,12,1,96.13,1219,7.89
5131,20230811,13,2,301.34,1163,25.91
5132,20230811,15,4,318.17,1308,24.32
5133,20230811,16,1,86.71,1286,6.74
5134,20230811,17,1,64.13,1443,4.44
5135,20230814,8,3,406.74,1454,27.97
5136,20230814,9,1,13.42,1264,1.06
5137,20230814,10,3,260.33,1378,18.89
5138,20230814,11,1,186.96,921,20.3
5139,20230814,12,1,115.99,975,11.9
5140,20230814,13,1,106.4,1044,10.19
5141,20230814,14,4,241.35,1778,13.57
5142,20230814,16,1,54.47,1284,4.24
5143,20230816,8,6,400.54,1031,38.85
5144,20230816,9,5,659.29,1740,37.89
5145,20230816,10,2,171.87,651,26.4
5146,20230816,11,3,209.68,1746,12.01
5147,20230816,12,5,505.66,986,51.28
5148,20230816,13,3,123.12,1644,7.49
5149,20230816,14,4,903.38,1086,83.18
5150,20230816,15,1,55.45,880,6.3
5151,20230816,16,2,183.71,701,26.21
5152,20230817,8,3,308.83,846,36.5
5153,20230817,9,3,319.65,1108,28.85
5154,20230817,10,2,122.42,687,17.82
5155,20230817,11,1,155.12,1412,10.99
5156,20230817,12,1,54.72,714,7.66
5157,20230817,13,1,31.86,1318,2.42
5158,20230817,14,2,239.56,689,34.77
5159,20230817,15,2,197.28,1497,13.18
5160,20230817,16,1,18.52,1344,1.38
5161,20230818,9,4,268.92,1552,17.33
5162,20230818,11,2,29.42,1786,1.65
5163,20230818,12,2,120.82,1462,8.26
5164,20230818,13,1,94.4,1426,6.62
5165,20230818,14,1,21.0,1332,1.58
5166,20230818,15,3,249.76,1596,15.65
5167,20230818,17,2,289.5,1220,23.73
5168,20230821,8,1,154.95,916,16.92
5169,20230821,10,1,80.02,1478,5.41
5170,20230821,12,3,79.0,1574,5.02
5171,20230821,13,3,118.01,1737,6.79
5172,20230821,14,1,15.86,1613,0.98
5173,20230821,15,4,254.43,1090,23.34
5174,20230821,16,2,269.18,1072,25.11
5175,20230821,17,2,373.26,1719,21.71
5176,20230822,8,5,647.42,1300,49.8
5177,20230822,9,5,219.65,1673,13.13
5178,20230822,10,1,427.24,808,52.88
5179,20230822,11,3,430.12,1255,34.27
5180,20230822,15,3,333.3,1184,28.15
5181,20230822,16,2,162.01,861,18.82
5182,20230823,8,2,169.0,1130,14.96
5183,20230823,9,4,681.7,1657,41.14
5184,20230823,10,3,637.42,1425,44.73
5185,20230823,11,3,178.73000000000002,969,18.44
5186,20230823,12,4,633.0600000000001,716,88.42
5187,20230823,13,2,93.1,1528,6.09
5188,20230823,14,2,214.35,1232,17.4
5189,20230823,15,4,193.2,1235,15.64
5190,20230823,16,1,43.92,899,4.89
5191,20230824,8,3,193.93,1639,11.83
5192,20230824,9,5,284.8,1224,23.27
5193,20230824,10,1,118.31,651,18.17
5194,20230824,11,3,70.86,1113,6.37
5195,20230824,12,3,253.81,1309,19.39
5196,20230824,13,3,237.7,1572,15.12
5197,20230824,14,1,104.63,1515,6.91
5198,20230824,15,7,463.17,1120,41.35
5199,20230824,16,1,410.27,1527,26.87
5200,20230825,8,3,249.04,970,25.67
5201,20230825,9,2,115.2,867,13.29
5202,20230825,10,6,392.62,1741,22.55
5203,20230825,11,1,115.41,1382,8.35
5204,20230825,12,2,125.68,1034,12.15
5205,20230825,13,2,413.4,1247,33.15
5206,20230825,14,2,338.79,1550,21.86
5207,20230825,15,4,272.74,1458,18.71
5208,20230825,16,1,103.45,1395,7.42
5209,20230828,9,2,125.91,704,17.88
5210,20230828,10,3,521.47,1097,47.54
5211,20230828,11,2,135.87,974,13.95
5212,20230828,12,2,361.38,1018,35.5
5213,20230828,13,2,236.6,1665,14.21
5214,20230828,14,1,114.61,1330,8.62
5215,20230828,15,4,238.92,1551,15.4
5216,20230829,8,1,22.46,1704,1.32
5217,20230829,9,2,57.42,842,6.82
5218,20230829,10,1,27.04,1032,2.62
5219,20230829,11,1,137.57,1628,8.45
5220,20230829,12,5,523.96,1453,36.06
5221,20230829,13,4,353.95,1318,26.86
5222,20230829,14,2,55.42,833,6.65
5223,20230829,15,4,366.69,847,43.29
5224,20230829,16,2,250.2,1432,17.47
5225,20230829,17,1,40.56,904,4.49
5226,20230830,8,4,506.72,845,59.97
5227,20230830,9,4,363.48,1566,23.21
5228,20230830,10,1,19.48,636,3.06
5229,20230830,11,1,245.54,1733,14.17
5230,20230830,12,4,250.48,1257,19.93
5231,20230830,15,2,159.94,1171,13.66
5232,20230830,16,2,262.34000000000003,1418,18.5
5233,20230830,17,1,12.28,1209,1.02
5234,20230831,8,3,444.35,1510,29.43
5235,20230831,10,7,425.4,1066,39.91
5236,20230831,11,4,373.24,1277,29.23
5237,20230831,12,1,36.38,1755,2.07
5238,20230831,13,2,124.76,1278,9.76
5239,20230831,15,4,344.9,1025,33.65
5240,20230831,17,1,0.0,1468,0.0
5241,20230901,8,3,531.67,647,82.17
5242,20230901,9,4,322.76,1789,18.04
5243,20230901,10,4,585.13,1316,44.46
5244,20230901,11,1,160.16,1597,10.03
5245,20230901,12,1,138.26,1233,11.21
5246,20230901,13,3,567.45,1683,33.72
5247,20230901,15,4,186.58,1564,11.93
5248,20230901,16,1,53.63999999999999,861,6.23
5249,20230904,8,2,117.6,929,12.66
5250,20230904,9,2,72.81,969,7.51
5251,20230904,10,5,633.32,1175,53.9
5252,20230904,11,3,312.55,1527,20.47
5253,20230904,13,2,260.58,675,38.6
5254,20230904,14,1,24.73,1119,2.21
5255,20230904,15,2,159.03,601,26.46
5256,20230904,16,4,252.59,897,28.16
5257,20230904,17,2,85.55,1410,6.07
5258,20230905,8,3,259.31,750,34.57
5259,20230905,9,2,106.46,1238,8.6
5260,20230905,10,4,259.38,1376,18.85
5261,20230905,11,1,146.57,915,16.02
5262,20230905,12,1,82.11,1315,6.24
5263,20230905,13,1,60.03,1626,3.69
5264,20230905,14,4,186.17,1145,16.26
5265,20230905,15,3,416.02,668,62.28
5266,20230905,16,1,89.74,1309,6.86
5267,20230906,8,1,0.0,1114,0.0
5268,20230906,9,2,766.51,1652,46.4
5269,20230906,13,2,508.81,1329,38.29
5270,20230906,14,1,79.18,783,10.11
5271,20230906,15,5,478.19,1792,26.68
5272,20230906,17,1,27.65,1446,1.91
5273,20230907,8,1,102.4,1789,5.72
5274,20230907,9,3,340.18,1154,29.48
5275,20230907,10,2,130.33,1706,7.64
5276,20230907,11,1,200.04,611,32.74
5277,20230907,12,1,84.06,1370,6.14
5278,20230907,13,1,143.44,1244,11.53
5279,20230907,14,1,71.63,1696,4.22
5280,20230907,15,3,155.24,1573,9.87
5281,20230907,16,1,58.66,837,7.01
5282,20230908,8,2,151.76999999999998,854,17.77
5283,20230908,9,3,192.15,1336,14.38
5284,20230908,10,2,546.84,1626,33.63
5285,20230908,11,3,176.93,1024,17.28
5286,20230908,12,3,474.0,1466,32.33
5287,20230908,13,4,189.79,815,23.29
5288,20230908,15,3,528.71,656,80.6
5289,20230908,16,1,27.3,924,2.95
5290,20230911,8,3,203.75,844,24.14
5291,20230911,9,2,297.47,853,34.87
5292,20230911,10,2,193.67,679,28.52
5293,20230911,11,1,47.57,1626,2.93
5294,20230911,12,4,127.11,1382,9.2
5295,20230911,13,1,575.8100000000001,1380,41.73
5296,20230911,14,3,167.93,1196,14.04
5297,20230911,15,6,366.26,1170,31.3
5298,20230911,16,1,8.52,677,1.26
5299,20230911,17,1,75.48,1514,4.99
5300,20230912,8,2,175.78,789,22.28
5301,20230912,9,4,313.2,1141,27.45
5302,20230912,10,1,70.68,756,9.35
5303,20230912,11,4,222.78,1271,17.53
5304,20230912,12,1,138.97,1120,12.41
5305,20230912,13,1,45.21,1282,3.53
5306,20230912,14,2,671.16,1179,56.93
5307,20230912,15,1,0.0,1720,0.0
5308,20230912,16,3,363.48,950,38.26
5309,20230913,8,2,177.09,863,20.52
5310,20230913,9,6,491.54,1256,39.14
5311,20230913,10,2,143.19,1425,10.05
5312,20230913,11,1,182.67,1144,15.97
5313,20230913,12,2,93.46,1441,6.49
5314,20230913,13,1,178.0,836,21.29
5315,20230913,15,3,421.38,1702,24.76
5316,20230913,16,1,41.6,1595,2.61
5317,20230913,17,1,46.81,1641,2.85
5318,20230914,8,2,97.33,745,13.06
5319,20230914,9,1,102.32,785,13.03
5320,20230914,10,2,347.46,1031,33.7
5321,20230914,11,1,247.28,890,27.78
5322,20230914,12,3,538.02,1085,49.59
5323,20230914,13,3,162.07,1249,12.98
5324,20230914,14,2,283.35,814,34.81
5325,20230914,15,1,44.02,1466,3.0
5326,20230914,16,2,212.27,1427,14.88
5327,20230915,8,2,362.25,768,47.17
5328,20230915,9,1,211.5,730,28.97
5329,20230915,10,4,311.6,1621,19.22
5330,20230915,13,1,94.82,696,13.62
5331,20230915,14,3,228.31,1068,21.38
5332,20230915,15,5,306.06,1094,27.98
5333,20230915,16,2,143.0,1672,8.55
5334,20230918,8,1,34.23,1436,2.38
5335,20230918,9,3,244.05,1392,17.53
5336,20230918,10,2,198.11,1543,12.84
5337,20230918,11,5,528.59,887,59.59
5338,20230918,12,2,256.89,1785,14.39
5339,20230918,13,1,95.36,1103,8.65
5340,20230918,14,1,154.05,619,24.89
5341,20230918,15,3,235.49,868,27.13
5342,20230918,16,1,25.1,950,2.64
5343,20230918,17,1,5.96,925,0.64
5344,20230919,8,2,356.04,1435,24.81
5345,20230919,9,5,476.93,782,60.99
5346,20230919,10,5,1057.39,955,110.72
5347,20230919,12,1,261.2,1787,14.62
5348,20230919,13,1,167.78,1604,10.46
5349,20230919,15,6,942.09,797,118.2
5350,20230919,17,2,139.34,748,18.63
5351,20230920,8,6,454.33,1793,25.34
5352,20230920,9,6,815.25,1655,49.26
5353,20230920,10,4,868.56,779,111.5
5354,20230920,14,1,60.47,1761,3.43
5355,20230920,15,3,325.45,803,40.53
5356,20230920,16,1,45.57,627,7.27
5357,20230921,8,1,164.45,1791,9.18
5358,20230921,9,7,394.2,1602,24.61
5359,20230921,10,1,166.78,1114,14.97
5360,20230921,11,1,141.71,715,19.82
5361,20230921,13,5,355.2,1197,29.67
5362,20230921,14,1,43.64,1114,3.92
5363,20230921,15,3,296.25,1433,20.67
5364,20230922,8,4,321.86,1034,31.13
5365,20230922,9,3,195.15,686,28.45
5366,20230922,10,2,247.3,1774,13.94
5367,20230922,11,3,205.77,1580,13.02
5368,20230922,12,1,126.6,737,17.18
5369,20230922,13,1,121.28,1244,9.75
5370,20230922,14,1,28.92,1728,1.67
5371,20230922,15,7,502.79,1268,39.65
5372,20230922,16,1,72.53,680,10.67
5373,20230922,17,1,29.35,1539,1.91
5374,20230925,8,4,283.77,1289,22.01
5375,20230925,9,2,167.76,670,25.04
5376,20230925,10,2,205.29,885,23.2
5377,20230925,11,1,25.98,1189,2.19
5378,20230925,12,6,490.16,1132,43.3
5379,20230925,13,5,397.26,1609,24.69
5380,20230925,14,3,318.54,1237,25.75
5381,20230925,15,3,275.78,1101,25.05
5382,20230925,16,1,156.73,871,17.99
5383,20230926,8,1,50.66,828,6.12
5384,20230926,9,4,349.01,1689,20.66
5385,20230926,10,2,149.22,636,23.46
5386,20230926,11,4,364.02,603,60.37
5387,20230926,12,3,351.2,842,41.71
5388,20230926,13,3,299.84000000000003,1641,18.27
5389,20230926,16,3,332.41,1670,19.9
5390,20230926,17,1,26.08,1060,2.46
5391,20230927,8,3,263.16,1783,14.76
5392,20230927,9,1,0.0,1000,0.0
5393,20230927,10,5,743.3,1039,71.54
5394,20230927,11,1,42.2,1002,4.21
5395,20230927,13,2,94.72,1005,9.42
5396,20230927,14,1,45.81,1418,3.23
5397,20230927,15,4,260.2,788,33.02
5398,20230927,16,1,31.41,1747,1.8
5399,20230927,17,1,73.84,601,12.29
5400,20230928,8,4,740.96,1626,45.57
5401,20230928,9,3,395.35,1219,32.43
5402,20230928,10,3,335.7,1155,29.06
5403,20230928,11,3,263.69,1702,15.49
5404,20230928,12,2,169.54,1367,12.4
5405,20230928,13,2,114.77,1473,7.79
5406,20230928,14,1,23.29,1495,1.56
5407,20230928,15,2,239.95,1767,13.58
5408,20230928,16,4,291.36,1267,23.0
5409,20230929,8,3,161.85,1242,13.03
5410,20230929,9,4,628.78,1260,49.9
5411,20230929,10,1,68.86,1026,6.71
5412,20230929,11,5,452.64,1600,28.29
5413,20230929,12,1,40.260000000000005,1527,2.64
5414,20230929,13,5,682.47,960,71.09
5415,20230929,15,6,753.43,717,105.08
5416,20230929,16,1,289.5,1117,25.92
5417,20230929,17,1,54.28,1657,3.28
5418,20231002,8,6,375.23,896,41.88
5419,20231002,9,1,74.56,1093,6.82
5420,20231002,10,3,633.98,1088,58.27
5421,20231002,11,1,19.92,1534,1.3
5422,20231002,12,1,60.60999999999999,1604,3.78
5423,20231002,14,2,58.620000000000005,1105,5.3
5424,20231002,15,1,47.73,1073,4.45
5425,20231002,17,2,51.77,892,5.8
5426,20231003,8,4,423.93,770,55.06
5427,20231003,9,4,463.39,950,48.78
5428,20231003,10,2,195.35,967,20.2
5429,20231003,11,4,273.11,651,41.95
5430,20231003,12,2,161.51,1593,10.14
5431,20231003,13,1,57.400000000000006,749,7.66
5432,20231003,14,2,103.87,1511,6.87
5433,20231003,15,5,692.35,1604,43.16
5434,20231003,16,1,130.21,1192,10.92
5435,20231004,8,2,132.67000000000002,621,21.36
5436,20231004,9,3,463.05,1743,26.57
5437,20231004,10,1,27.24,1220,2.23
5438,20231004,11,1,77.77000000000001,1002,7.76
5439,20231004,12,3,75.22999999999999,1427,5.27
5440,20231004,13,1,72.91,825,8.84
5441,20231004,14,3,291.82,1499,19.47
5442,20231004,15,4,606.4300000000001,1349,44.95
5443,20231005,8,4,260.91,1540,16.94
5444,20231005,10,3,200.84,1103,18.21
5445,20231005,11,3,287.72,945,30.45
5446,20231005,12,1,38.32,945,4.06
5447,20231005,13,2,100.17,676,14.82
5448,20231005,16,3,114.95,1047,10.98
5449,20231006,8,3,397.99,1426,27.91
5450,20231006,9,1,357.54,1473,24.27
5451,20231006,10,1,185.66000000000005,1393,13.33
5452,20231006,11,1,32.24,997,3.23
5453,20231006,12,4,386.62,894,43.25
5454,20231006,13,1,42.0,1227,3.42
5455,20231006,14,2,189.1,1379,13.71
5456,20231006,15,3,155.05,1123,13.81
5457,20231006,16,2,161.54,713,22.66
5458,20231009,8,3,227.49,1426,15.95
5459,20231009,9,3,247.13,895,27.61
5460,20231009,10,1,95.3,1518,6.28
5461,20231009,12,3,181.75,1337,13.59
5462,20231009,13,2,126.29,1446,8.73
5463,20231009,14,2,303.79,910,33.38
5464,20231009,15,2,161.07,1214,13.27
5465,20231009,16,2,168.99,1422,11.88
5466,20231009,17,1,83.78999999999999,1547,5.42
5467,20231010,8,8,671.23,1428,47.0
5468,20231010,9,1,6.84,701,0.98
5469,20231010,10,3,232.07,1542,15.05
5470,20231010,11,3,253.16,1606,15.76
5471,20231010,12,6,616.16,1387,44.42
5472,20231010,13,2,44.33,786,5.64
5473,20231010,15,2,211.76,1652,12.82
5474,20231010,16,3,185.59,1552,11.96
5475,20231010,17,2,110.88,982,11.29
5476,20231011,8,2,90.67,1237,7.33
5477,20231011,9,1,70.19,1725,4.07
5478,20231011,10,1,58.99,1001,5.89
5479,20231011,11,1,49.95,1319,3.79
5480,20231011,12,3,255.66,1241,20.6
5481,20231011,13,3,371.6,658,56.47
5482,20231011,14,1,47.99,603,7.96
5483,20231011,15,12,1370.91,1671,82.04
5484,20231011,16,1,95.8,648,14.78
5485,20231013,8,1,13.14,1213,1.08
5486,20231013,9,1,151.81,1632,9.3
5487,20231013,10,4,350.34,1105,31.7
5488,20231013,11,2,148.24,1024,14.48
5489,20231013,12,1,84.66,930,9.1
5490,20231013,13,1,90.6,845,10.72
5491,20231013,14,2,97.08,1598,6.08
5492,20231013,15,3,309.93,610,50.81
5493,20231013,16,2,292.71000000000004,666,43.95
5494,20231013,17,1,37.5,1745,2.15
5495,20231016,8,4,538.02,1135,47.4
5496,20231016,9,3,201.8,956,21.11
5497,20231016,10,2,110.85,1450,7.64
5498,20231016,11,4,580.73,812,71.52
5499,20231016,13,1,10.16,690,1.47
5500,20231016,14,2,115.11,1638,7.03
5501,20231016,15,3,169.0,1218,13.88
5502,20231016,16,1,210.67,1086,19.4
5503,20231017,8,1,35.34,1497,2.36
5504,20231017,9,1,121.24,1472,8.24
5505,20231017,11,2,124.88,1547,8.07
5506,20231017,12,6,514.3199999999999,939,54.77
5507,20231017,13,4,247.79,844,29.36
5508,20231017,14,1,26.34,692,3.81
5509,20231017,15,4,279.56,1308,21.37
5510,20231017,16,3,195.1,991,19.69
5511,20231018,8,1,44.04,1272,3.46
5512,20231018,9,1,68.89,1408,4.89
5513,20231018,11,1,145.26000000000002,923,15.74
5514,20231018,12,3,357.87,620,57.72
5515,20231018,13,2,122.01,1638,7.45
5516,20231018,15,6,675.05,1562,43.22
5517,20231018,16,3,191.16,747,25.59
5518,20231018,17,1,51.1,736,6.94
5519,20231019,8,4,502.84,1508,33.34
5520,20231019,9,1,42.99,1151,3.74
5521,20231019,10,1,105.04,1166,9.01
5522,20231019,12,2,176.34,959,18.39
5523,20231019,13,2,75.67999999999999,1212,6.24
5524,20231019,14,3,145.02,980,14.8
5525,20231019,15,6,256.89,733,35.05
5526,20231019,16,3,411.29,1004,40.97
5527,20231020,8,9,1131.27,1725,65.58
5528,20231020,9,6,364.07,891,40.86
5529,20231020,10,4,384.19,613,62.67
5530,20231020,11,1,80.65,1251,6.45
5531,20231020,12,3,336.38,618,54.43
5532,20231020,13,6,709.9,971,73.11
5533,20231020,15,3,278.69,1653,16.86
5534,20231023,8,3,601.37,1508,39.88
5535,20231023,9,5,501.75,885,56.69
5536,20231023,10,1,57.64,1563,3.69
5537,20231023,11,1,30.42,1455,2.09
5538,20231023,12,1,103.47,777,13.32
5539,20231023,13,3,301.48,1797,16.78
5540,20231023,14,1,83.82,1222,6.86
5541,20231023,15,4,427.0,1563,27.32
5542,20231023,16,3,141.03,1126,12.52
5543,20231024,8,3,557.44,1226,45.47
5544,20231024,9,4,364.08,880,41.37
5545,20231024,10,1,66.49000000000001,881,7.55
5546,20231024,11,2,68.18,1402,4.86
5547,20231024,13,3,400.33,1137,35.21
5548,20231024,14,2,179.25,970,18.48
5549,20231024,15,2,102.44,1039,9.86
5550,20231024,16,2,175.68,634,27.71
5551,20231024,17,2,84.11,1204,6.99
5552,20231025,8,4,368.52,878,41.97
5553,20231025,10,4,424.78,1597,26.6
5554,20231025,11,4,231.58,1331,17.4
5555,20231025,12,3,324.24,1776,18.26
5556,20231025,13,1,51.04,874,5.84
5557,20231025,14,3,208.67,1025,20.36
5558,20231025,15,3,466.98,1602,29.15
5559,20231025,16,1,69.22,1321,5.24
5560,20231026,8,9,780.74,1154,67.66
5561,20231026,9,5,675.08,816,82.73
5562,20231026,11,1,160.75,943,17.05
5563,20231026,12,2,260.76,986,26.45
5564,20231026,13,1,18.24,667,2.73
5565,20231026,14,1,101.83,1187,8.58
5566,20231026,15,2,88.06,1030,8.55
5567,20231026,16,3,225.88,798,28.31
5568,20231027,8,2,557.62,613,90.97
5569,20231027,9,2,84.68,1759,4.81
5570,20231027,10,1,111.31,1503,7.41
5571,20231027,11,4,334.09,1730,19.31
5572,20231027,12,4,577.52,1194,48.37
5573,20231027,14,3,132.14,1574,8.4
5574,20231027,15,3,142.20999999999998,1502,9.47
5575,20231027,16,1,186.43,1257,14.83
5576,20231027,17,1,58.71,1463,4.01
5577,20231030,8,2,112.82,1649,6.84
5578,20231030,9,1,151.38,1452,10.43
5579,20231030,10,2,265.59000000000003,1342,19.79
5580,20231030,11,5,339.62,1733,19.6
5581,20231030,12,1,138.11,1334,10.35
5582,20231030,13,3,166.74,860,19.39
5583,20231030,14,3,476.49,1777,26.81
5584,20231030,15,3,201.63,1183,17.04
5585,20231030,16,1,181.87,958,18.98
5586,20231030,17,3,197.81,1055,18.75
5587,20231031,8,7,415.71,1795,23.16
5588,20231031,9,2,268.94,782,34.39
5589,20231031,10,2,170.28,868,19.62
5590,20231031,11,2,266.93,1545,17.28
5591,20231031,12,2,42.78,829,5.16
5592,20231031,15,5,441.34,1229,35.91
5593,20231031,16,3,149.48,768,19.46
5594,20231102,8,1,201.86,1325,15.23
5595,20231102,9,3,127.46,844,15.1
5596,20231102,10,1,103.9,861,12.07
5597,20231102,11,2,158.4,986,16.06
5598,20231102,12,3,500.3,1340,37.34
5599,20231102,14,2,182.31,1525,11.95
5600,20231102,15,5,523.78,1540,34.01
5601,20231102,16,4,283.96,1724,16.47
5602,20231102,17,2,431.04,910,47.37
5603,20231103,8,3,345.63,757,45.66
5604,20231103,9,2,222.84,1575,14.15
5605,20231103,10,3,245.34,626,39.19
5606,20231103,11,3,232.87,1314,17.72
5607,20231103,12,1,70.00999999999999,716,9.78
5608,20231103,13,2,128.45999999999998,1619,7.93
5609,20231103,15,2,62.25,1243,5.01
5610,20231103,16,2,171.53,1418,12.1
5611,20231106,8,3,217.76,1406,15.49
5612,20231106,9,4,427.94,971,44.07
5613,20231106,10,6,391.81,1087,36.05
5614,20231106,11,6,455.52,1150,39.61
5615,20231106,13,2,190.2,738,25.77
5616,20231106,14,1,529.4300000000001,997,53.1
5617,20231106,15,6,338.98,1562,21.7
5618,20231106,16,2,349.97,1647,21.25
5619,20231107,8,7,761.28,915,83.2
5620,20231107,10,1,51.87,1506,3.44
5621,20231107,11,1,96.81,1104,8.77
5622,20231107,12,2,197.77,1075,18.4
5623,20231107,13,3,199.43,1044,19.1
5624,20231107,14,2,138.1,1080,12.79
5625,20231107,15,5,464.09,733,63.31
5626,20231107,16,1,31.31,1015,3.08
5627,20231107,17,1,46.06,1023,4.5
5628,20231108,8,6,1102.25,809,136.25
5629,20231108,9,2,113.16,1102,10.27
5630,20231108,10,4,134.48,1088,12.36
5631,20231108,11,1,14.91,1003,1.49
5632,20231108,12,2,83.66,1488,5.62
5633,20231108,13,2,69.61,1375,5.06
5634,20231108,14,1,77.84,1598,4.87
5635,20231108,15,1,108.17,1182,9.15
5636,20231108,16,1,10.65,1106,0.96
5637,20231108,17,1,103.85,826,12.57
5638,20231109,8,2,63.59,1244,5.11
5639,20231109,9,2,101.62,1569,6.48
5640,20231109,10,1,150.43,1277,11.78
5641,20231109,11,4,334.23,1704,19.61
5642,20231109,12,1,63.53,636,9.99
5643,20231109,13,2,126.9,1036,12.25
5644,20231109,14,1,381.0,615,61.95
5645,20231109,15,5,245.55,1799,13.65
5646,20231109,16,2,248.2,1776,13.98
5647,20231109,17,1,86.35000000000001,1119,7.72
5648,20231110,8,1,76.82,956,8.04
5649,20231110,9,5,303.7,1597,19.02
5650,20231110,10,4,525.09,675,77.79
5651,20231110,11,3,256.79,823,31.2
5652,20231110,12,3,187.91,1772,10.6
5653,20231110,13,3,223.13,1394,16.01
5654,20231110,14,1,107.46,1405,7.65
5655,20231110,15,3,433.0,1560,27.76
5656,20231110,17,1,31.57,1375,2.3
5657,20231113,8,6,947.57,808,117.27
5658,20231113,9,3,126.4,1628,7.76
5659,20231113,10,2,468.58,1012,46.3
5660,20231113,11,5,355.57,1787,19.9
5661,20231113,12,2,60.03,863,6.96
5662,20231113,13,3,335.55,1604,20.92
5663,20231113,14,3,258.02,1208,21.36
5664,20231113,15,1,93.11,1201,7.75
5665,20231113,16,1,9.08,1284,0.71
5666,20231114,8,5,376.31,619,60.79
5667,20231114,9,3,516.28,1069,48.3
5668,20231114,10,3,315.94,789,40.04
5669,20231114,11,1,128.59,1600,8.04
5670,20231114,12,3,797.8899999999999,702,113.66
5671,20231114,14,1,421.75,833,50.63
5672,20231114,15,4,305.27,1292,23.63
5673,20231114,16,4,370.4,755,49.06
5674,20231115,8,2,156.74,962,16.29
5675,20231115,9,3,259.44,1303,19.91
5676,20231115,10,4,596.2,1607,37.1
5677,20231115,11,3,306.57,995,30.81
5678,20231115,12,2,162.1,1547,10.48
5679,20231115,13,1,103.56,620,16.7
5680,20231115,14,1,340.96000000000004,1710,19.94
5681,20231115,15,4,173.87,626,27.77
5682,20231115,16,2,159.38,1625,9.81
5683,20231116,8,2,154.83,839,18.45
5684,20231116,10,2,654.4,1279,51.16
5685,20231116,11,3,685.75,1696,40.43
5686,20231116,13,2,187.19,1444,12.96
5687,20231116,14,1,84.04,1113,7.55
5688,20231116,15,1,91.41,1214,7.53
5689,20231116,16,2,353.6,1552,22.78
5690,20231116,17,2,134.18,1684,7.97
5691,20231117,8,1,131.76999999999998,1609,8.19
5692,20231117,9,6,587.91,1484,39.62
5693,20231117,10,1,111.34,1793,6.21
5694,20231117,11,2,156.48,1781,8.79
5695,20231117,12,4,186.24,630,29.56
5696,20231117,14,1,146.36,677,21.62
5697,20231117,15,1,138.42000000000002,1549,8.94
5698,20231117,16,3,273.61,1161,23.57
5699,20231120,8,4,351.59000000000003,1553,22.64
5700,20231120,9,3,187.38,1189,15.76
5701,20231120,10,1,132.70999999999998,1779,7.46
5702,20231120,11,1,20.91,1466,1.43
5703,20231120,12,2,140.27,678,20.69
5704,20231120,13,4,714.26,1640,43.55
5705,20231120,15,1,120.05,908,13.22
5706,20231120,16,2,161.0,1556,10.35
5707,20231121,8,3,221.08,1002,22.06
5708,20231121,9,4,562.53,1530,36.77
5709,20231121,10,4,750.72,1309,57.35
5710,20231121,11,3,154.9,1711,9.05
5711,20231121,12,2,126.66,1167,10.85
5712,20231121,13,3,174.27,680,25.63
5713,20231121,14,1,122.7,1207,10.17
5714,20231121,15,3,124.42,1727,7.2
5715,20231121,17,1,120.71,1664,7.25
5716,20231122,8,4,363.31,1103,32.94
5717,20231122,9,1,90.01,1330,6.77
5718,20231122,10,3,176.63,1640,10.77
5719,20231122,11,1,78.17,1683,4.64
5720,20231122,14,4,494.34,1647,30.01
5721,20231122,15,5,766.25,1701,45.05
5722,20231123,8,3,217.41,1376,15.8
5723,20231123,9,2,296.7,684,43.38
5724,20231123,10,1,123.87,1200,10.32
5725,20231123,12,1,119.91,1079,11.11
5726,20231123,13,1,182.03,1413,12.88
5727,20231123,14,1,320.0,962,33.26
5728,20231123,15,2,109.35,665,16.44
5729,20231123,17,1,41.05,1708,2.4
5730,20231124,8,2,187.77,1546,12.15
5731,20231124,9,5,392.79,1235,31.8
5732,20231124,10,5,627.11,1590,39.44
5733,20231124,11,1,43.620000000000005,1085,4.02
5734,20231124,12,2,275.7,1288,21.41
5735,20231124,13,4,148.48,1123,13.22
5736,20231124,14,3,275.34000000000003,1481,18.59
5737,20231124,15,2,142.85,1232,11.59
5738,20231124,16,3,302.55,1004,30.13
5739,20231127,8,2,146.87,1723,8.52
5740,20231127,9,2,172.0,1058,16.26
5741,20231127,10,3,305.83000000000004,1548,19.76
5742,20231127,11,2,91.2,1220,7.48
5743,20231127,13,2,205.64,668,30.78
5744,20231127,14,1,380.78,1399,27.22
5745,20231127,15,3,308.15,1392,22.14
5746,20231127,16,1,110.96,978,11.35
5747,20231127,17,3,162.89,1201,13.56
5748,20231128,8,3,321.38,701,45.85
5749,20231128,9,3,812.95,746,108.97
5750,20231128,10,2,215.45,1702,12.66
5751,20231128,11,2,521.32,1630,31.98
5752,20231128,13,1,116.77,972,12.01
5753,20231128,14,1,80.30000000000001,636,12.63
5754,20231128,15,2,188.28,1220,15.43
5755,20231128,17,1,88.77,1326,6.69
5756,20231129,8,2,43.88,1407,3.12
5757,20231129,9,2,346.37,658,52.64
5758,20231129,10,6,436.04,686,63.56
5759,20231129,11,1,28.74,1495,1.92
5760,20231129,12,1,119.61,1015,11.78
5761,20231129,13,4,332.95,1372,24.27
5762,20231129,14,2,192.87,666,28.96
5763,20231129,15,3,223.04,1629,13.69
5764,20231129,17,3,559.33,602,92.91
5765,20231130,9,4,349.22,995,35.1
5766,20231130,11,2,160.48,1363,11.77
5767,20231130,12,3,149.32,1739,8.59
5768,20231130,13,1,52.01,1771,2.94
5769,20231130,14,2,173.38,959,18.08
5770,20231130,15,4,549.24,1307,42.02
5771,20231130,16,3,224.18,1007,22.26
5772,20231130,17,1,48.9,1186,4.12
5773,20231201,8,2,184.63,1798,10.27
5774,20231201,9,5,838.92,1653,50.75
5775,20231201,10,2,363.68,793,45.86
5776,20231201,11,1,42.67,1722,2.48
5777,20231201,12,3,225.45,1057,21.33
5778,20231201,13,3,454.38,1372,33.12
5779,20231201,14,1,203.2,902,22.53
5780,20231201,15,4,1013.31,1044,97.06
5781,20231201,16,1,107.01,1434,7.46
5782,20231201,17,1,15.57,631,2.47
5783,20231204,8,5,583.83,1367,42.71
5784,20231204,9,2,200.97,1307,15.38
5785,20231204,10,2,229.66,1618,14.19
5786,20231204,11,1,114.4,1742,6.57
5787,20231204,12,4,366.91,1051,34.91
5788,20231204,14,2,175.12,1031,16.99
5789,20231204,15,5,512.79,1266,40.5
5790,20231204,16,2,241.43,1429,16.9
5791,20231204,17,1,230.34,725,31.77
5792,20231205,8,5,325.36,1127,28.87
5793,20231205,9,3,357.28,1116,32.01
5794,20231205,10,5,777.47,677,114.84
5795,20231205,11,3,328.31,921,35.65
5796,20231205,12,1,29.45,1337,2.2
5797,20231205,14,3,215.1,1036,20.76
5798,20231205,15,1,75.56,694,10.89
5799,20231205,16,1,64.6,957,6.75
5800,20231207,8,2,141.76,1748,8.11
5801,20231207,9,1,80.07,1103,7.26
5802,20231207,10,3,299.11,1013,29.53
5803,20231207,11,1,124.19,1127,11.02
5804,20231207,12,2,290.64,636,45.7
5805,20231207,13,3,279.76,689,40.6
5806,20231207,14,3,691.25,1527,45.27
5807,20231207,15,4,507.8,1093,46.46
5808,20231207,16,1,26.0,1350,1.93
5809,20231207,17,1,134.01999999999998,782,17.14
5810,20231211,8,4,419.33,1030,40.71
5811,20231211,9,4,242.74,1504,16.14
5812,20231211,10,4,260.94,1466,17.8
5813,20231211,12,3,657.8000000000001,762,86.33
5814,20231211,13,1,169.5,1075,15.77
5815,20231211,15,6,436.08,1003,43.48
5816,20231211,16,1,148.2,795,18.64
5817,20231212,8,2,780.13,1728,45.15
5818,20231212,9,1,48.53,1646,2.95
5819,20231212,10,6,886.09,1432,61.88
5820,20231212,11,2,341.0,1432,23.81
5821,20231212,12,1,135.57,1773,7.65
5822,20231212,13,3,163.99,1637,10.02
5823,20231212,14,1,98.1,1566,6.26
5824,20231212,15,5,202.95,1023,19.84
5825,20231212,16,2,307.26,734,41.86
5826,20231213,8,2,193.14,1734,11.14
5827,20231213,9,1,135.93,1638,8.3
5828,20231213,10,6,908.62,860,105.65
5829,20231213,11,2,181.94,1196,15.21
5830,20231213,12,1,6.14,668,0.92
5831,20231213,13,6,966.11,1071,90.21
5832,20231213,14,3,459.61,1673,27.47
5833,20231213,15,2,248.67,1664,14.94
5834,20231213,16,1,187.65,1441,13.02
5835,20231214,8,3,627.97,895,70.16
5836,20231214,9,1,22.02,1442,1.53
5837,20231214,10,2,125.69,1020,12.32
5838,20231214,11,1,70.25,797,8.81
5839,20231214,13,1,192.6,1092,17.64
5840,20231214,14,2,90.97,1013,8.98
5841,20231214,16,1,69.22999999999999,978,7.08
5842,20231214,17,1,162.17999999999998,896,18.1
5843,20231215,8,3,177.87,710,25.05
5844,20231215,9,2,239.79,1283,18.69
5845,20231215,10,4,467.25,1646,28.39
5846,20231215,11,2,336.45,1325,25.39
5847,20231215,12,4,322.27,799,40.33
5848,20231215,13,3,369.99,1506,24.57
5849,20231215,14,3,542.1600000000001,671,80.8
5850,20231215,15,1,129.73,1397,9.29
5851,20231215,16,2,138.92999999999998,1050,13.23
5852,20231215,17,1,511.56,1176,43.5
5853,20231218,8,3,546.72,1488,36.74
5854,20231218,9,4,1115.98,891,125.25
5855,20231218,10,2,243.18,1573,15.46
5856,20231218,11,3,521.04,1153,45.19
5857,20231218,12,2,134.45000000000002,1114,12.07
5858,20231218,13,2,149.43,1555,9.61
5859,20231218,14,1,50.46,1433,3.52
5860,20231218,15,4,296.31,1140,25.99
5861,20231219,8,4,536.5,648,82.79
5862,20231219,9,3,462.23,931,49.65
5863,20231219,10,1,23.56,1711,1.38
5864,20231219,11,1,131.72,1215,10.84
5865,20231219,12,2,610.21,1624,37.57
5866,20231219,13,5,804.1700000000001,1624,49.52
5867,20231219,14,1,93.31,1045,8.93
5868,20231219,15,7,723.75,862,83.96
5869,20231219,16,2,145.9,713,20.46
5870,20231220,8,5,351.57,1529,22.99
5871,20231220,9,6,1144.36,1443,79.3
5872,20231220,10,1,93.65,1488,6.29
5873,20231220,13,1,93.07,1637,5.69
5874,20231220,14,3,198.75,766,25.95
5875,20231220,16,1,224.51,1350,16.63
5876,20231220,17,2,106.76,1587,6.73
5877,20231221,8,1,124.62,656,19.0
5878,20231221,9,1,70.72,953,7.42
5879,20231221,10,4,261.32,681,38.37
5880,20231221,11,4,1192.9,1051,113.5
5881,20231221,12,1,48.72,644,7.57
5882,20231221,13,3,842.87,1647,51.18
5883,20231221,14,1,94.54,919,10.29
5884,20231221,15,5,1159.85,806,143.9
5885,20231221,16,3,877.64,1753,50.07
5886,20231221,17,1,43.94,1107,3.97
5887,20231222,8,5,972.9,1792,54.29
5888,20231222,9,2,102.21,684,14.94
5889,20231222,10,5,763.0,1355,56.31
5890,20231222,11,2,362.13,1126,32.16
5891,20231222,12,4,364.25,1503,24.23
5892,20231222,13,7,1089.3,1566,69.56
5893,20231222,14,1,172.85,1664,10.39
5894,20231222,15,1,45.24,1669,2.71
5895,20231222,16,3,316.19,1724,18.34
5896,20240102,8,7,409.53,1255,32.63
5897,20240102,9,4,345.3,1615,21.38
5898,20240102,12,4,327.83,1315,24.93
5899,20240102,13,3,168.31,1005,16.75
5900,20240102,14,1,157.70999999999998,886,17.8
5901,20240102,15,5,723.47,1204,60.09
5902,20240102,16,1,100.58,1277,7.88
5903,20240103,8,2,120.68,881,13.7
5904,20240103,9,2,254.08,745,34.1
5905,20240103,10,2,565.17,1704,33.17
5906,20240103,11,3,375.85,634,59.28
5907,20240103,12,4,538.33,1218,44.2
5908,20240103,13,2,362.42,1252,28.95
5909,20240103,14,2,144.17,1768,8.15
5910,20240103,15,4,577.66,1354,42.66
5911,20240103,16,2,241.39,1590,15.18
5912,20240104,8,2,171.43,714,24.01
5913,20240104,9,3,233.38,1033,22.59
5914,20240104,10,3,246.26,1194,20.62
5915,20240104,11,1,129.1,1158,11.15
5916,20240104,12,1,71.58,1715,4.17
5917,20240104,13,2,174.45,1639,10.64
5918,20240104,14,1,94.8,895,10.59
5919,20240104,15,7,358.93,766,46.86
5920,20240104,17,1,66.28,1390,4.77
5921,20240105,8,4,296.24,1414,20.95
5922,20240105,9,2,268.61,1795,14.96
5923,20240105,10,3,438.0,1310,33.44
5924,20240105,11,7,766.14,1734,44.18
5925,20240105,12,6,471.76,1098,42.97
5926,20240105,14,1,131.82999999999998,1584,8.32
5927,20240105,15,3,248.25,745,33.32
5928,20240105,16,2,249.38,1350,18.47
5929,20240108,8,4,328.02,1260,26.03
5930,20240108,9,1,3.66,1016,0.36
5931,20240108,10,1,584.51,966,60.51
5932,20240108,11,2,225.57,979,23.04
5933,20240108,12,3,347.80999999999995,990,35.13
5934,20240108,13,5,525.27,1161,45.24
5935,20240108,14,4,548.19,713,76.88
5936,20240108,15,5,809.26,1384,58.47
5937,20240108,17,1,145.72,643,22.66
5938,20240109,8,1,59.31,1663,3.57
5939,20240109,9,1,27.3,1550,1.76
5940,20240109,10,1,97.8,1475,6.63
5941,20240109,11,5,387.96,1655,23.44
5942,20240109,12,4,487.13,943,51.66
5943,20240109,13,1,42.13,1468,2.87
5944,20240109,14,2,156.68,855,18.33
5945,20240110,8,7,1032.91,1571,65.75
5946,20240110,9,2,173.52,1394,12.45
5947,20240110,10,2,160.29,959,16.71
5948,20240110,11,2,68.0,907,7.5
5949,20240110,12,3,258.77,793,32.63
5950,20240110,13,4,457.54,1221,37.47
5951,20240110,14,2,281.16,1748,16.08
5952,20240110,15,7,881.3100000000001,716,123.09
5953,20240110,16,2,92.24,1340,6.88
5954,20240110,17,1,92.91,1064,8.73
5955,20240111,8,4,482.23,804,59.98
5956,20240111,9,3,227.48,1374,16.56
5957,20240111,10,4,301.7,1542,19.57
5958,20240111,11,2,126.08,1299,9.71
5959,20240111,12,3,177.58,924,19.22
5960,20240111,13,1,53.09,1703,3.12
5961,20240111,14,2,137.02,1142,12.0
5962,20240111,15,3,499.36,605,82.54
5963,20240111,16,2,376.4,1150,32.73
5964,20240112,8,3,264.63,1169,22.64
5965,20240112,9,3,244.65,1041,23.5
5966,20240112,10,4,485.26,1339,36.24
5967,20240112,12,3,408.59,1402,29.14
5968,20240112,13,2,189.14,1193,15.85
5969,20240112,15,3,360.72,1778,20.29
5970,20240112,17,1,470.46,790,59.55
5971,20240115,8,4,257.33,750,34.31
5972,20240115,9,2,179.34,1100,16.3
5973,20240115,10,3,339.28000000000003,1027,33.04
5974,20240115,11,3,95.56,1316,7.26
5975,20240115,12,3,209.12,1343,15.57
5976,20240115,13,2,110.42,1374,8.04
5977,20240115,15,7,612.29,962,63.65
5978,20240115,17,1,43.54,1289,3.38
5979,20240116,8,4,280.84000000000003,1103,25.46
5980,20240116,9,1,13.53,1017,1.33
5981,20240116,12,1,114.15,908,12.57
5982,20240116,13,3,363.47,1541,23.59
5983,20240116,14,2,250.99,926,27.1
5984,20240116,15,4,297.93,923,32.28
5985,20240116,17,1,485.35,1487,32.64
5986,20240117,8,4,496.13,1370,36.21
5987,20240117,9,3,230.61,1172,19.68
5988,20240117,10,3,341.59,1349,25.32
5989,20240117,11,2,429.45,974,44.09
5990,20240117,12,3,443.09,1536,28.85
5991,20240117,13,1,65.53,1345,4.87
5992,20240117,14,1,67.7,690,9.81
5993,20240117,15,2,260.03,1743,14.92
5994,20240117,16,3,206.63,1714,12.06
5995,20240117,17,2,196.43,1500,13.1
5996,20240118,8,2,349.88,1373,25.48
5997,20240118,9,2,114.67,1732,6.62
5998,20240118,10,1,169.14,1452,11.65
5999,20240118,11,3,653.48,1774,36.84
6000,20240118,12,2,194.6,736,26.44
6001,20240118,13,4,182.81,1070,17.09
6002,20240118,14,3,286.06,959,29.83
6003,20240118,15,5,537.5600000000001,1772,30.34
6004,20240118,16,1,85.57,1072,7.98
6005,20240119,8,1,0.0,991,0.0
6006,20240119,9,3,98.6,1108,8.9
6007,20240119,10,1,211.27,1791,11.8
6008,20240119,11,3,266.98,1002,26.64
6009,20240119,12,4,300.83,1677,17.94
6010,20240119,13,3,239.09,1748,13.68
6011,20240119,14,1,91.01,965,9.43
6012,20240119,15,2,142.02,1360,10.44
6013,20240119,17,1,122.52,1482,8.27
6014,20240122,8,2,196.38,995,19.74
6015,20240122,9,1,41.36,1402,2.95
6016,20240122,10,3,228.6,791,28.9
6017,20240122,11,2,103.44,927,11.16
6018,20240122,12,2,199.72,642,31.11
6019,20240122,13,2,96.0,921,10.42
6020,20240122,14,1,289.38,1071,27.02
6021,20240122,15,3,981.73,1084,90.57
6022,20240123,9,1,48.63,1538,3.16
6023,20240123,10,1,21.7,1090,1.99
6024,20240123,11,2,116.93,1293,9.04
6025,20240123,12,2,273.08,1131,24.15
6026,20240123,13,3,499.05,1199,41.62
6027,20240123,14,5,559.14,1359,41.14
6028,20240123,15,4,360.05,1722,20.91
6029,20240123,16,3,357.11,1633,21.87
6030,20240124,8,1,62.84,1209,5.2
6031,20240124,9,3,392.55,639,61.43
6032,20240124,10,6,684.42,1089,62.85
6033,20240124,11,2,129.49,715,18.11
6034,20240124,12,2,206.33,1256,16.43
6035,20240124,13,3,197.07,976,20.19
6036,20240124,14,2,118.07,1072,11.01
6037,20240124,15,1,128.96,643,20.06
6038,20240124,16,2,126.17,1187,10.63
6039,20240124,17,1,164.91000000000005,1731,9.53
6040,20240125,8,5,411.29,1031,39.89
6041,20240125,9,9,1645.92,1328,123.94
6042,20240125,10,2,309.41,1286,24.06
6043,20240125,11,1,82.59,1029,8.03
6044,20240125,12,1,44.76,1564,2.86
6045,20240125,14,1,73.52000000000001,1226,6.0
6046,20240125,15,5,367.02,1482,24.77
6047,20240126,8,4,151.79,1271,11.94
6048,20240126,9,3,108.86,1187,9.17
6049,20240126,10,2,171.18,1145,14.95
6050,20240126,11,3,294.2,849,34.65
6051,20240126,12,1,42.81999999999999,1530,2.8
6052,20240126,13,1,175.98,652,26.99
6053,20240126,14,2,133.73,1324,10.1
6054,20240126,15,2,246.36,1505,16.37
6055,20240126,16,1,32.06,643,4.99
6056,20240129,8,4,347.6,695,50.01
6057,20240129,9,3,173.82999999999998,896,19.4
6058,20240129,10,3,307.64,1557,19.76
6059,20240129,11,3,146.84,1566,9.38
6060,20240129,12,3,399.71,1489,26.84
6061,20240129,13,1,62.010000000000005,1280,4.84
6062,20240129,14,2,224.53,1292,17.38
6063,20240129,15,3,421.25,1368,30.79
6064,20240129,16,2,290.1,1178,24.63
6065,20240130,8,3,343.94,1192,28.85
6066,20240130,10,2,761.93,961,79.29
6067,20240130,11,2,172.48,901,19.14
6068,20240130,12,5,622.73,1107,56.25
6069,20240130,13,1,40.17,1201,3.34
6070,20240130,14,1,130.42000000000002,687,18.98
6071,20240130,16,3,137.76,1791,7.69
6072,20240131,8,1,37.34,975,3.83
6073,20240131,9,1,172.51,1042,16.56
6074,20240131,10,1,82.28,1264,6.51
6075,20240131,11,5,516.45,740,69.79
6076,20240131,12,2,254.64,1273,20.0
6077,20240131,13,3,135.33,1574,8.6
6078,20240131,14,3,603.08,1081,55.79
6079,20240131,15,3,301.77,1627,18.55
6080,20240131,16,2,379.31,1629,23.28
6081,20240131,17,1,117.93,1746,6.75
6082,20240201,8,4,538.18,1065,50.53
6083,20240201,9,4,391.74,1536,25.5
6084,20240201,10,2,104.31,1522,6.85
6085,20240201,11,1,122.62,1151,10.65
6086,20240201,12,1,161.0,858,18.76
6087,20240201,13,4,288.97,929,31.11
6088,20240201,14,1,88.41,1523,5.8
6089,20240201,15,3,443.86,1566,28.34
6090,20240201,16,1,69.97,1463,4.78
6091,20240201,17,2,410.41,1025,40.04
6092,20240202,8,3,261.84,1387,18.88
6093,20240202,10,3,494.9,1505,32.88
6094,20240202,11,4,597.86,1648,36.28
6095,20240202,12,2,235.32,1103,21.33
6096,20240202,13,2,199.83,1459,13.7
6097,20240202,14,2,241.98,750,32.26
6098,20240202,15,3,314.65,975,32.27
6099,20240202,16,2,182.2,1750,10.41
6100,20240202,17,1,70.2,1178,5.96
6101,20240205,8,3,163.54,1239,13.2
6102,20240205,9,1,73.52000000000001,1636,4.49
6103,20240205,10,2,150.82999999999998,764,19.74
6104,20240205,11,2,182.28,1560,11.68
6105,20240205,12,1,142.81,852,16.76
6106,20240205,13,1,59.8,1383,4.32
6107,20240205,14,1,131.36,1040,12.63
6108,20240205,15,5,1042.45,1174,88.79
6109,20240206,8,4,559.86,1748,32.03
6110,20240206,9,2,256.92,1385,18.55
6111,20240206,10,3,391.08,814,48.04
6112,20240206,11,4,609.01,940,64.79
6113,20240206,12,2,289.03,1079,26.79
6114,20240206,13,1,43.38,627,6.92
6115,20240206,15,6,922.76,1226,75.27
6116,20240206,16,3,258.52,1527,16.93
6117,20240207,8,3,268.66,816,32.92
6118,20240207,9,5,767.85,1023,75.06
6119,20240207,10,4,447.69,1545,28.98
6120,20240207,11,3,188.41,976,19.3
6121,20240207,12,2,87.84,1388,6.33
6122,20240207,13,1,57.09,629,9.08
6123,20240207,14,1,77.18,1096,7.04
6124,20240207,15,2,97.29,1455,6.69
6125,20240207,16,3,328.51,1410,23.3
6126,20240207,17,2,228.29,1205,18.95
6127,20240208,8,3,279.94,655,42.74
6128,20240208,9,2,270.62,1128,23.99
6129,20240208,10,1,32.730000000000004,1427,2.29
6130,20240208,11,3,221.54,1747,12.68
6131,20240208,12,2,101.95,626,16.29
6132,20240208,13,2,237.24,1255,18.9
6133,20240208,14,4,694.59,1401,49.58
6134,20240208,15,2,101.86,1010,10.09
6135,20240208,16,1,139.36,1109,12.57
6136,20240209,8,2,500.63,1038,48.23
6137,20240209,9,2,184.4,1466,12.58
6138,20240209,10,6,526.4,600,87.73
6139,20240209,11,1,58.14,1026,5.67
6140,20240209,12,3,293.38,1203,24.39
6141,20240209,13,3,279.92,1156,24.21
6142,20240209,14,4,610.9499999999999,926,65.98
6143,20240209,15,2,209.82,735,28.55
6144,20240212,8,1,87.29,1639,5.33
6145,20240212,9,2,96.0,1678,5.72
6146,20240212,10,3,144.85,1010,14.34
6147,20240212,11,3,529.09,1150,46.01
6148,20240212,13,1,64.14,1022,6.28
6149,20240212,14,1,131.79000000000002,1444,9.13
6150,20240212,15,4,530.63,1419,37.39
6151,20240212,17,2,173.32,1321,13.12
6152,20240213,8,2,294.18,1341,21.94
6153,20240213,9,3,710.57,1723,41.24
6154,20240213,10,3,227.47000000000003,990,22.98
6155,20240213,11,4,425.53,1318,32.29
6156,20240213,12,1,132.2,1195,11.06
6157,20240213,14,1,53.01,1012,5.24
6158,20240213,15,2,168.41,1542,10.92
6159,20240213,16,2,87.28,1150,7.59
6160,20240213,17,1,64.95,1533,4.24
6161,20240214,8,4,306.67,888,34.53
6162,20240214,10,1,45.1,912,4.95
6163,20240214,11,4,375.24,1309,28.67
6164,20240214,12,4,196.87,1033,19.06
6165,20240214,13,3,123.41,1696,7.28
6166,20240214,14,2,564.5,1178,47.92
6167,20240214,15,1,670.06,792,84.6
6168,20240214,16,1,155.24,1548,10.03
6169,20240215,8,3,294.94,1407,20.96
6170,20240215,9,3,132.91,1143,11.63
6171,20240215,10,2,82.99000000000001,1582,5.25
6172,20240215,11,4,385.84,1545,24.97
6173,20240215,12,5,484.77,780,62.15
6174,20240215,13,1,151.29,1599,9.46
6175,20240215,14,2,363.46,1633,22.26
6176,20240215,15,1,167.75,1499,11.19
6177,20240215,16,1,73.28,1693,4.33
6178,20240216,8,6,935.06,981,95.32
6179,20240216,9,4,376.9,1368,27.55
6180,20240216,10,3,311.7,1745,17.86
6181,20240216,11,3,184.95,1257,14.71
6182,20240216,14,4,455.23,759,59.98
6183,20240216,15,3,273.0,1300,21.0
6184,20240219,8,3,248.78,1055,23.58
6185,20240219,9,5,528.64,1349,39.19
6186,20240219,11,2,37.38,985,3.79
6187,20240219,12,1,32.81,767,4.28
6188,20240219,13,2,202.17,870,23.24
6189,20240219,15,2,159.54,797,20.02
6190,20240219,16,4,317.41,1426,22.26
6191,20240220,8,3,875.16,1176,74.42
6192,20240220,9,3,194.67,1313,14.83
6193,20240220,10,1,58.3,967,6.03
6194,20240220,11,1,47.97,1062,4.52
6195,20240220,12,3,418.03,1081,38.67
6196,20240220,13,4,386.02,1699,22.72
6197,20240220,14,3,181.16,1351,13.41
6198,20240220,15,4,468.21,1378,33.98
6199,20240220,16,1,74.78,1670,4.48
6200,20240220,17,1,89.66,1592,5.63
6201,20240221,8,5,930.77,1168,79.69
6202,20240221,9,2,58.03,895,6.48
6203,20240221,10,1,294.26,1742,16.89
6204,20240221,11,2,305.16,1502,20.32
6205,20240221,12,1,16.240000000000002,1230,1.32
6206,20240221,13,3,185.68,1098,16.91
6207,20240221,14,2,197.41,1128,17.5
6208,20240221,16,3,214.79,1389,15.46
6209,20240221,17,1,0.0,1779,0.0
6210,20240222,8,2,612.47,1150,53.26
6211,20240222,9,2,458.28,1201,38.16
6212,20240222,10,1,64.58,858,7.53
6213,20240222,12,1,87.93,1489,5.91
6214,20240222,13,3,241.88,1202,20.12
6215,20240222,14,2,224.39,1495,15.01
6216,20240222,15,1,82.77,1641,5.04
6217,20240222,16,1,129.93,685,18.97
6218,20240223,8,8,826.51,951,86.91
6219,20240223,9,2,109.42,920,11.89
6220,20240223,10,2,279.01,1391,20.06
6221,20240223,11,2,78.2,765,10.22
6222,20240223,12,2,274.86,1190,23.1
6223,20240223,13,3,165.58,1203,13.76
6224,20240223,14,1,77.41,1267,6.11
6225,20240223,15,3,790.65,1461,54.12
6226,20240226,8,5,450.0,702,64.1
6227,20240226,9,4,289.75,979,29.6
6228,20240226,10,5,482.37,798,60.45
6229,20240226,11,1,54.35,1793,3.03
6230,20240226,12,2,171.45,1179,14.54
6231,20240226,13,2,56.91,611,9.31
6232,20240226,14,1,57.62,854,6.75
6233,20240226,15,6,669.47,1519,44.07
6234,20240226,16,2,169.24,1589,10.65
6235,20240227,8,2,139.81,1532,9.13
6236,20240227,9,2,583.68,1553,37.58
6237,20240227,12,2,184.49,1363,13.54
6238,20240227,13,4,309.91,683,45.37
6239,20240227,15,6,1239.42,1273,97.36
6240,20240227,16,2,96.86,903,10.73
6241,20240228,8,6,510.99,656,77.89
6242,20240228,9,4,187.66,1730,10.85
6243,20240228,10,4,698.55,709,98.53
6244,20240228,11,6,679.86,1528,44.49
6245,20240228,12,3,472.75,1631,28.99
6246,20240228,13,1,177.36,674,26.31
6247,20240228,15,3,681.84,731,93.27
6248,20240228,16,4,275.26,1712,16.08
6249,20240228,17,1,92.81,1779,5.22
6250,20240229,8,2,203.77,1745,11.68
6251,20240229,9,4,621.5600000000001,782,79.48
6252,20240229,10,4,243.63,1070,22.77
6253,20240229,11,3,366.24,1014,36.12
6254,20240229,12,3,126.76,1422,8.91
6255,20240229,13,3,235.02,1138,20.65
6256,20240229,14,2,217.95,1633,13.35
6257,20240229,15,5,647.5,1330,48.68
6258,20240229,16,1,246.66,1108,22.26
6259,20240301,8,3,489.3,1166,41.96
6260,20240301,9,3,243.06,1767,13.76
6261,20240301,10,4,439.31,1240,35.43
6262,20240301,11,2,133.46,1508,8.85
6263,20240301,12,1,42.77,1189,3.6
6264,20240301,13,1,78.67,1013,7.77
6265,20240301,14,2,201.96,1772,11.4
6266,20240301,15,3,541.7,1236,43.83
6267,20240301,16,1,74.74,1256,5.95
6268,20240301,17,4,376.26,1594,23.6
6269,20240304,8,3,173.44,1219,14.23
6270,20240304,9,4,398.58,1432,27.83
6271,20240304,10,3,209.49,1030,20.34
6272,20240304,12,3,454.42,673,67.52
6273,20240304,13,2,139.05,1460,9.52
6274,20240304,14,4,211.74,736,28.77
6275,20240304,15,5,611.9100000000001,687,89.07
6276,20240304,16,4,436.25,648,67.32
6277,20240304,17,2,115.15,1688,6.82
6278,20240305,8,2,189.42,633,29.92
6279,20240305,9,2,78.13,1245,6.28
6280,20240305,10,2,378.09,1642,23.03
6281,20240305,12,3,210.3,638,32.96
6282,20240305,13,2,123.9,1579,7.85
6283,20240305,14,2,40.58,1603,2.53
6284,20240305,15,3,239.94,854,28.1
6285,20240305,16,3,380.03,1201,31.64
6286,20240305,17,1,25.56,1362,1.88
6287,20240306,8,4,332.46,1247,26.66
6288,20240306,9,2,117.73,1023,11.51
6289,20240306,10,3,176.96,999,17.71
6290,20240306,11,3,390.31,1432,27.26
6291,20240306,12,3,342.93,1060,32.35
6292,20240306,13,2,175.22,1122,15.62
6293,20240306,14,3,370.08,1405,26.34
6294,20240306,15,4,362.33,1602,22.62
6295,20240306,16,1,78.66,872,9.02
6296,20240307,8,2,80.84,660,12.25
6297,20240307,9,1,10.29,929,1.11
6298,20240307,10,4,426.66,1286,33.18
6299,20240307,11,1,99.71,919,10.85
6300,20240307,12,1,35.62,903,3.94
6301,20240307,13,3,207.11,1713,12.09
6302,20240307,14,1,55.260000000000005,894,6.18
6303,20240307,15,5,898.8399999999999,1062,84.64
6304,20240307,16,1,126.06,860,14.66
6305,20240307,17,1,19.12,1361,1.4
6306,20240308,8,2,466.86,1130,41.32
6307,20240308,9,3,162.62,1535,10.59
6308,20240308,10,3,351.37,1487,23.63
6309,20240308,11,2,141.33,1423,9.93
6310,20240308,12,3,447.06,1387,32.23
6311,20240308,13,2,203.6,846,24.07
6312,20240308,14,1,149.8,872,17.18
6313,20240308,15,5,269.8,1795,15.03
6314,20240308,16,4,310.54,1008,30.81
6315,20240308,17,2,121.26,1493,8.12
6316,20240311,8,1,46.790000000000006,1738,2.69
6317,20240311,9,2,102.6,1721,5.96
6318,20240311,10,7,978.04,1432,68.3
6319,20240311,11,4,338.34,1413,23.94
6320,20240311,12,2,99.36,1614,6.16
6321,20240311,13,2,167.76,738,22.73
6322,20240311,14,6,333.02,1779,18.72
6323,20240311,15,6,588.87,1550,37.99
6324,20240311,17,4,257.97,1209,21.34
6325,20240312,8,2,140.67000000000002,1721,8.17
6326,20240312,9,2,540.38,1250,43.23
6327,20240312,10,1,108.27,1434,7.55
6328,20240312,11,1,71.11,678,10.49
6329,20240312,12,2,230.56,627,36.77
6330,20240312,13,1,104.13,1251,8.32
6331,20240312,14,2,146.55,664,22.07
6332,20240312,15,2,143.15,1167,12.27
6333,20240312,16,3,254.6,1065,23.91
6334,20240312,17,1,110.18,1024,10.76
6335,20240313,8,2,117.7,1538,7.65
6336,20240313,9,5,435.05,997,43.64
6337,20240313,11,1,72.27,797,9.07
6338,20240313,13,2,143.87,1700,8.46
6339,20240313,15,6,564.4,854,66.09
6340,20240313,16,1,50.32,1181,4.26
6341,20240313,17,1,507.9,873,58.18
6342,20240314,8,2,177.66000000000005,1013,17.54
6343,20240314,9,2,176.82999999999998,1061,16.67
6344,20240314,10,4,248.07,696,35.64
6345,20240314,11,3,144.89,752,19.27
6346,20240314,15,5,317.68,1195,26.58
6347,20240314,16,1,24.66,1748,1.41
6348,20240314,17,1,81.94999999999999,1474,5.56
6349,20240315,8,5,421.18,1661,25.36
6350,20240315,9,2,197.26,1416,13.93
6351,20240315,10,4,297.88,1006,29.61
6352,20240315,11,3,361.61,648,55.8
6353,20240315,12,4,572.25,1377,41.56
6354,20240315,13,1,56.040000000000006,890,6.3
6355,20240315,14,2,173.05,1618,10.7
6356,20240315,15,4,282.28,1351,20.89
6357,20240315,16,2,59.93,1727,3.47
6358,20240318,8,2,78.78999999999999,681,11.57
6359,20240318,9,1,105.77,952,11.11
6360,20240318,10,3,180.93,990,18.28
6361,20240318,11,1,96.32,1711,5.63
6362,20240318,12,1,9.76,886,1.1
6363,20240318,14,3,237.73,1349,17.62
6364,20240318,15,5,520.0,1479,35.16
6365,20240319,8,2,377.74,1405,26.89
6366,20240319,9,3,502.48,1265,39.72
6367,20240319,10,2,68.1,1629,4.18
6368,20240319,11,1,167.25,1342,12.46
6369,20240319,12,1,66.16,725,9.13
6370,20240319,13,4,290.42,1225,23.71
6371,20240319,14,1,42.86,944,4.54
6372,20240319,15,2,253.76,934,27.17
6373,20240319,16,1,98.88,724,13.66
6374,20240319,17,1,96.86,1172,8.26
6375,20240320,8,4,357.32,1587,22.52
6376,20240320,9,3,251.21,956,26.28
6377,20240320,10,3,283.21,1601,17.69
6378,20240320,11,2,77.69,1619,4.8
6379,20240320,12,5,510.54,1646,31.02
6380,20240320,13,4,716.02,1108,64.62
6381,20240320,14,2,159.26,1655,9.62
6382,20240320,15,2,89.79,673,13.34
6383,20240320,16,1,41.42,1305,3.17
6384,20240321,8,2,114.81,1512,7.59
6385,20240321,9,8,568.35,979,58.05
6386,20240321,10,1,85.67,1428,6.0
6387,20240321,11,2,172.79,1720,10.05
6388,20240321,12,7,1175.55,1559,75.4
6389,20240321,13,3,108.21999999999998,1401,7.72
6390,20240321,14,1,21.22,645,3.29
6391,20240321,15,5,560.49,1660,33.76
6392,20240321,16,1,23.880000000000003,977,2.44
6393,20240321,17,1,734.0699999999999,1075,68.29
6394,20240322,8,5,352.14,1612,21.84
6395,20240322,9,5,392.57,1227,31.99
6396,20240322,10,1,39.79,1259,3.16
6397,20240322,11,1,15.21,1257,1.21
6398,20240322,13,2,156.87,1798,8.72
6399,20240322,15,3,355.88,1210,29.41
6400,20240322,16,3,300.6,1747,17.21
6401,20240325,8,1,13.62,1410,0.97
6402,20240325,9,1,62.900000000000006,1001,6.28
6403,20240325,10,3,186.18,1485,12.54
6404,20240325,11,4,886.0600000000001,802,110.48
6405,20240325,13,2,146.23000000000002,642,22.78
6406,20240325,14,2,261.57,707,37.0
6407,20240325,15,7,982.76,834,117.84
6408,20240325,16,1,51.93,734,7.07
6409,20240326,9,4,373.71,1154,32.38
6410,20240326,10,1,135.68,840,16.15
6411,20240326,11,2,155.63,845,18.42
6412,20240326,12,3,228.17,1615,14.13
6413,20240326,13,2,49.4,1421,3.48
6414,20240326,15,4,239.88,747,32.11
6415,20240326,16,1,28.02,1712,1.64
6416,20240326,17,1,67.7,1061,6.38
6417,20240327,8,5,233.05,1205,19.34
6418,20240327,9,3,166.94,1079,15.47
6419,20240327,10,3,419.4,1309,32.04
6420,20240327,11,1,84.57,1650,5.13
6421,20240327,15,1,269.76,1402,19.24
6422,20240327,16,2,272.97,1501,18.19
6423,20240328,8,2,278.61,1101,25.31
6424,20240328,9,5,543.17,728,74.61
6425,20240328,10,6,870.21,1087,80.06
6426,20240328,11,2,244.93,948,25.84
6427,20240328,12,1,65.65,1047,6.27
6428,20240328,13,3,152.11,885,17.19
6429,20240328,14,2,117.92,1674,7.04
6430,20240328,15,1,498.01,1032,48.26
6431,20240328,16,2,144.85,1065,13.6
6432,20240329,8,1,144.11,1014,14.21
6433,20240329,9,1,226.84,1474,15.39
6434,20240329,10,2,292.12,961,30.4
6435,20240329,12,3,346.27,1317,26.29
6436,20240329,15,4,546.95,1207,45.31
6437,20240329,16,1,92.01,673,13.67
6438,20240401,8,2,49.11,652,7.53
6439,20240401,9,3,246.55,1418,17.39
6440,20240401,10,3,170.85,742,23.03
6441,20240401,11,3,244.33,1509,16.19
6442,20240401,12,4,527.67,1649,32.0
6443,20240401,14,2,134.56,1581,8.51
6444,20240401,15,5,502.76,638,78.8
6445,20240401,17,2,156.17,1539,10.15
6446,20240402,8,4,513.21,679,75.58
6447,20240402,9,2,103.06,830,12.42
6448,20240402,10,2,190.86,1234,15.47
6449,20240402,11,2,99.83,1690,5.91
6450,20240402,12,2,172.36,1783,9.67
6451,20240402,13,2,211.23,897,23.55
6452,20240402,14,1,20.68,882,2.34
6453,20240402,15,5,554.11,1589,34.87
6454,20240403,8,2,266.82,1406,18.98
6455,20240403,9,2,478.13,1054,45.36
6456,20240403,10,3,130.84,1087,12.04
6457,20240403,11,2,98.62,946,10.42
6458,20240403,12,3,282.71,1087,26.01
6459,20240403,13,1,6.3,664,0.95
6460,20240403,14,2,153.14,1642,9.33
6461,20240403,15,2,144.04,1626,8.86
6462,20240403,16,1,52.99,744,7.12
6463,20240403,17,1,271.08,901,30.09
6464,20240404,8,7,1080.74,1373,78.71
6465,20240404,9,3,372.74,1599,23.31
6466,20240404,10,1,342.7,1758,19.49
6467,20240404,12,4,251.5,825,30.48
6468,20240404,14,1,82.74,842,9.83
6469,20240404,15,5,570.57,639,89.29
6470,20240404,16,1,256.71,1726,14.87
6471,20240404,17,2,305.57,794,38.48
6472,20240405,8,4,489.34,856,57.17
6473,20240405,9,2,132.32999999999998,1157,11.44
6474,20240405,10,3,609.04,1692,36.0
6475,20240405,12,2,219.71,665,33.04
6476,20240405,13,2,207.08,1423,14.55
6477,20240405,14,3,339.01,1789,18.95
6478,20240405,15,1,430.97,1376,31.32
6479,20240405,16,5,318.44,1089,29.24
6480,20240408,8,5,227.74,954,23.87
6481,20240408,9,2,95.18,1742,5.46
6482,20240408,10,4,527.71,1045,50.5
6483,20240408,11,2,188.71,721,26.17
6484,20240408,12,2,281.42,931,30.23
6485,20240408,13,4,601.87,705,85.37
6486,20240408,14,1,110.92,822,13.49
6487,20240408,15,4,569.24,1032,55.16
6488,20240408,16,3,195.07,1032,18.9
6489,20240408,17,1,490.06,1175,41.71
6490,20240409,8,3,114.77,727,15.79
6491,20240409,9,2,111.15,1130,9.84
6492,20240409,10,1,375.38,1488,25.23
6493,20240409,11,3,571.02,1640,34.82
6494,20240409,13,1,24.57,757,3.25
6495,20240409,14,2,826.62,652,126.78
6496,20240409,15,3,230.01,1165,19.74
6497,20240409,16,3,460.72,880,52.35
6498,20240410,8,4,321.45,1431,22.46
6499,20240410,9,3,289.09,1368,21.13
6500,20240410,10,4,683.66,1146,59.66
6501,20240410,11,4,474.56,1631,29.1
6502,20240410,12,3,405.1,1136,35.66
6503,20240410,13,2,155.15,960,16.16
6504,20240410,14,1,86.52,1612,5.37
6505,20240410,15,2,112.11,1065,10.53
6506,20240410,16,1,298.53000000000003,604,49.43
6507,20240411,8,3,402.38,1439,27.96
6508,20240411,9,3,172.34,712,24.21
6509,20240411,10,1,92.05,1283,7.17
6510,20240411,11,3,488.13,1578,30.93
6511,20240411,12,2,119.38,1224,9.75
6512,20240411,13,3,230.07,735,31.3
6513,20240411,14,1,16.43,695,2.36
6514,20240411,15,4,677.86,685,98.96
6515,20240412,8,6,381.97,1474,25.91
6516,20240412,9,2,133.37,853,15.64
6517,20240412,10,1,123.31,1579,7.81
6518,20240412,11,3,199.46,881,22.64
6519,20240412,12,1,40.95,1212,3.38
6520,20240412,13,2,156.57999999999998,918,17.06
6521,20240412,14,2,418.76,1419,29.51
6522,20240412,15,1,6.39,782,0.82
6523,20240412,16,1,34.48,1667,2.07
6524,20240412,17,1,258.28,1515,17.05
6525,20240415,8,2,91.35,1452,6.29
6526,20240415,9,2,117.13,1611,7.27
6527,20240415,10,2,186.81,1698,11.0
6528,20240415,11,1,50.85,1310,3.88
6529,20240415,12,2,239.13,1107,21.6
6530,20240415,13,3,193.58,702,27.58
6531,20240415,14,2,329.41,750,43.92
6532,20240415,15,3,247.44,827,29.92
6533,20240415,16,2,67.65,990,6.83
6534,20240415,17,1,57.290000000000006,1742,3.29
6535,20240416,8,3,94.05,1254,7.5
6536,20240416,9,3,275.49,1125,24.49
6537,20240416,10,2,146.6,1605,9.13
6538,20240416,11,1,142.20999999999998,656,21.68
6539,20240416,13,2,436.28,641,68.06
6540,20240416,14,1,108.49,948,11.44
6541,20240416,15,2,388.24,1776,21.86
6542,20240416,16,2,278.08,825,33.71
6543,20240416,17,2,488.4,750,65.12
6544,20240417,8,4,345.48,909,38.01
6545,20240417,9,3,195.96,938,20.89
6546,20240417,10,2,178.59,643,27.77
6547,20240417,11,2,327.08,1134,28.84
6548,20240417,12,2,214.26,1583,13.54
6549,20240417,14,4,388.89,1255,30.99
6550,20240417,15,1,69.48,1791,3.88
6551,20240417,16,2,432.85,956,45.28
6552,20240418,8,3,815.11,1191,68.44
6553,20240418,9,5,495.18,1147,43.17
6554,20240418,10,2,147.69,1023,14.44
6555,20240418,12,3,455.13,1162,39.17
6556,20240418,13,2,222.83,1122,19.86
6557,20240418,14,3,221.36,881,25.13
6558,20240418,15,3,273.04,1118,24.42
6559,20240418,16,3,99.44,1175,8.46
6560,20240419,8,4,341.26,873,39.09
6561,20240419,9,2,426.33,1438,29.65
6562,20240419,10,6,786.16,760,103.44
6563,20240419,11,3,534.6,1111,48.12
6564,20240419,12,6,415.33,1098,37.83
6565,20240419,13,2,61.74,1571,3.93
6566,20240419,14,1,118.24,650,18.19
6567,20240419,15,1,63.95,998,6.41
6568,20240419,16,1,141.37,1278,11.06
6569,20240419,17,1,6.57,1002,0.66
6570,20240422,8,4,248.38,1777,13.98
6571,20240422,9,3,134.88,1103,12.23
6572,20240422,10,4,449.44000000000005,1467,30.64
6573,20240422,11,3,137.93,1386,9.95
6574,20240422,12,3,356.83,1795,19.88
6575,20240422,13,4,201.82,1165,17.32
6576,20240422,15,2,94.35,700,13.48
6577,20240422,16,4,434.95,1469,29.61
6578,20240422,17,1,116.24,623,18.66
6579,20240423,8,6,419.4,1185,35.39
6580,20240423,9,3,291.98,927,31.5
6581,20240423,10,4,574.27,624,92.03
6582,20240423,12,1,102.58,1504,6.82
6583,20240423,13,1,118.4,775,15.28
6584,20240423,14,3,283.94,614,46.24
6585,20240423,15,5,253.12,1786,14.17
6586,20240423,16,2,90.24,1681,5.37
6587,20240423,17,2,103.04,1495,6.89
6588,20240424,8,5,477.31,1758,27.15
6589,20240424,9,3,236.45,796,29.7
6590,20240424,10,3,234.34,1268,18.48
6591,20240424,11,3,178.74,760,23.52
6592,20240424,13,2,52.120000000000005,980,5.32
6593,20240424,14,3,146.09,1209,12.08
6594,20240424,15,4,507.96,1698,29.92
6595,20240424,17,2,143.93,1500,9.6
6596,20240425,8,2,230.9,769,30.03
6597,20240425,9,5,388.58,662,58.7
6598,20240425,10,1,141.83,1199,11.83
6599,20240425,11,7,667.22,1175,56.78
6600,20240425,13,5,237.89,1145,20.78
6601,20240425,15,5,780.9399999999999,887,88.04
6602,20240425,16,1,223.98,1393,16.08
6603,20240426,8,2,239.51,1253,19.11
6604,20240426,9,2,134.94,1212,11.13
6605,20240426,10,6,568.92,1163,48.92
6606,20240426,11,6,367.24,1377,26.67
6607,20240426,12,1,11.92,946,1.26
6608,20240426,13,1,64.73,1508,4.29
6609,20240426,14,2,124.02,1656,7.49
6610,20240426,15,6,948.87,849,111.76
6611,20240426,16,1,40.48,1662,2.44
6612,20240429,8,4,277.3,1467,18.9
6613,20240429,9,2,100.15,1663,6.02
6614,20240429,10,1,67.6,695,9.73
6615,20240429,12,6,529.8299999999999,1195,44.34
6616,20240429,13,2,73.61,764,9.63
6617,20240429,15,3,683.18,1437,47.54
6618,20240429,16,4,902.36,736,122.6
6619,20240430,8,4,436.19,1013,43.06
6620,20240430,9,2,251.38,865,29.06
6621,20240430,10,2,89.44,1268,7.05
6622,20240430,11,1,56.6,801,7.07
6623,20240430,12,2,133.69,1590,8.41
6624,20240430,13,2,282.35,1175,24.03
6625,20240430,14,1,24.25,742,3.27
6626,20240430,15,3,189.61,952,19.92
6627,20240430,16,1,34.22,1406,2.43
6628,20240430,17,1,482.75,1382,34.93
6629,20240502,8,4,469.01,1664,28.19
6630,20240502,9,4,359.7,921,39.06
6631,20240502,10,3,287.87,1604,17.95
6632,20240502,12,1,51.28,1048,4.89
6633,20240502,13,1,32.8,1661,1.97
6634,20240502,14,4,370.49,791,46.84
6635,20240502,15,2,207.11,988,20.96
6636,20240503,8,3,283.84,1520,18.67
6637,20240503,9,7,949.43,1460,65.03
6638,20240503,10,2,189.56,1627,11.65
6639,20240503,11,2,562.96,990,56.86
6640,20240503,12,4,256.88,1769,14.52
6641,20240503,14,1,308.84,1149,26.88
6642,20240503,15,7,1010.16,1718,58.8
6643,20240503,16,1,34.7,625,5.55
6644,20240503,17,2,199.2,1238,16.09
6645,20240506,8,2,190.97000000000003,1286,14.85
6646,20240506,9,5,444.97,1644,27.07
6647,20240506,10,6,229.45,1314,17.46
6648,20240506,11,2,149.51,1621,9.22
6649,20240506,12,2,303.28,633,47.91
6650,20240506,13,3,323.13,1735,18.62
6651,20240506,14,2,380.44,1692,22.48
6652,20240506,15,5,326.81,1574,20.76
6653,20240506,16,1,28.18,748,3.77
6654,20240507,8,3,340.62,829,41.09
6655,20240507,9,2,737.44,1424,51.79
6656,20240507,10,1,60.56,1473,4.11
6657,20240507,12,2,99.52,916,10.86
6658,20240507,14,1,35.08,788,4.45
6659,20240507,15,3,86.97,1627,5.35
6660,20240507,16,5,366.65,883,41.52
6661,20240507,17,1,24.01,648,3.71
6662,20240508,8,3,231.68,1132,20.47
6663,20240508,9,3,237.68,1443,16.47
6664,20240508,10,2,253.41,1556,16.29
6665,20240508,11,1,88.44,637,13.88
6666,20240508,12,2,152.88,805,18.99
6667,20240508,13,1,121.79,666,18.29
6668,20240508,15,2,334.14,1246,26.82
6669,20240508,16,2,144.54000000000002,635,22.76
6670,20240508,17,1,112.51,1248,9.02
6671,20240509,8,4,840.47,1066,78.84
6672,20240509,9,5,860.22,1350,63.72
6673,20240509,11,2,53.59,1225,4.37
6674,20240509,12,5,927.04,1477,62.77
6675,20240509,13,4,174.74,819,21.34
6676,20240509,15,1,73.52,1112,6.61
6677,20240509,17,1,50.54,888,5.69
6678,20240510,8,6,581.27,691,84.12
6679,20240510,9,5,307.4,1014,30.32
6680,20240510,10,3,133.34,1253,10.64
6681,20240510,11,1,30.700000000000003,1797,1.71
6682,20240510,12,1,80.43,990,8.12
6683,20240510,13,1,98.13,776,12.65
6684,20240510,14,1,55.120000000000005,978,5.64
6685,20240510,15,4,271.12,1445,18.76
6686,20240510,16,2,150.04,662,22.66
6687,20240510,17,2,137.6,1277,10.78
6688,20240513,8,2,59.33,1375,4.31
6689,20240513,9,3,256.32,1214,21.11
6690,20240513,10,3,529.9,844,62.78
6691,20240513,11,4,354.56,653,54.3
6692,20240513,12,1,55.45,921,6.02
6693,20240513,13,2,330.13,1193,27.67
6694,20240513,14,5,541.85,1359,39.87
6695,20240513,15,7,635.6700000000001,1446,43.96
6696,20240513,16,6,528.24,1100,48.02
6697,20240513,17,2,130.81,998,13.11
6698,20240514,8,8,765.15,1751,43.7
6699,20240514,9,3,230.58,1018,22.65
6700,20240514,12,4,285.26,1205,23.67
6701,20240514,13,1,78.85,1592,4.95
6702,20240514,14,1,18.02,960,1.88
6703,20240514,15,1,181.24,1594,11.37
6704,20240514,17,1,314.95,1210,26.03
6705,20240515,8,2,177.28,646,27.44
6706,20240515,9,5,506.09,1018,49.71
6707,20240515,10,2,151.94,1711,8.88
6708,20240515,11,2,158.33,1247,12.7
6709,20240515,12,5,479.52,1364,35.16
6710,20240515,13,4,575.16,1646,34.94
6711,20240515,14,1,56.55,1278,4.42
6712,20240515,15,3,467.16,889,52.55
6713,20240516,8,3,211.97,855,24.79
6714,20240516,9,1,0.0,1614,0.0
6715,20240516,10,4,416.58,1626,25.62
6716,20240516,11,2,320.04,1344,23.81
6717,20240516,12,3,186.07,1175,15.84
6718,20240516,13,1,70.88,1183,5.99
6719,20240516,14,3,171.34,1520,11.27
6720,20240516,15,4,699.21,790,88.51
6721,20240516,16,1,99.41,894,11.12
6722,20240517,8,8,1008.62,1036,97.36
6723,20240517,9,3,172.42000000000002,648,26.61
6724,20240517,10,2,407.35,1611,25.29
6725,20240517,11,1,84.31,1449,5.82
6726,20240517,12,2,129.34,1572,8.23
6727,20240517,13,2,197.15,824,23.93
6728,20240517,14,1,102.46,952,10.76
6729,20240517,15,2,185.45,1004,18.47
6730,20240517,16,4,546.02,1215,44.94
6731,20240520,8,2,87.97,727,12.1
6732,20240520,9,4,595.88,711,83.81
6733,20240520,10,1,52.95,787,6.73
6734,20240520,11,3,265.37,1141,23.26
6735,20240520,12,3,336.64,861,39.1
6736,20240520,14,1,30.51,1461,2.09
6737,20240520,15,3,601.39,1763,34.11
6738,20240520,16,1,141.56,751,18.85
6739,20240520,17,1,110.89,1780,6.23
6740,20240521,8,4,520.08,673,77.28
6741,20240521,9,2,383.04,709,54.03
6742,20240521,11,6,582.38,1427,40.81
6743,20240521,12,2,203.29,773,26.3
6744,20240521,13,1,108.88,1539,7.07
6745,20240521,14,2,249.84,1310,19.07
6746,20240521,15,2,312.98,1021,30.65
6747,20240521,16,3,230.02,1701,13.52
6748,20240521,17,3,362.42,666,54.42
6749,20240522,8,3,269.94,1305,20.69
6750,20240522,9,3,304.04,956,31.8
6751,20240522,10,4,585.05,1672,34.99
6752,20240522,11,2,173.26,793,21.85
6753,20240522,13,2,133.69,1557,8.59
6754,20240522,14,1,129.49,1272,10.18
6755,20240522,15,1,67.62,1745,3.88
6756,20240522,16,1,87.91,1636,5.37
6757,20240523,8,6,793.9200000000001,1639,48.44
6758,20240523,9,2,90.02,1767,5.09
6759,20240523,10,2,113.02,777,14.55
6760,20240523,11,3,258.12,655,39.41
6761,20240523,12,1,46.71,1462,3.19
6762,20240523,14,1,111.24,1439,7.73
6763,20240523,15,8,1163.27,945,123.1
6764,20240523,16,1,93.24,1115,8.36
6765,20240523,17,1,119.1,1413,8.43
6766,20240524,8,2,89.86999999999999,1182,7.6
6767,20240524,9,2,151.98,1241,12.25
6768,20240524,11,3,219.17,1395,15.71
6769,20240524,12,4,430.31,1670,25.77
6770,20240524,13,1,69.07,1148,6.02
6771,20240524,14,2,149.93,731,20.51
6772,20240524,15,4,226.83,1557,14.57
6773,20240524,16,1,194.0,1650,11.76
6774,20240524,17,1,82.75,940,8.8
6775,20240527,8,2,183.72,1663,11.05
6776,20240527,9,9,595.17,880,67.63
6777,20240527,10,2,694.0500000000001,1598,43.43
6778,20240527,11,2,250.91,1704,14.72
6779,20240527,12,4,286.73,1683,17.04
6780,20240527,13,1,73.47,1039,7.07
6781,20240527,14,1,79.7,1182,6.74
6782,20240527,15,1,30.59,1686,1.81
6783,20240527,16,2,145.5,1694,8.59
6784,20240528,8,3,176.70000000000002,1644,10.75
6785,20240528,10,2,67.53,1711,3.95
6786,20240528,11,3,102.83,859,11.97
6787,20240528,12,2,218.66,1671,13.09
6788,20240528,13,2,150.01,1575,9.52
6789,20240528,14,3,359.22,1718,20.91
6790,20240528,15,3,440.36,1271,34.65
6791,20240528,16,1,39.22,1080,3.63
6792,20240528,17,1,116.73,784,14.89
6793,20240529,8,6,703.5,1080,65.14
6794,20240529,9,2,107.08,1743,6.14
6795,20240529,10,4,274.33,1792,15.31
6796,20240529,11,3,490.05,1158,42.32
6797,20240529,12,1,163.49,1057,15.47
6798,20240529,13,3,409.66,1027,39.89
6799,20240529,14,2,109.19,1407,7.76
6800,20240529,15,8,1179.54,988,119.39
6801,20240529,16,3,401.84,1567,25.64
6802,20240530,9,3,110.69,1001,11.06
6803,20240530,10,1,109.02,1076,10.13
6804,20240530,13,4,476.82,1470,32.44
6805,20240530,14,3,232.68,669,34.78
6806,20240530,15,3,189.12,1092,17.32
6807,20240530,16,1,91.54,837,10.94
6808,20240530,17,1,128.67000000000002,1058,12.16
6809,20240531,8,1,43.86,939,4.67
6810,20240531,9,2,137.82999999999998,1755,7.85
6811,20240531,10,1,193.91000000000005,673,28.81
6812,20240531,11,2,170.24,1789,9.52
6813,20240531,12,2,106.25,1306,8.14
6814,20240531,13,1,89.42,838,10.67
6815,20240531,14,1,34.2,1111,3.08
6816,20240531,15,8,812.9300000000001,901,90.23
6817,20240531,16,2,325.97,1365,23.88
6818,20240531,17,1,66.17,1010,6.55
6819,20240603,8,3,135.86,1635,8.31
6820,20240603,9,4,682.7,1001,68.2
6821,20240603,10,1,176.84,1484,11.92
6822,20240603,11,5,519.43,1307,39.74
6823,20240603,12,4,167.19,1522,10.98
6824,20240603,13,3,177.39,1159,15.31
6825,20240603,15,1,0.0,1614,0.0
6826,20240603,16,2,122.61,703,17.44
6827,20240604,9,4,116.67,827,14.11
6828,20240604,10,1,41.79,1159,3.61
6829,20240604,11,4,486.99,1274,38.23
6830,20240604,12,2,63.82,1495,4.27
6831,20240604,13,1,78.95,1326,5.95
6832,20240604,14,3,440.86,1009,43.69
6833,20240604,15,4,332.58000000000004,885,37.58
6834,20240604,16,2,346.16,1418,24.41
6835,20240604,17,2,85.28999999999999,1751,4.87
6836,20240605,8,4,424.39,1408,30.14
6837,20240605,9,2,125.38,1481,8.47
6838,20240605,10,4,307.17,1417,21.68
6839,20240605,11,1,268.63,715,37.57
6840,20240605,12,2,149.06,729,20.45
6841,20240605,14,3,130.88,723,18.1
6842,20240605,15,4,237.0,973,24.36
6843,20240605,16,2,138.99,1763,7.88
6844,20240605,17,2,123.25,1437,8.58
6845,20240606,8,1,51.67,1352,3.82
6846,20240606,9,5,326.79,1053,31.03
6847,20240606,10,1,41.03,1338,3.07
6848,20240606,11,1,88.82,1316,6.75
6849,20240606,12,1,63.22,1691,3.74
6850,20240606,13,1,58.95,615,9.59
6851,20240606,15,7,364.04,1760,20.68
6852,20240606,16,1,25.08,1346,1.86
6853,20240606,17,1,92.59,1655,5.59
6854,20240607,8,4,293.43,1721,17.05
6855,20240607,9,1,12.3,628,1.96
6856,20240607,10,1,178.18,986,18.07
6857,20240607,11,4,199.3,1167,17.08
6858,20240607,12,1,106.74,924,11.55
6859,20240607,13,3,300.69,1598,18.82
6860,20240607,14,2,474.77,1669,28.45
6861,20240607,15,2,192.77,1113,17.32
6862,20240607,16,1,18.29,1088,1.68
6863,20240607,17,2,169.58,1112,15.25
6864,20240610,8,5,364.01,766,47.52
6865,20240610,9,4,695.41,757,91.86
6866,20240610,10,2,264.6,1245,21.25
6867,20240610,11,1,87.66,740,11.85
6868,20240610,12,3,186.34,1540,12.1
6869,20240610,13,2,216.18,1091,19.81
6870,20240610,15,6,613.64,1163,52.76
6871,20240610,16,1,75.96000000000001,749,10.14
6872,20240610,17,1,25.56,1378,1.85
6873,20240611,8,2,310.48,1219,25.47
6874,20240611,9,1,65.98,1308,5.04
6875,20240611,10,5,339.44,1251,27.13
6876,20240611,11,7,654.45,1778,36.81
6877,20240611,12,1,59.41,971,6.12
6878,20240611,13,4,291.32,1443,20.19
6879,20240611,14,1,221.81,1481,14.98
6880,20240611,15,5,338.01,1722,19.63
6881,20240611,16,4,820.88,1152,71.26
6882,20240612,8,3,119.73,1605,7.46
6883,20240612,9,3,493.43,1640,30.09
6884,20240612,10,3,169.26999999999998,620,27.3
6885,20240612,11,1,72.78999999999999,939,7.75
6886,20240612,12,4,261.17,1631,16.01
6887,20240612,13,1,74.65,947,7.88
6888,20240612,14,3,294.81,647,45.57
6889,20240612,15,1,60.83,865,7.03
6890,20240612,16,1,250.35,1088,23.01
6891,20240612,17,1,21.47,750,2.86
6892,20240613,8,3,336.41,1092,30.81
6893,20240613,9,1,42.8,1215,3.52
6894,20240613,10,3,287.24,1640,17.51
6895,20240613,11,2,115.48,948,12.18
6896,20240613,12,3,326.72,793,41.2
6897,20240613,13,2,90.54,942,9.61
6898,20240613,14,1,309.02,856,36.1
6899,20240613,15,3,379.07,1783,21.26
6900,20240614,8,5,214.08,1406,15.23
6901,20240614,9,2,175.60000000000002,1109,15.83
6902,20240614,10,5,384.08,1461,26.29
6903,20240614,11,2,149.7,910,16.45
6904,20240614,12,2,64.47,1494,4.32
6905,20240614,13,1,41.7,1305,3.2
6906,20240614,14,5,319.28,1460,21.87
6907,20240614,15,2,168.15,1068,15.74
6908,20240614,16,2,518.54,833,62.25
6909,20240614,17,1,196.65,1348,14.59
6910,20240617,8,3,317.4,1331,23.85
6911,20240617,9,5,402.14,755,53.26
6912,20240617,10,8,565.05,1097,51.51
6913,20240617,11,2,148.36,1332,11.14
6914,20240617,12,4,227.03,1386,16.38
6915,20240617,15,2,505.74,898,56.32
6916,20240617,17,1,22.42,1573,1.43
6917,20240618,8,3,495.43,1015,48.81
6918,20240618,9,2,204.07,1482,13.77
6919,20240618,10,1,55.71,1461,3.81
6920,20240618,11,2,188.79,1780,10.61
6921,20240618,12,3,242.0,983,24.62
6922,20240618,13,4,238.03,698,34.1
6923,20240618,14,4,239.28,1336,17.91
6924,20240618,15,1,20.52,1458,1.41
6925,20240618,16,1,79.09,1715,4.61
6926,20240619,8,5,681.74,870,78.36
6927,20240619,9,1,40.54,860,4.71
6928,20240619,10,10,859.79,1329,64.69
6929,20240619,11,2,95.58,1265,7.56
6930,20240619,12,2,130.67,744,17.56
6931,20240619,13,4,424.0,1594,26.6
6932,20240619,14,1,426.42,1439,29.63
6933,20240619,15,1,13.42,1146,1.17
6934,20240619,16,3,83.8,1613,5.2
6935,20240620,8,1,16.17,1600,1.01
6936,20240620,9,1,25.08,1525,1.64
6937,20240620,10,2,247.36,1742,14.2
6938,20240620,11,2,241.85,1306,18.52
6939,20240620,12,1,46.44,1304,3.56
6940,20240620,13,5,386.14,1313,29.41
6941,20240620,14,1,30.7,1682,1.83
6942,20240620,15,2,47.51,650,7.31
6943,20240620,16,3,287.09,1269,22.62
6944,20240621,8,2,349.96,1171,29.89
6945,20240621,9,3,307.06,735,41.78
6946,20240621,10,1,63.57000000000001,1683,3.78
6947,20240621,11,3,249.6,1460,17.1
6948,20240621,12,2,57.03,1299,4.39
6949,20240621,15,4,216.92,1295,16.75
6950,20240621,16,4,664.61,981,67.75
6951,20240624,8,2,341.53,1166,29.29
6952,20240624,9,5,619.74,983,63.05
6953,20240624,10,1,51.83,1648,3.15
6954,20240624,12,3,226.83,897,25.29
6955,20240624,14,3,271.21,671,40.42
6956,20240624,15,1,288.04,1628,17.69
6957,20240624,16,1,259.21,1037,25.0
6958,20240624,17,1,52.0,1670,3.11
6959,20240625,8,4,282.14,896,31.49
6960,20240625,9,2,52.02,715,7.28
6961,20240625,10,1,59.46,1221,4.87
6962,20240625,11,2,65.28,687,9.5
6963,20240625,12,1,70.93,1244,5.7
6964,20240625,13,1,32.52,1508,2.16
6965,20240625,14,2,276.44,783,35.31
6966,20240625,15,2,144.16000000000005,1301,11.08
6967,20240625,16,4,346.82,664,52.23
6968,20240626,8,1,72.34,1174,6.16
6969,20240626,9,1,69.28,1221,5.67
6970,20240626,10,3,303.77,987,30.78
6971,20240626,11,3,210.3,1084,19.4
6972,20240626,12,4,250.69,1512,16.58
6973,20240626,13,4,134.12,785,17.09
6974,20240626,14,1,34.989999999999995,1328,2.63
6975,20240626,15,1,166.96,1402,11.91
6976,20240626,16,1,195.64,1147,17.06
6977,20240627,8,2,177.24,709,25.0
6978,20240627,9,4,373.05,903,41.31
6979,20240627,11,2,114.4,740,15.46
6980,20240627,12,2,105.84,600,17.64
6981,20240627,15,1,89.03999999999999,967,9.21
6982,20240627,16,1,130.91,864,15.15
6983,20240627,17,1,36.49,1623,2.25
6984,20240628,8,6,511.81,1659,30.85
6985,20240628,9,1,102.75,1719,5.98
6986,20240628,10,5,957.82,796,120.33
6987,20240628,11,5,745.47,1370,54.41
6988,20240628,12,1,63.69,665,9.58
6989,20240628,13,3,273.0,1278,21.36
6990,20240628,14,6,545.32,1239,44.01
6991,20240628,15,5,343.99,1027,33.49
6992,20240628,16,1,98.18,1084,9.06
6993,20240701,8,2,141.72,1093,12.97
6994,20240701,9,1,164.81,713,23.12
6995,20240701,10,4,377.31,804,46.93
6996,20240701,12,3,203.99,1654,12.33
6997,20240701,13,2,289.03000000000003,1452,19.91
6998,20240701,14,1,33.61,1388,2.42
6999,20240701,15,2,96.0,953,10.07
7000,20240701,16,1,173.75,1629,10.67
7001,20240701,17,2,421.71,1199,35.17
7002,20240702,8,4,344.47,1368,25.18
7003,20240702,9,3,91.74,1690,5.43
7004,20240702,10,3,261.55,1511,17.31
7005,20240702,11,4,743.13,1125,66.06
7006,20240702,12,3,337.79,1525,22.15
7007,20240702,13,2,153.81,740,20.79
7008,20240702,14,2,128.99,1745,7.39
7009,20240702,15,4,214.29,1783,12.02
7010,20240703,8,2,98.0,1722,5.69
7011,20240703,9,2,148.5,1220,12.17
7012,20240703,10,3,447.62,1737,25.77
7013,20240703,12,1,58.35,1010,5.78
7014,20240703,13,3,245.58,1693,14.51
7015,20240703,14,3,181.77,1023,17.77
7016,20240703,15,2,82.52,1387,5.95
7017,20240703,16,2,60.15,946,6.36
7018,20240703,17,1,114.79,1700,6.75
7019,20240704,8,3,484.97,856,56.66
7020,20240704,9,2,157.94,1506,10.49
7021,20240704,11,3,328.76,1441,22.81
7022,20240704,12,1,11.88,750,1.58
7023,20240704,14,1,202.28,901,22.45
7024,20240704,15,3,196.13,834,23.52
7025,20240704,16,5,284.12,857,33.15
7026,20240705,8,5,386.55,1611,23.99
7027,20240705,9,3,128.2,1069,11.99
7028,20240705,10,6,434.16,1501,28.92
7029,20240705,11,6,372.46,825,45.15
7030,20240705,12,2,129.1,1762,7.33
7031,20240705,14,1,39.9,898,4.44
7032,20240705,15,3,353.86,1798,19.68
7033,20240705,16,1,123.27,1356,9.09
7034,20240708,8,7,843.59,1311,64.35
7035,20240708,9,3,175.35,767,22.86
7036,20240708,10,2,71.27000000000001,1668,4.27
7037,20240708,11,2,180.46,1765,10.22
7038,20240708,12,3,589.25,663,88.88
7039,20240708,13,2,138.74,1278,10.86
7040,20240708,14,1,47.99,952,5.04
7041,20240708,15,2,415.01,1573,26.38
7042,20240708,17,3,248.94,1073,23.2
7043,20240709,8,3,195.24,1214,16.08
7044,20240709,9,4,193.59,1599,12.11
7045,20240709,10,3,627.88,1547,40.59
7046,20240709,11,1,153.99,936,16.45
7047,20240709,12,2,126.92,909,13.96
7048,20240709,13,2,110.51,950,11.63
7049,20240709,15,2,126.69,1175,10.78
7050,20240709,16,3,531.78,1504,35.36
7051,20240710,8,4,355.81,656,54.24
7052,20240710,9,8,845.04,918,92.05
7053,20240710,10,3,175.69,1369,12.83
7054,20240710,11,2,81.83,1366,5.99
7055,20240710,12,5,581.24,674,86.24
7056,20240710,13,5,380.84,1183,32.19
7057,20240710,14,2,80.17,1097,7.31
7058,20240710,15,2,555.41,670,82.9
7059,20240710,16,1,30.67,1154,2.66
7060,20240710,17,1,52.82,866,6.1
7061,20240711,8,1,87.97999999999999,1249,7.04
7062,20240711,9,2,245.16,1172,20.92
7063,20240711,10,2,404.75,1523,26.58
7064,20240711,11,2,363.51,1551,23.44
7065,20240711,12,2,91.26,905,10.08
7066,20240711,13,1,99.13,1367,7.25
7067,20240711,15,6,766.85,1109,69.15
7068,20240711,16,4,432.45,1046,41.34
7069,20240712,8,1,46.4,1722,2.69
7070,20240712,9,3,166.92,659,25.33
7071,20240712,10,5,387.19,908,42.64
7072,20240712,11,2,222.19,717,30.99
7073,20240712,12,5,237.67,1647,14.43
7074,20240712,13,3,276.97,1312,21.11
7075,20240712,14,2,302.83,979,30.93
7076,20240712,15,1,132.0,1489,8.87
7077,20240712,16,2,176.42,912,19.34
7078,20240712,17,2,179.95,1011,17.8
7079,20240715,8,2,143.14,1470,9.74
7080,20240715,9,1,63.1,642,9.83
7081,20240715,10,1,51.06,667,7.66
7082,20240715,11,1,343.31,1629,21.07
7083,20240715,12,4,442.65,1326,33.38
7084,20240715,13,2,158.48,623,25.44
7085,20240715,14,4,186.07,1573,11.83
7086,20240715,15,2,68.89,1353,5.09
7087,20240715,16,1,55.190000000000005,1707,3.23
7088,20240715,17,1,56.98,1775,3.21
7089,20240716,8,2,181.13,1017,17.81
7090,20240716,9,1,36.08,1528,2.36
7091,20240716,10,5,280.04,1494,18.74
7092,20240716,11,4,190.48,1566,12.16
7093,20240716,12,4,301.82,1543,19.56
7094,20240716,13,1,58.45,626,9.34
7095,20240716,14,4,172.35,983,17.53
7096,20240716,15,4,712.23,1062,67.06
7097,20240716,16,2,135.01,1311,10.3
7098,20240717,9,2,184.93,971,19.05
7099,20240717,10,3,259.25,692,37.46
7100,20240717,11,3,322.91,702,46.0
7101,20240717,12,2,115.25,1546,7.45
7102,20240717,13,2,231.44,1443,16.04
7103,20240717,15,4,685.72,1788,38.35
7104,20240717,16,3,519.01,1729,30.02
7105,20240717,17,1,119.86,1199,10.0
7106,20240718,8,1,70.72,735,9.62
7107,20240718,9,3,127.86,955,13.39
7108,20240718,10,8,1079.67,898,120.23
7109,20240718,12,1,52.2,707,7.38
7110,20240718,13,2,153.70000000000002,1111,13.83
7111,20240718,14,2,120.83,1688,7.16
7112,20240718,15,4,357.16,1152,31.0
7113,20240718,16,1,53.66,1030,5.21
7114,20240718,17,1,104.18,1431,7.28
7115,20240719,8,7,522.25,952,54.86
7116,20240719,9,3,226.14,1542,14.67
7117,20240719,10,4,373.8,1005,37.19
7118,20240719,11,2,152.81,781,19.57
7119,20240719,12,4,451.11,1247,36.18
7120,20240719,13,1,20.78,957,2.17
7121,20240719,14,2,126.4,938,13.48
7122,20240719,15,2,128.02,1154,11.09
7123,20240719,16,2,40.34,1620,2.49
7124,20240719,17,1,13.16,1754,0.75
7125,20240722,8,3,59.74,1543,3.87
7126,20240722,9,1,17.06,1529,1.12
7127,20240722,11,3,182.83,888,20.59
7128,20240722,12,4,366.05,1540,23.77
7129,20240722,15,5,449.75,1077,41.76
7130,20240722,16,1,64.3,1152,5.58
7131,20240722,17,1,64.22,722,8.89
7132,20240723,8,4,135.82,1464,9.28
7133,20240723,9,2,13.42,804,1.67
7134,20240723,10,7,591.75,1627,36.37
7135,20240723,11,3,82.85,1603,5.17
7136,20240723,12,1,349.15,1522,22.94
7137,20240723,13,5,271.46,692,39.23
7138,20240723,14,4,322.9,1377,23.45
7139,20240723,15,4,337.79,1285,26.29
7140,20240723,16,3,82.53,710,11.62
7141,20240723,17,1,97.48,1122,8.69
7142,20240724,8,2,107.11,639,16.76
7143,20240724,9,3,191.39,1170,16.36
7144,20240724,10,1,26.67,1456,1.83
7145,20240724,11,5,338.73,1150,29.45
7146,20240724,12,2,130.21,1514,8.6
7147,20240724,14,2,101.73,1418,7.17
7148,20240724,15,6,514.39,1386,37.11
7149,20240724,16,2,254.1,1704,14.91
7150,20240724,17,1,14.52,738,1.97
7151,20240725,8,8,765.6899999999999,1188,64.45
7152,20240725,9,2,23.34,943,2.48
7153,20240725,10,5,705.57,681,103.61
7154,20240725,11,1,99.51,1494,6.66
7155,20240725,12,2,85.96000000000001,1702,5.05
7156,20240725,13,4,263.53,1082,24.36
7157,20240725,15,3,184.86,1385,13.35
7158,20240726,8,3,179.87,898,20.03
7159,20240726,9,3,157.82,1741,9.06
7160,20240726,10,3,372.26,1369,27.19
7161,20240726,11,1,7.35,1464,0.5
7162,20240726,12,2,125.21,1715,7.3
7163,20240726,13,1,72.53999999999999,1507,4.81
7164,20240726,15,6,828.02,1209,68.49
7165,20240726,16,2,202.76,1326,15.29
7166,20240726,17,1,16.32,1416,1.15
7167,20240729,8,3,375.19,704,53.29
7168,20240729,9,3,287.25,956,30.05
7169,20240729,10,3,234.85,1021,23.0
7170,20240729,11,2,143.6,1584,9.07
7171,20240729,12,1,54.12,1422,3.81
7172,20240729,15,2,102.33,1519,6.74
7173,20240729,16,1,99.62,626,15.91
7174,20240729,17,1,250.88,941,26.66
7175,20240730,8,3,402.89,1611,25.01
7176,20240730,9,5,425.25,795,53.49
7177,20240730,10,7,881.15,1646,53.53
7178,20240730,11,3,161.29,885,18.22
7179,20240730,12,2,194.51,1069,18.2
7180,20240730,13,4,469.08,1766,26.56
7181,20240730,14,1,49.79,748,6.66
7182,20240730,15,2,107.38,1303,8.24
7183,20240730,16,2,174.63,1199,14.56
7184,20240731,8,6,483.7,1719,28.14
7185,20240731,9,3,574.48,786,73.09
7186,20240731,10,8,577.2,1228,47.0
7187,20240731,11,2,177.58,720,24.66
7188,20240731,12,3,284.15,1789,15.88
7189,20240731,13,2,295.95,849,34.86
7190,20240731,15,6,414.18,693,59.77
7191,20240731,16,3,192.01,1382,13.89
7192,20240801,8,5,314.74,648,48.57
7193,20240801,9,5,333.41,1338,24.92
7194,20240801,10,4,255.63,652,39.21
7195,20240801,11,2,60.9,918,6.63
7196,20240801,12,1,0.0,1368,0.0
7197,20240801,13,2,296.68,1358,21.85
7198,20240801,14,2,329.03000000000003,1208,27.24
7199,20240801,15,1,34.099999999999994,1478,2.31
7200,20240801,16,2,82.03999999999999,617,13.3
7201,20240802,8,5,280.53000000000003,670,41.87
7202,20240802,9,4,248.07,1500,16.54
7203,20240802,10,3,247.34,1517,16.3
7204,20240802,11,1,155.23000000000002,1167,13.3
7205,20240802,12,1,83.86,895,9.37
7206,20240802,13,2,81.68,872,9.37
7207,20240802,14,2,504.25,940,53.64
7208,20240802,15,2,438.55,1067,41.1
7209,20240802,16,2,142.62,1526,9.35
7210,20240805,8,2,109.56,1021,10.73
7211,20240805,9,4,441.74,1251,35.31
7212,20240805,10,1,59.36,1715,3.46
7213,20240805,11,2,138.82,833,16.67
7214,20240805,12,3,630.31,1175,53.64
7215,20240805,13,2,123.66,1276,9.69
7216,20240805,14,1,67.07,1671,4.01
7217,20240805,15,2,301.82,1299,23.23
7218,20240805,16,1,35.29,919,3.84
7219,20240805,17,1,88.98,1685,5.28
7220,20240806,8,1,149.9,1015,14.77
7221,20240806,9,4,300.29,1388,21.63
7222,20240806,10,1,21.0,954,2.2
7223,20240806,11,1,96.99,613,15.82
7224,20240806,12,1,133.63,612,21.83
7225,20240806,13,1,72.22,737,9.8
7226,20240806,14,3,202.75,1594,12.72
7227,20240806,15,4,711.21,736,96.63
7228,20240806,16,2,219.78,1568,14.02
7229,20240806,17,1,49.0,1105,4.43
7230,20240807,8,3,173.04,1125,15.38
7231,20240807,9,2,82.22999999999999,1735,4.74
7232,20240807,10,1,515.7,1497,34.45
7233,20240807,11,4,116.5,1512,7.71
7234,20240807,12,3,294.68,777,37.93
7235,20240807,13,1,34.28,1214,2.82
7236,20240807,14,3,361.42,1610,22.45
7237,20240807,15,3,228.77,792,28.89
7238,20240807,16,1,19.17,1183,1.62
7239,20240808,8,2,385.36,858,44.91
7240,20240808,9,2,147.09,915,16.08
7241,20240808,10,4,296.34000000000003,1491,19.88
7242,20240808,11,1,57.93,774,7.48
7243,20240808,12,1,28.32,1281,2.21
7244,20240808,13,1,43.7,1795,2.43
7245,20240808,14,2,208.58,1415,14.74
7246,20240808,15,4,212.0,1052,20.15
7247,20240808,16,2,158.24,705,22.45
7248,20240809,8,6,542.72,1603,33.86
7249,20240809,11,4,186.46,1556,11.98
7250,20240809,12,2,88.50999999999999,1333,6.64
7251,20240809,13,1,72.37,1656,4.37
7252,20240809,14,6,902.77,1347,67.02
7253,20240809,15,4,621.43,1233,50.4
7254,20240809,16,1,9.02,1364,0.66
7255,20240812,8,3,413.99,623,66.45
7256,20240812,9,2,201.49,1090,18.49
7257,20240812,10,3,315.86,773,40.86
7258,20240812,12,3,197.2,869,22.69
7259,20240812,13,2,109.26,1416,7.72
7260,20240812,15,3,178.84,1339,13.36
7261,20240812,16,5,356.35,1702,20.94
7262,20240813,8,4,686.15,1420,48.32
7263,20240813,9,4,354.2,1355,26.14
7264,20240813,10,2,161.01999999999998,945,17.04
7265,20240813,11,2,113.7,1448,7.85
7266,20240813,12,3,139.57,723,19.3
7267,20240813,15,1,42.39,1576,2.69
7268,20240813,16,2,167.83,1225,13.7
7269,20240813,17,1,91.32,615,14.85
7270,20240814,8,6,239.14,659,36.29
7271,20240814,9,3,159.61,679,23.51
7272,20240814,10,4,516.94,1741,29.69
7273,20240814,11,2,121.53,1478,8.22
7274,20240814,12,5,450.02,1103,40.8
7275,20240814,13,1,6.76,1607,0.42
7276,20240814,14,2,52.29,1566,3.34
7277,20240814,15,3,183.69,682,26.93
7278,20240814,16,2,82.75,1348,6.14
7279,20240814,17,1,137.05,909,15.08
7280,20240816,8,1,135.04,1393,9.69
7281,20240816,9,1,17.64,1041,1.69
7282,20240816,10,2,517.28,665,77.79
7283,20240816,11,2,322.20000000000005,1343,23.99
7284,20240816,12,2,164.47,795,20.69
7285,20240816,13,2,137.7,994,13.85
7286,20240816,14,2,163.49,1602,10.21
7287,20240816,15,3,193.64,631,30.69
7288,20240816,16,3,283.84000000000003,1038,27.34
7289,20240819,8,5,625.81,1006,62.21
7290,20240819,9,2,122.67,1444,8.5
7291,20240819,10,2,182.96,1022,17.9
7292,20240819,11,2,168.88,1615,10.46
7293,20240819,12,2,47.3,645,7.33
7294,20240819,14,2,390.79,1221,32.01
7295,20240819,15,2,164.13,1477,11.11
7296,20240820,8,2,71.6,964,7.43
7297,20240820,9,7,354.45,1615,21.95
7298,20240820,10,4,314.23,1189,26.43
7299,20240820,12,2,132.79000000000002,652,20.37
7300,20240820,14,5,601.56,1498,40.16
7301,20240820,15,3,213.58,1119,19.09
7302,20240820,16,1,251.69,1469,17.13
7303,20240821,8,3,218.59,1050,20.82
7304,20240821,9,2,152.23999999999998,900,16.92
7305,20240821,10,4,287.6,1490,19.3
7306,20240821,11,2,188.66,620,30.43
7307,20240821,12,2,46.32,1025,4.52
7308,20240821,13,1,291.85,1515,19.26
7309,20240821,14,1,92.14,965,9.55
7310,20240821,16,1,122.3,823,14.86
7311,20240821,17,1,29.17,1574,1.85
7312,20240822,8,3,202.93,1144,17.74
7313,20240822,9,1,57.85,1467,3.94
7314,20240822,10,3,153.82,1137,13.53
7315,20240822,11,3,175.43,1286,13.64
7316,20240822,12,3,324.33,885,36.65
7317,20240822,13,2,86.53999999999999,698,12.4
7318,20240822,14,1,66.33,1651,4.02
7319,20240822,15,3,218.71,703,31.11
7320,20240822,16,3,295.42,1086,27.2
7321,20240822,17,2,166.52,699,23.82
7322,20240823,8,3,172.09,1565,11.0
7323,20240823,9,1,45.57,639,7.13
7324,20240823,10,2,209.23,1475,14.19
7325,20240823,11,2,190.75,880,21.68
7326,20240823,12,3,129.61,1689,7.67
7327,20240823,13,4,372.42,610,61.05
7328,20240823,14,3,113.27,1486,7.62
7329,20240823,15,2,77.01,993,7.76
7330,20240823,16,3,404.42,1506,26.85
7331,20240826,8,3,189.52,631,30.03
7332,20240826,9,1,47.47,1044,4.55
7333,20240826,10,6,708.97,869,81.58
7334,20240826,12,2,227.0,638,35.58
7335,20240826,13,1,21.8,1637,1.33
7336,20240826,14,2,143.86,1485,9.69
7337,20240826,15,3,214.61,1161,18.48
7338,20240827,8,6,576.79,1279,45.1
7339,20240827,9,2,100.76,1558,6.47
7340,20240827,10,3,254.32,880,28.9
7341,20240827,11,6,392.8,784,50.1
7342,20240827,12,1,369.54,910,40.61
7343,20240827,13,2,182.15,1148,15.87
7344,20240827,14,1,51.42,861,5.97
7345,20240827,15,6,602.34,1665,36.18
7346,20240827,16,2,87.12,1201,7.25
7347,20240827,17,1,166.82,661,25.24
7348,20240828,8,3,176.17,1620,10.87
7349,20240828,9,5,249.56,1711,14.59
7350,20240828,10,3,557.57,1559,35.76
7351,20240828,11,1,12.18,1248,0.98
7352,20240828,12,1,55.41,792,7.0
7353,20240828,13,3,362.26,1248,29.03
7354,20240828,14,2,124.31000000000002,1270,9.79
7355,20240828,15,5,622.53,1638,38.01
7356,20240828,16,3,193.23,720,26.84
7357,20240828,17,1,78.95,1064,7.42
7358,20240829,9,2,216.88,1081,20.06
7359,20240829,10,5,489.12,906,53.99
7360,20240829,11,2,85.81,1455,5.9
7361,20240829,12,1,60.26,866,6.96
7362,20240829,13,4,308.03,1027,29.99
7363,20240829,15,7,757.6,945,80.17
7364,20240829,16,5,491.24,1731,28.38
7365,20240830,8,4,247.06,1423,17.36
7366,20240830,9,1,69.27,1454,4.76
7367,20240830,10,2,99.41,1757,5.66
7368,20240830,11,4,169.13,1103,15.33
7369,20240830,12,2,62.52,829,7.54
7370,20240830,13,2,214.8,696,30.86
7371,20240830,15,4,892.43,859,103.89
7372,20240830,16,1,20.97,1581,1.33
7373,20240902,8,8,693.41,1065,65.11
7374,20240902,9,3,349.33,841,41.54
7375,20240902,11,2,68.39,679,10.07
7376,20240902,13,2,99.14,995,9.96
7377,20240902,14,2,543.89,650,83.68
7378,20240902,15,1,276.77000000000004,1655,16.72
7379,20240903,8,1,0.0,713,0.0
7380,20240903,9,2,382.8,1028,37.24
7381,20240903,10,3,203.75,1695,12.02
7382,20240903,11,2,85.97999999999999,1574,5.46
7383,20240903,12,2,244.05,1224,19.94
7384,20240903,14,2,181.48,1638,11.08
7385,20240903,15,1,116.28,1269,9.16
7386,20240903,16,3,79.12,1025,7.72
7387,20240903,17,1,122.76,1135,10.82
7388,20240904,8,1,58.83,805,7.31
7389,20240904,9,3,286.73,804,35.66
7390,20240904,10,3,460.02,1535,29.97
7391,20240904,11,3,322.71000000000004,1379,23.4
7392,20240904,12,2,125.92,625,20.15
7393,20240904,13,1,41.32,905,4.57
7394,20240904,14,2,123.59,1608,7.69
7395,20240904,15,2,206.31,1692,12.19
7396,20240904,16,2,257.68,1679,15.35
7397,20240905,8,4,381.62,1103,34.6
7398,20240905,9,3,256.21,1767,14.5
7399,20240905,10,3,413.92,1327,31.19
7400,20240905,11,2,142.16,745,19.08
7401,20240905,12,3,180.72,960,18.82
7402,20240905,14,2,136.36,1694,8.05
7403,20240905,15,6,1001.85,956,104.8
7404,20240905,17,1,27.9,1396,2.0
7405,20240906,8,4,380.3,1138,33.42
7406,20240906,9,1,26.13,1414,1.85
7407,20240906,11,2,179.26999999999998,1477,12.14
7408,20240906,12,2,28.88,607,4.76
7409,20240906,14,1,121.91,1509,8.08
7410,20240906,15,3,215.01,1657,12.98
7411,20240906,16,1,113.15,1164,9.72
7412,20240906,17,3,239.5,1309,18.3
7413,20240909,8,6,381.69,873,43.72
7414,20240909,9,1,86.55,1678,5.16
7415,20240909,11,3,432.04,887,48.71
7416,20240909,12,1,20.85,778,2.68
7417,20240909,13,4,232.4,1702,13.65
7418,20240909,14,6,336.22,1008,33.36
7419,20240909,15,1,74.72999999999999,756,9.88
7420,20240909,16,1,51.870000000000005,723,7.17
7421,20240909,17,1,194.54,1278,15.22
7422,20240910,8,6,521.22,1016,51.3
7423,20240910,9,5,517.9,1082,47.87
7424,20240910,10,1,167.44,650,25.76
7425,20240910,11,1,189.59,656,28.9
7426,20240910,12,6,232.76,635,36.66
7427,20240910,14,1,49.88,631,7.9
7428,20240910,15,7,623.8,1467,42.52
7429,20240910,16,1,166.84,1013,16.47
7430,20240911,8,4,434.8,851,51.09
7431,20240911,10,1,186.64,1333,14.0
7432,20240911,11,1,73.78,1786,4.13
7433,20240911,12,2,96.81,1166,8.3
7434,20240911,13,1,148.75,911,16.33
7435,20240911,15,2,113.23,1753,6.46
7436,20240911,16,3,321.1,1483,21.65
7437,20240912,8,3,180.4,1057,17.07
7438,20240912,9,2,120.91,1359,8.9
7439,20240912,11,2,251.06,1216,20.65
7440,20240912,12,1,39.29,1332,2.95
7441,20240912,13,3,387.31,1554,24.92
7442,20240912,14,2,545.75,1012,53.93
7443,20240912,15,3,420.7,1459,28.83
7444,20240912,17,1,5.96,1667,0.36
7445,20240913,8,3,276.92,1312,21.11
7446,20240913,9,4,366.74,879,41.72
7447,20240913,10,2,493.27,1680,29.36
7448,20240913,11,1,30.94,1274,2.43
7449,20240913,12,5,274.12,1453,18.87
7450,20240913,13,3,213.5,1184,18.03
7451,20240913,14,1,30.520000000000003,939,3.25
7452,20240913,15,2,152.47,802,19.01
7453,20240913,16,3,367.55,878,41.86
7454,20240916,8,2,200.53,673,29.8
7455,20240916,9,2,427.44000000000005,800,53.43
7456,20240916,10,4,365.91,1741,21.02
7457,20240916,12,3,332.93,795,41.88
7458,20240916,13,4,603.27,1518,39.74
7459,20240916,14,1,62.400000000000006,601,10.38
7460,20240916,15,5,309.58,1037,29.85
7461,20240916,16,3,148.91,1372,10.85
7462,20240917,8,1,10.65,635,1.68
7463,20240917,9,2,234.66,1212,19.36
7464,20240917,10,4,480.68,1304,36.86
7465,20240917,12,1,221.15,891,24.82
7466,20240917,13,1,13.92,618,2.25
7467,20240917,14,2,116.23,1223,9.5
7468,20240917,15,3,318.91,771,41.36
7469,20240917,16,2,231.08,1163,19.87
7470,20240917,17,1,0.0,1229,0.0
7471,20240918,8,6,452.95,963,47.04
7472,20240918,9,5,273.16,690,39.59
7473,20240918,10,2,163.69,1305,12.54
7474,20240918,11,2,271.28,693,39.15
7475,20240918,12,3,265.8,1768,15.03
7476,20240918,13,3,239.63,1402,17.09
7477,20240918,14,1,76.87,964,7.97
7478,20240918,15,4,373.91,788,47.45
7479,20240918,17,1,39.94,1169,3.42
7480,20240919,8,2,106.54,732,14.55
7481,20240919,9,4,470.33,1267,37.12
7482,20240919,10,3,188.94,879,21.49
7483,20240919,11,4,233.69,1037,22.54
7484,20240919,12,7,998.25,717,139.23
7485,20240919,13,3,388.19,1276,30.42
7486,20240919,14,2,185.58,939,19.76
7487,20240919,15,2,233.2,1347,17.31
7488,20240919,16,1,302.55,1753,17.26
7489,20240920,8,4,332.62,1597,20.83
7490,20240920,9,2,81.74,1659,4.93
7491,20240920,10,3,459.69,979,46.96
7492,20240920,11,4,253.23,1168,21.68
7493,20240920,12,2,41.32,1635,2.53
7494,20240920,13,1,80.17,616,13.01
7495,20240920,14,3,351.16,1319,26.62
7496,20240920,15,2,128.20999999999998,649,19.76
7497,20240920,16,3,160.65,1660,9.68
7498,20240920,17,1,110.04,1519,7.24
7499,20240923,8,5,529.26,1544,34.28
7500,20240923,9,6,394.29,1319,29.89
7501,20240923,10,2,252.34,1310,19.26
7502,20240923,11,4,508.67,1758,28.93
7503,20240923,12,3,663.73,1338,49.61
7504,20240923,13,5,731.28,1582,46.23
7505,20240923,15,7,601.65,1191,50.52
7506,20240923,16,1,266.75,1380,19.33
7507,20240924,8,2,166.34,1623,10.25
7508,20240924,9,2,98.94,1745,5.67
7509,20240924,10,3,296.44,1486,19.95
7510,20240924,11,2,182.89,1060,17.25
7511,20240924,13,1,51.94,1562,3.33
7512,20240924,14,1,147.76999999999998,1037,14.25
7513,20240924,15,5,365.75,793,46.12
7514,20240924,16,2,171.47,1354,12.66
7515,20240925,8,5,747.7099999999999,1519,49.22
7516,20240925,9,2,100.92,1732,5.83
7517,20240925,10,2,380.96,1796,21.21
7518,20240925,11,1,70.17,1389,5.05
7519,20240925,12,3,362.54,788,46.01
7520,20240925,13,2,174.99,1650,10.61
7521,20240925,15,3,886.91,1125,78.84
7522,20240925,16,4,239.08,829,28.84
7523,20240926,8,5,403.77,1172,34.45
7524,20240926,9,3,414.09,675,61.35
7525,20240926,10,2,104.52,1513,6.91
7526,20240926,11,1,129.67000000000002,640,20.26
7527,20240926,12,3,152.01,1604,9.48
7528,20240926,13,2,122.7,890,13.79
7529,20240926,14,1,253.58,1352,18.76
7530,20240926,15,2,507.8,648,78.36
7531,20240926,17,2,107.9,933,11.56
7532,20240927,8,3,213.32,1780,11.98
7533,20240927,9,4,816.63,1745,46.8
7534,20240927,10,3,327.71,901,36.37
7535,20240927,13,3,153.21,1228,12.48
7536,20240927,14,3,346.58,1507,23.0
7537,20240927,15,3,230.05,873,26.35
7538,20240927,16,1,90.03,1077,8.36
7539,20240927,17,1,105.59,754,14.0
7540,20240930,8,4,253.74,1299,19.53
7541,20240930,9,4,721.4100000000001,1217,59.28
7542,20240930,10,2,209.82,1294,16.21
7543,20240930,11,4,473.3,1387,34.12
7544,20240930,12,1,176.99,1154,15.34
7545,20240930,13,3,372.26,1621,22.96
7546,20240930,14,2,133.09,825,16.13
7547,20240930,15,2,218.5,1064,20.54
7548,20240930,17,1,54.45,1453,3.75
7549,20241001,8,2,128.64,1248,10.31
7550,20241001,9,4,186.45,1375,13.56
7551,20241001,10,2,237.91,1433,16.6
7552,20241001,11,2,339.4,694,48.9
7553,20241001,12,2,109.23,1642,6.65
7554,20241001,13,2,129.64,1495,8.67
7555,20241001,14,2,262.72,880,29.85
7556,20241001,15,1,201.23,1392,14.46
7557,20241001,16,1,109.39,677,16.16
7558,20241001,17,1,136.37,1514,9.01
7559,20241002,8,5,461.71,1362,33.9
7560,20241002,9,4,280.71,1210,23.2
7561,20241002,10,2,83.83,1759,4.77
7562,20241002,11,3,506.47,1375,36.83
7563,20241002,12,3,322.44,1438,22.42
7564,20241002,13,6,650.8000000000001,1628,39.98
7565,20241002,14,1,497.36,1767,28.15
7566,20241002,15,6,448.73,896,50.08
7567,20241002,16,1,35.49,1642,2.16
7568,20241002,17,1,43.55,1784,2.44
7569,20241003,9,1,60.26,1134,5.31
7570,20241003,10,2,144.66,710,20.37
7571,20241003,11,3,156.54,1427,10.97
7572,20241003,12,6,458.46,1714,26.75
7573,20241003,13,2,185.38,1075,17.24
7574,20241003,14,3,439.26,1639,26.8
7575,20241003,15,5,859.12,1701,50.51
7576,20241003,16,2,136.04,1029,13.22
7577,20241004,8,4,665.96,896,74.33
7578,20241004,9,8,664.26,1534,43.3
7579,20241004,10,2,46.540000000000006,702,6.63
7580,20241004,11,1,79.69,1222,6.52
7581,20241004,12,1,108.37,1338,8.1
7582,20241004,13,3,249.66,755,33.07
7583,20241004,14,2,90.99,1480,6.15
7584,20241004,15,5,316.15,1155,27.37
7585,20241004,16,2,101.68,923,11.02
7586,20241007,8,5,396.08,1529,25.9
7587,20241007,9,2,495.78,1776,27.92
7588,20241007,10,3,309.19,1564,19.77
7589,20241007,11,1,44.1,654,6.74
7590,20241007,12,2,205.09,1671,12.27
7591,20241007,13,5,377.4,1763,21.41
7592,20241007,14,1,88.25,802,11.0
7593,20241007,15,2,567.94,721,78.77
7594,20241007,16,2,153.74,1408,10.92
7595,20241007,17,2,574.72,649,88.55
7596,20241008,8,3,304.18,684,44.47
7597,20241008,9,1,20.26,1157,1.75
7598,20241008,10,3,177.04,1228,14.42
7599,20241008,11,2,106.89,879,12.16
7600,20241008,12,1,139.78,842,16.6
7601,20241008,13,1,43.42,1112,3.9
7602,20241008,14,2,275.04,1744,15.77
7603,20241008,15,3,416.03,887,46.9
7604,20241008,16,1,101.59,773,13.14
7605,20241009,8,5,244.19,640,38.15
7606,20241009,9,3,210.38,664,31.68
7607,20241009,10,2,134.01999999999998,1657,8.09
7608,20241009,11,1,55.83,602,9.27
7609,20241009,12,4,533.85,1170,45.63
7610,20241009,13,3,319.45,1280,24.96
7611,20241009,14,4,132.21,1072,12.33
7612,20241009,15,3,157.54,1587,9.93
7613,20241009,16,2,179.09,998,17.94
7614,20241009,17,1,759.63,1784,42.58
7615,20241010,8,4,296.9,721,41.18
7616,20241010,9,3,619.1800000000001,1576,39.29
7617,20241010,10,5,530.66,1136,46.71
7618,20241010,11,4,586.87,738,79.52
7619,20241010,12,2,242.6,1724,14.07
7620,20241010,14,2,64.75999999999999,1686,3.84
7621,20241010,15,2,328.78,1752,18.77
7622,20241010,16,3,211.66,1541,13.74
7623,20241010,17,1,82.58,1116,7.4
7624,20241011,9,4,480.23,1600,30.01
7625,20241011,10,3,436.61,1101,39.66
7626,20241011,11,2,186.39,1270,14.68
7627,20241011,12,3,185.14,1117,16.57
7628,20241011,13,5,290.76,671,43.33
7629,20241011,14,2,236.47,1112,21.27
7630,20241011,15,2,268.17,905,29.63
7631,20241011,16,1,145.68,1344,10.84
7632,20241011,17,1,57.88,605,9.57
7633,20241014,8,2,217.7,1157,18.82
7634,20241014,9,5,437.12,757,57.74
7635,20241014,10,4,456.54,799,57.14
7636,20241014,11,1,32.6,1082,3.01
7637,20241014,12,1,28.47,1085,2.62
7638,20241014,13,3,376.58,1369,27.51
7639,20241014,14,2,67.89,1566,4.34
7640,20241014,15,2,195.98,1448,13.53
7641,20241014,16,4,528.98,722,73.27
7642,20241014,17,1,65.94,1189,5.55
7643,20241015,8,4,462.3,1745,26.49
7644,20241015,9,9,617.58,1746,35.37
7645,20241015,10,1,31.0,827,3.75
7646,20241015,11,3,174.77,678,25.78
7647,20241015,12,2,176.67000000000002,1247,14.17
7648,20241015,14,2,287.12,1096,26.2
7649,20241015,15,1,47.77,1267,3.77
7650,20241015,16,3,190.43,1696,11.23
7651,20241016,8,2,102.98,968,10.64
7652,20241016,9,2,268.53,969,27.71
7653,20241016,10,4,374.87,1289,29.08
7654,20241016,11,3,290.14,1285,22.58
7655,20241016,12,2,358.11,1730,20.7
7656,20241016,13,3,254.53,1146,22.21
7657,20241016,14,4,262.39,1669,15.72
7658,20241016,15,2,393.52,1764,22.31
7659,20241016,16,2,170.99,1654,10.34
7660,20241016,17,3,790.36,971,81.4
7661,20241017,8,2,173.21,1782,9.72
7662,20241017,9,4,270.23,1163,23.24
7663,20241017,10,3,291.79,912,31.99
7664,20241017,11,2,151.74,1254,12.1
7665,20241017,12,2,104.06,1451,7.17
7666,20241017,13,1,47.25,839,5.63
7667,20241017,14,1,32.12,922,3.48
7668,20241017,15,2,270.02,1792,15.07
7669,20241017,16,1,80.47999999999999,1487,5.41
7670,20241018,8,2,154.60000000000002,620,24.94
7671,20241018,9,2,195.07,1676,11.64
7672,20241018,10,1,26.96,1266,2.13
7673,20241018,11,4,323.44,1500,21.56
7674,20241018,12,1,27.15,906,3.0
7675,20241018,13,5,414.48,1495,27.72
7676,20241018,14,1,34.2,1337,2.56
7677,20241018,15,5,1015.23,892,113.82
7678,20241018,17,2,658.78,1767,37.28
7679,20241021,8,2,333.54999999999995,1175,28.39
7680,20241021,9,5,408.58,971,42.08
7681,20241021,10,2,143.23,1598,8.96
7682,20241021,11,2,236.8,1614,14.67
7683,20241021,12,4,453.18,1123,40.35
7684,20241021,14,2,196.7,1147,17.15
7685,20241021,15,3,333.79,1798,18.56
7686,20241021,16,2,356.96,977,36.54
7687,20241021,17,1,77.52,1192,6.5
7688,20241022,8,3,283.3,875,32.38
7689,20241022,9,3,195.8,1255,15.6
7690,20241022,10,1,36.92,885,4.17
7691,20241022,12,4,110.62,1629,6.79
7692,20241022,15,5,415.27,943,44.04
7693,20241022,16,3,239.17,1389,17.22
7694,20241023,8,3,350.64,1022,34.31
7695,20241023,9,5,346.14,1638,21.13
7696,20241023,10,2,64.5,1587,4.06
7697,20241023,11,3,196.16,819,23.95
7698,20241023,12,1,55.93,1491,3.75
7699,20241023,13,1,161.36,1288,12.53
7700,20241023,14,2,193.54,1189,16.28
7701,20241023,15,4,355.87,1691,21.04
7702,20241023,16,2,224.54,1582,14.19
7703,20241024,8,3,176.95,1018,17.38
7704,20241024,9,3,118.75,1612,7.37
7705,20241024,11,4,425.82,1619,26.3
7706,20241024,12,1,181.82,994,18.29
7707,20241024,13,3,188.35,1039,18.13
7708,20241024,14,2,194.76,944,20.63
7709,20241024,15,3,798.77,1322,60.42
7710,20241024,16,3,360.75,1425,25.32
7711,20241024,17,1,125.27,1148,10.91
7712,20241025,8,4,353.5,1315,26.88
7713,20241025,9,2,98.18,964,10.18
7714,20241025,10,6,433.18,1061,40.83
7715,20241025,11,1,28.42,744,3.82
7716,20241025,12,3,229.68,619,37.11
7717,20241025,13,4,452.97,612,74.01
7718,20241025,14,1,120.36,1291,9.32
7719,20241025,15,6,610.66,1316,46.4
7720,20241025,16,3,141.79000000000002,701,20.23
7721,20241028,8,5,241.66,1132,21.35
7722,20241028,9,1,82.56,757,10.91
7723,20241028,10,1,12.7,1209,1.05
7724,20241028,11,4,241.51,1065,22.68
7725,20241028,12,1,74.22,779,9.53
7726,20241028,13,5,859.39,1425,60.31
7727,20241028,14,2,152.64999999999998,1160,13.16
7728,20241028,15,6,480.89,1349,35.65
7729,20241028,16,1,72.67,1102,6.59
7730,20241028,17,2,114.13,1586,7.2
7731,20241029,8,2,117.01,658,17.78
7732,20241029,9,2,79.53999999999999,1394,5.71
7733,20241029,10,3,252.39,1313,19.22
7734,20241029,11,1,41.13,1677,2.45
7735,20241029,12,1,53.06,665,7.98
7736,20241029,13,2,371.49,773,48.06
7737,20241029,14,1,65.02,1690,3.85
7738,20241029,15,2,24.58,672,3.66
7739,20241029,16,3,257.82,1174,21.96
7740,20241029,17,1,41.5,871,4.76
7741,20241030,8,3,354.66,1629,21.77
7742,20241030,9,4,714.79,708,100.96
7743,20241030,10,2,103.85,1265,8.21
7744,20241030,11,2,161.09,751,21.45
7745,20241030,12,4,500.23,1214,41.21
7746,20241030,13,3,187.06,1116,16.76
7747,20241030,14,5,934.98,842,111.04
7748,20241030,15,6,329.6,680,48.47
7749,20241030,16,3,261.16,770,33.92
7750,20241031,8,1,60.88,1589,3.83
7751,20241031,9,1,135.37,1017,13.31
7752,20241031,10,1,88.18,1154,7.64
7753,20241031,11,3,169.08,693,24.4
7754,20241031,12,1,96.09,812,11.83
7755,20241031,13,2,121.42,1762,6.89
7756,20241031,15,1,34.82,1271,2.74
7757,20241031,16,2,342.46000000000004,783,43.74
7758,20241031,17,1,131.23,1345,9.76
7759,20241104,8,2,341.21,1681,20.3
7760,20241104,9,1,68.58,1305,5.26
7761,20241104,10,3,605.65,1045,57.96
7762,20241104,11,1,75.63000000000001,1328,5.7
7763,20241104,12,2,33.6,1144,2.94
7764,20241104,13,3,296.5,920,32.23
7765,20241104,15,5,528.54,1499,35.26
7766,20241104,17,1,20.8,1472,1.41
7767,20241105,8,5,361.96,1633,22.17
7768,20241105,9,4,366.42,1663,22.03
7769,20241105,10,3,84.86,1002,8.47
7770,20241105,11,1,56.44,1207,4.68
7771,20241105,12,3,152.03,883,17.22
7772,20241105,13,4,216.12,942,22.94
7773,20241105,15,4,351.6,1120,31.39
7774,20241105,16,4,410.9,1789,22.97
7775,20241105,17,1,49.0,1019,4.81
7776,20241106,8,3,247.96,986,25.15
7777,20241106,9,2,175.82,702,25.05
7778,20241106,10,1,95.49,748,12.77
7779,20241106,11,1,104.2,1088,9.58
7780,20241106,12,3,531.51,784,67.79
7781,20241106,13,3,158.47,1371,11.56
7782,20241106,14,1,75.32000000000001,977,7.71
7783,20241106,15,2,301.52,1698,17.76
7784,20241106,17,3,818.6,1382,59.23
7785,20241107,8,1,35.06,1132,3.1
7786,20241107,9,2,272.25,793,34.33
7787,20241107,11,4,266.02,1381,19.26
7788,20241107,12,1,83.79,1131,7.41
7789,20241107,13,6,554.07,1008,54.97
7790,20241107,14,1,87.14,1132,7.7
7791,20241107,15,4,147.26999999999998,1140,12.92
7792,20241108,8,3,268.71000000000004,789,34.06
7793,20241108,9,3,127.02,1310,9.7
7794,20241108,10,5,359.62,1634,22.01
7795,20241108,11,4,228.46,1271,17.97
7796,20241108,12,4,316.57,987,32.07
7797,20241108,14,2,250.76,762,32.91
7798,20241108,15,2,135.71,1707,7.95
7799,20241108,17,1,228.65,1124,20.34
7800,20241111,8,7,813.11,698,116.49
7801,20241111,9,3,148.13,1240,11.95
7802,20241111,10,5,344.95,1187,29.06
7803,20241111,12,1,0.0,1709,0.0
7804,20241111,13,2,125.18,1169,10.71
7805,20241111,14,4,354.6,1698,20.88
7806,20241111,15,2,329.17,1767,18.63
7807,20241111,16,4,211.48,1541,13.72
7808,20241112,8,6,636.17,1573,40.44
7809,20241112,9,5,404.66,1540,26.28
7810,20241112,10,2,304.79,1521,20.04
7811,20241112,11,1,166.92,771,21.65
7812,20241112,12,6,772.01,1315,58.71
7813,20241112,13,1,183.44,766,23.95
7814,20241112,15,5,864.35,865,99.92
7815,20241112,16,2,477.32,1747,27.32
7816,20241112,17,2,204.2,754,27.08
7817,20241113,8,1,44.08,1360,3.24
7818,20241113,9,2,93.33,1172,7.96
7819,20241113,10,4,716.46,1083,66.16
7820,20241113,12,4,474.03,1638,28.94
7821,20241113,14,4,364.17,1742,20.91
7822,20241113,15,3,332.8,771,43.16
7823,20241113,16,1,232.34,1025,22.67
7824,20241113,17,1,28.69,717,4.0
7825,20241114,8,1,279.48,1505,18.57
7826,20241114,9,1,41.18,1235,3.33
7827,20241114,10,5,961.23,1736,55.37
7828,20241114,11,1,82.53,1584,5.21
7829,20241114,12,4,492.32,1250,39.39
7830,20241114,13,3,282.99,1108,25.54
7831,20241114,15,3,191.21,1340,14.27
7832,20241114,16,2,48.31,1719,2.81
7833,20241115,8,4,142.59,1191,11.97
7834,20241115,9,1,28.82,794,3.63
7835,20241115,10,2,134.9,1763,7.65
7836,20241115,11,2,137.03,1464,9.36
7837,20241115,12,4,299.82,1625,18.45
7838,20241115,13,5,406.99,1723,23.62
7839,20241115,14,3,121.32,709,17.11
7840,20241115,15,7,1335.1,632,211.25
7841,20241115,16,5,806.88,941,85.75
7842,20241115,17,1,70.71000000000001,923,7.66
7843,20241118,8,6,865.53,1530,56.57
7844,20241118,9,2,169.64,1142,14.85
7845,20241118,11,2,303.17,1022,29.66
7846,20241118,12,2,113.18,681,16.62
7847,20241118,13,1,50.11,1106,4.53
7848,20241118,14,2,129.54,1167,11.1
7849,20241118,15,2,1071.97,1106,96.92
7850,20241118,16,2,148.16,1528,9.7
7851,20241118,17,1,82.97999999999999,1385,5.99
7852,20241119,8,2,424.67,1677,25.32
7853,20241119,9,1,87.55,1743,5.02
7854,20241119,10,2,84.84,853,9.95
7855,20241119,11,5,544.5699999999999,951,57.26
7856,20241119,12,6,521.48,1795,29.05
7857,20241119,13,3,198.26,1592,12.45
7858,20241119,14,1,54.04,1662,3.25
7859,20241119,15,1,37.38,1415,2.64
7860,20241119,16,2,181.15,990,18.3
7861,20241120,8,4,294.97,957,30.82
7862,20241120,9,3,453.66,660,68.74
7863,20241120,10,3,884.6999999999999,676,130.87
7864,20241120,12,3,320.85,775,41.4
7865,20241120,13,2,115.83,992,11.68
7866,20241120,14,3,828.75,1216,68.15
7867,20241120,15,1,165.26999999999998,1511,10.94
7868,20241120,16,1,80.00999999999999,1651,4.85
7869,20241121,8,4,282.46,1186,23.82
7870,20241121,9,6,727.22,1010,72.0
7871,20241121,10,5,314.19,767,40.96
7872,20241121,11,1,14.28,1510,0.95
7873,20241121,12,2,52.06,1656,3.14
7874,20241121,14,1,55.01,919,5.99
7875,20241121,15,4,334.08,1442,23.17
7876,20241121,16,2,296.95,738,40.24
7877,20241122,8,7,567.27,1756,32.3
7878,20241122,9,3,339.25,1250,27.14
7879,20241122,10,4,326.22,1116,29.23
7880,20241122,11,1,77.82000000000001,827,9.41
7881,20241122,12,3,371.6,1394,26.66
7882,20241122,13,4,380.87,1394,27.32
7883,20241122,14,1,40.84,1016,4.02
7884,20241122,15,4,675.91,1548,43.66
7885,20241122,16,2,262.98,1308,20.11
7886,20241125,8,3,140.12,1270,11.03
7887,20241125,9,4,382.28,1535,24.9
7888,20241125,10,3,277.53,1090,25.46
7889,20241125,11,1,73.08,1795,4.07
7890,20241125,12,3,258.31,1659,15.57
7891,20241125,13,1,57.76,1164,4.96
7892,20241125,14,1,60.95,666,9.15
7893,20241125,15,2,179.32,1518,11.81
7894,20241125,16,5,533.11,1249,42.68
7895,20241126,8,8,463.28,900,51.48
7896,20241126,9,4,321.19,1548,20.75
7897,20241126,10,1,96.72,817,11.84
7898,20241126,11,4,405.01,679,59.65
7899,20241126,12,3,246.33,1767,13.94
7900,20241126,13,1,136.11,1591,8.55
7901,20241126,14,1,131.91000000000005,637,20.71
7902,20241126,15,5,401.23,1783,22.5
7903,20241126,16,2,319.28000000000003,1274,25.06
7904,20241127,8,2,68.09,1250,5.45
7905,20241127,9,2,140.42,688,20.41
7906,20241127,10,2,101.19,1243,8.14
7907,20241127,11,2,194.81,1619,12.03
7908,20241127,12,3,450.94,1381,32.65
7909,20241127,13,1,216.35,1339,16.16
7910,20241127,14,2,196.94,1241,15.87
7911,20241127,15,2,165.86,1045,15.87
7912,20241127,17,1,54.79,648,8.46
7913,20241128,8,3,244.12,634,38.5
7914,20241128,10,1,105.83,1484,7.13
7915,20241128,13,2,334.63,1277,26.2
7916,20241128,14,1,79.38,1099,7.22
7917,20241128,15,4,313.11,1382,22.66
7918,20241128,16,2,204.35,1209,16.9
7919,20241129,8,9,946.91,660,143.47
7920,20241129,9,2,223.39,1531,14.59
7921,20241129,11,3,192.59,1329,14.49
7922,20241129,12,2,412.61,812,50.81
7923,20241129,13,5,593.48,1160,51.16
7924,20241129,14,2,334.66,659,50.78
7925,20241129,15,4,248.21,1557,15.94
7926,20241129,16,1,65.46,1100,5.95
7927,20241129,17,1,31.22,1495,2.09
7928,20241202,8,6,978.68,1359,72.01
7929,20241202,9,1,78.08,1038,7.52
7930,20241202,10,2,152.52,1013,15.06
7931,20241202,11,1,82.11,1507,5.45
7932,20241202,12,5,1054.44,1664,63.37
7933,20241202,13,3,438.42,992,44.2
7934,20241202,14,5,374.34,614,60.97
7935,20241202,15,3,514.28,1400,36.73
7936,20241202,16,3,296.77,1195,24.83
7937,20241203,8,2,178.95,994,18.0
7938,20241203,9,1,134.34,1782,7.54
7939,20241203,10,2,751.39,771,97.46
7940,20241203,11,1,56.46,752,7.51
7941,20241203,12,1,64.31,1701,3.78
7942,20241203,13,1,90.27,951,9.49
7943,20241203,14,5,808.02,1252,64.54
7944,20241203,15,3,533.98,1653,32.3
7945,20241203,16,3,111.54,814,13.7
7946,20241204,8,2,162.18,1377,11.78
7947,20241204,9,1,51.19,1476,3.47
7948,20241204,10,3,208.25,1574,13.23
7949,20241204,11,1,45.77,817,5.6
7950,20241204,12,5,772.86,757,102.1
7951,20241204,13,2,134.13,1565,8.57
7952,20241204,14,2,155.53,1437,10.82
7953,20241204,15,2,586.39,1255,46.72
7954,20241204,16,2,230.67,735,31.38
7955,20241205,8,2,698.59,713,97.98
7956,20241205,9,4,254.5,661,38.5
7957,20241205,10,3,279.57,1213,23.05
7958,20241205,11,4,701.78,1100,63.8
7959,20241205,12,1,58.42,1372,4.26
7960,20241205,13,1,72.98,1481,4.93
7961,20241205,14,1,41.23,1380,2.99
7962,20241205,15,3,323.55,1171,27.63
7963,20241209,8,3,186.94,1758,10.63
7964,20241209,9,2,87.09,1165,7.48
7965,20241209,10,1,37.4,998,3.75
7966,20241209,12,3,295.64,1557,18.99
7967,20241209,13,3,162.14,1555,10.43
7968,20241209,14,4,823.62,1267,65.01
7969,20241209,15,4,429.61,1128,38.09
7970,20241209,16,2,388.1,1123,34.56
7971,20241209,17,2,177.23000000000002,1248,14.2
7972,20241210,8,3,315.89,909,34.75
7973,20241210,9,5,755.48,1698,44.49
7974,20241210,10,3,157.64,1437,10.97
7975,20241210,11,4,511.15,983,52.0
7976,20241210,12,4,574.6800000000001,671,85.65
7977,20241210,13,2,111.69,1141,9.79
7978,20241210,14,2,212.85,1648,12.92
7979,20241210,15,4,519.71,1751,29.68
7980,20241210,16,1,184.65,1565,11.8
7981,20241210,17,1,50.04,1042,4.8
7982,20241211,8,4,672.32,1706,39.41
7983,20241211,9,5,583.52,791,73.77
7984,20241211,10,2,220.33,1631,13.51
7985,20241211,11,2,116.93,1707,6.85
7986,20241211,12,4,734.8,1667,44.08
7987,20241211,13,1,59.71,859,6.95
7988,20241211,16,2,252.89,1468,17.23
7989,20241211,17,1,215.25,1428,15.07
7990,20241212,8,3,681.84,1200,56.82
7991,20241212,9,2,244.63,1463,16.72
7992,20241212,10,2,190.12,955,19.91
7993,20241212,11,2,253.16,1417,17.87
7994,20241212,12,1,159.22,1276,12.48
7995,20241212,13,5,526.15,999,52.67
7996,20241212,14,2,69.78,712,9.8
7997,20241212,15,6,688.16,902,76.29
7998,20241212,16,1,70.38,846,8.32
7999,20241212,17,1,39.03,1460,2.67
8000,20241213,8,3,300.05,1556,19.28
8001,20241213,9,2,156.72,776,20.2
8002,20241213,10,3,252.12,646,39.03
8003,20241213,11,4,1036.62,1069,96.97
8004,20241213,12,1,139.05,671,20.72
8005,20241213,13,2,430.38,1382,31.14
8006,20241213,14,4,420.06,1589,26.44
8007,20241213,15,4,298.51,891,33.5
8008,20241213,16,2,348.81,1390,25.09
8009,20241213,17,2,170.52,1659,10.28
8010,20241216,8,3,597.16,1513,39.47
8011,20241216,9,1,11.78,1357,0.87
8012,20241216,10,1,70.73,1298,5.45
8013,20241216,11,2,147.88,758,19.51
8014,20241216,12,3,265.93,1762,15.09
8015,20241216,13,2,160.28,733,21.87
8016,20241216,14,2,390.8,1440,27.14
8017,20241216,15,3,478.57,735,65.11
8018,20241216,16,2,293.87,719,40.87
8019,20241217,8,6,791.5,864,91.61
8020,20241217,9,3,239.39,806,29.7
8021,20241217,10,5,406.06,1695,23.96
8022,20241217,11,4,251.23,1786,14.07
8023,20241217,12,3,315.43,626,50.39
8024,20241217,13,4,249.8,1634,15.29
8025,20241217,14,5,577.62,1680,34.38
8026,20241217,15,2,251.4,1182,21.27
8027,20241217,16,2,360.72,608,59.33
8028,20241218,8,2,127.03,1317,9.65
8029,20241218,9,3,266.43,1321,20.17
8030,20241218,10,2,321.21,1328,24.19
8031,20241218,11,1,75.16,1480,5.08
8032,20241218,12,1,83.08000000000001,1631,5.09
8033,20241218,13,4,559.96,1643,34.08
8034,20241218,15,6,1036.52,1628,63.67
8035,20241218,16,1,78.16,660,11.84
8036,20241219,8,4,626.87,1477,42.44
8037,20241219,9,2,216.44,1145,18.9
8038,20241219,10,2,166.65,734,22.7
8039,20241219,11,1,104.14,1050,9.92
8040,20241219,12,1,21.07,1100,1.92
8041,20241219,13,1,56.16,1109,5.06
8042,20241219,14,4,674.06,1063,63.41
8043,20241219,16,5,706.92,807,87.6
8044,20241220,8,2,454.19,1336,34.0
8045,20241220,10,4,231.21,1700,13.6
8046,20241220,11,3,202.29,1156,17.5
8047,20241220,12,1,37.7,1369,2.75
8048,20241220,13,2,63.66,881,7.23
8049,20241220,14,2,149.37,1234,12.1
8050,20241220,15,3,264.1,1690,15.63
8051,20241220,16,1,79.77,1386,5.76
8052,20241220,17,1,206.69,607,34.05
8053,20241223,9,3,104.87,1774,5.91
8054,20241223,10,4,588.26,1174,50.11
8055,20241223,12,1,160.67000000000002,1304,12.32
8056,20241223,13,2,212.35,1094,19.41
8057,20241223,14,1,133.44,997,13.38
8058,20241223,15,4,519.36,1384,37.53
8059,20241223,16,2,290.01,839,34.57
8060,20250102,8,1,57.75,1457,3.96
8061,20250102,9,3,437.29,1252,34.93
8062,20250102,10,1,156.02,1182,13.2
8063,20250102,11,2,173.70999999999998,1022,17.0
8064,20250102,12,4,167.6,1392,12.04
8065,20250102,13,2,137.99,1164,11.85
8066,20250102,14,1,241.91,1684,14.37
8067,20250102,15,7,645.91,1433,45.07
8068,20250102,16,2,229.75,890,25.81
8069,20250102,17,1,79.76,887,8.99
8070,20250103,8,4,511.06,1800,28.39
8071,20250103,9,1,338.79,790,42.88
8072,20250103,10,5,444.68,620,71.72
8073,20250103,11,1,117.0,655,17.86
8074,20250103,12,3,248.46,994,25.0
8075,20250103,13,2,212.24,803,26.43
8076,20250103,14,3,433.6,1766,24.55
8077,20250103,15,4,1004.84,603,166.64
8078,20250103,16,1,71.88,606,11.86
8079,20250107,8,2,210.88,1765,11.95
8080,20250107,9,2,206.07,1429,14.42
8081,20250107,10,3,132.82,1769,7.51
8082,20250107,11,2,332.96,1725,19.3
8083,20250107,12,4,356.58,1765,20.2
8084,20250107,13,1,0.0,1151,0.0
8085,20250107,14,2,241.38,1593,15.15
8086,20250107,15,5,352.07,1283,27.44
8087,20250107,16,2,208.4,1063,19.6
8088,20250107,17,1,344.93,1163,29.66
8089,20250108,8,2,116.91,1345,8.69
8090,20250108,9,3,114.61,1305,8.78
8091,20250108,10,2,92.33,1131,8.16
8092,20250108,11,1,256.2,795,32.23
8093,20250108,14,4,534.17,1393,38.35
8094,20250108,15,3,239.18,607,39.4
8095,20250108,16,2,35.46,688,5.15
8096,20250108,17,1,20.19,1635,1.23
8097,20250109,8,5,498.75,1598,31.21
8098,20250109,10,4,311.76,679,45.91
8099,20250109,11,1,40.92,1332,3.07
8100,20250109,12,4,326.45,1176,27.76
8101,20250109,13,2,131.57999999999998,1437,9.16
8102,20250109,14,3,229.23,763,30.04
8103,20250109,15,4,339.94,1515,22.44
8104,20250109,16,1,154.05,1661,9.27
8105,20250110,8,1,503.74,644,78.22
8106,20250110,9,4,366.87,1440,25.48
8107,20250110,10,2,92.69,766,12.1
8108,20250110,11,1,153.29,1582,9.69
8109,20250110,12,3,236.19,948,24.91
8110,20250110,13,5,583.94,788,74.1
8111,20250110,15,3,196.52,1587,12.38
8112,20250110,16,2,244.5,784,31.19
8113,20250113,8,3,453.41,744,60.94
8114,20250113,10,3,303.83000000000004,743,40.89
8115,20250113,11,5,446.21,1151,38.77
8116,20250113,12,3,240.04,1174,20.45
8117,20250113,13,3,191.56,873,21.94
8118,20250113,14,1,124.15,918,13.52
8119,20250113,15,4,125.51,995,12.61
8120,20250113,16,1,340.06,1349,25.21
8121,20250113,17,2,142.64,732,19.49
8122,20250114,8,5,420.75,1265,33.26
8123,20250114,9,4,374.3,1422,26.32
8124,20250114,10,7,466.18,1534,30.39
8125,20250114,12,2,96.98,1061,9.14
8126,20250114,13,5,269.63,1472,18.32
8127,20250114,14,5,245.98,1433,17.17
8128,20250114,15,5,743.4499999999999,790,94.11
8129,20250114,16,2,132.82,899,14.77
8130,20250115,8,6,545.8199999999999,1586,34.41
8131,20250115,9,3,98.56,1019,9.67
8132,20250115,10,4,490.95,623,78.8
8133,20250115,11,4,376.17,651,57.78
8134,20250115,12,3,183.27,1425,12.86
8135,20250115,13,4,372.13,1713,21.72
8136,20250115,14,1,48.79,859,5.68
8137,20250115,15,1,207.21,1696,12.22
8138,20250115,16,1,95.33,1384,6.89
8139,20250116,8,6,466.97,613,76.18
8140,20250116,9,3,307.98,1222,25.2
8141,20250116,10,2,114.16,919,12.42
8142,20250116,11,3,61.49,1657,3.71
8143,20250116,13,5,555.69,1036,53.64
8144,20250116,14,3,394.94,1311,30.13
8145,20250116,15,6,623.19,1783,34.95
8146,20250116,16,2,158.41,1622,9.77
8147,20250117,8,1,167.87,1316,12.76
8148,20250117,9,2,174.88,1529,11.44
8149,20250117,10,4,249.86,806,31.0
8150,20250117,11,2,220.43,1751,12.59
8151,20250117,12,3,302.52,1348,22.44
8152,20250117,13,2,298.3,930,32.08
8153,20250117,14,2,42.06,1550,2.71
8154,20250117,15,3,208.21,777,26.8
8155,20250117,16,3,275.13,602,45.7
8156,20250117,17,1,20.67,1757,1.18
8157,20250120,8,1,55.44,836,6.63
8158,20250120,9,5,613.54,1448,42.37
8159,20250120,10,2,160.0,1115,14.35
8160,20250120,11,3,360.4,1416,25.45
8161,20250120,12,5,604.29,1436,42.08
8162,20250120,13,1,0.0,1488,0.0
8163,20250120,14,1,66.89999999999999,776,8.62
8164,20250120,15,4,368.54,744,49.53
8165,20250121,8,3,233.2,1489,15.66
8166,20250121,9,2,72.97,1083,6.74
8167,20250121,10,5,608.28,1121,54.26
8168,20250121,11,1,110.34,1380,8.0
8169,20250121,12,3,405.54,1342,30.22
8170,20250121,13,1,113.52,1515,7.49
8171,20250121,14,5,671.5699999999999,1400,47.97
8172,20250121,15,2,332.95,1678,19.84
8173,20250121,16,7,810.35,1588,51.03
8174,20250121,17,2,218.34,1295,16.86
8175,20250122,8,6,849.0799999999999,1032,82.28
8176,20250122,9,3,275.94,1772,15.57
8177,20250122,10,4,803.35,1530,52.51
8178,20250122,11,4,609.88,1795,33.98
8179,20250122,12,1,105.76,1784,5.93
8180,20250122,13,1,72.08,1535,4.7
8181,20250122,14,3,167.93,1218,13.79
8182,20250122,15,6,519.29,771,67.35
8183,20250122,16,2,265.42,1586,16.74
8184,20250122,17,1,33.010000000000005,931,3.55
8185,20250123,8,5,225.7,1661,13.59
8186,20250123,9,3,346.39,1340,25.85
8187,20250123,10,5,741.28,1307,56.72
8188,20250123,11,5,243.04,718,33.85
8189,20250123,12,2,139.87,893,15.66
8190,20250123,13,4,356.21,602,59.17
8191,20250123,16,2,265.15,1686,15.73
8192,20250123,17,2,164.67,1764,9.34
8193,20250124,8,3,215.8,1396,15.46
8194,20250124,9,2,102.68,1594,6.44
8195,20250124,10,4,173.51,883,19.65
8196,20250124,11,2,446.95,1084,41.23
8197,20250124,13,2,171.11,738,23.19
8198,20250124,14,1,29.93,922,3.25
8199,20250124,17,1,201.5,1634,12.33
8200,20250127,8,3,514.74,948,54.3
8201,20250127,9,3,150.23,837,17.95
8202,20250127,10,2,566.78,1166,48.61
8203,20250127,11,1,166.11,854,19.45
8204,20250127,12,3,419.83,656,64.0
8205,20250127,14,5,259.83,1614,16.1
8206,20250127,15,4,347.64,1456,23.88
8207,20250127,16,3,283.1,1775,15.95
8208,20250128,8,4,271.03,1616,16.77
8209,20250128,9,1,135.55,1006,13.47
8210,20250128,10,3,327.79,742,44.18
8211,20250128,11,3,262.53000000000003,820,32.02
8212,20250128,12,1,115.75,689,16.8
8213,20250128,13,2,143.22,910,15.74
8214,20250128,14,1,56.95,751,7.58
8215,20250128,15,3,367.64,700,52.52
8216,20250128,16,2,319.67,1639,19.5
8217,20250128,17,1,89.58,1320,6.79
8218,20250129,8,2,246.76,1692,14.58
8219,20250129,9,3,130.81,1730,7.56
8220,20250129,10,1,359.29,971,37.0
8221,20250129,11,4,257.83,1430,18.03
8222,20250129,12,2,92.28,1157,7.98
8223,20250129,13,4,492.99,1431,34.45
8224,20250129,14,1,164.45999999999998,1387,11.86
8225,20250129,15,3,543.38,1288,42.19
8226,20250129,16,3,244.92,1294,18.93
8227,20250129,17,1,129.1,1303,9.91
8228,20250130,8,6,1102.08,671,164.24
8229,20250130,9,3,328.88,1175,27.99
8230,20250130,10,3,298.66,1015,29.42
8231,20250130,11,4,416.59,1502,27.74
8232,20250130,12,6,557.09,1798,30.98
8233,20250130,13,1,29.96,1763,1.7
8234,20250130,14,1,60.010000000000005,1270,4.73
8235,20250130,16,1,103.25,1613,6.4
8236,20250131,8,11,942.79,1656,56.93
8237,20250131,10,2,219.62,1232,17.83
8238,20250131,11,3,218.45,1013,21.56
8239,20250131,12,2,225.44,1040,21.68
8240,20250131,14,3,317.35,1017,31.2
8241,20250131,15,5,341.56,894,38.21
8242,20250131,16,3,676.14,699,96.73
8243,20250203,8,4,311.55,630,49.45
8244,20250203,9,1,10.2,1187,0.86
8245,20250203,10,2,578.5600000000001,614,94.23
8246,20250203,11,1,160.13,1044,15.34
8247,20250203,12,3,359.51,1721,20.89
8248,20250203,13,2,178.39,1003,17.79
8249,20250203,14,1,24.24,1074,2.26
8250,20250203,15,2,346.06,1705,20.3
8251,20250204,8,2,118.38,1037,11.42
8252,20250204,9,1,87.22,1318,6.62
8253,20250204,10,3,361.9,1737,20.83
8254,20250204,11,1,65.33,1625,4.02
8255,20250204,12,2,167.31,1599,10.46
8256,20250204,13,1,67.31,653,10.31
8257,20250204,14,2,141.86,817,17.36
8258,20250204,15,2,84.03999999999999,1103,7.62
8259,20250204,17,2,185.72,1624,11.44
8260,20250205,9,4,302.88,1586,19.1
8261,20250205,10,1,82.28999999999999,1490,5.52
8262,20250205,11,2,375.05,1690,22.19
8263,20250205,12,3,705.3299999999999,828,85.18
8264,20250205,13,2,262.36,1198,21.9
8265,20250205,14,2,138.32,751,18.42
8266,20250205,15,2,65.75999999999999,1610,4.08
8267,20250205,16,3,234.01,1380,16.96
8268,20250205,17,1,27.63,1156,2.39
8269,20250206,8,3,242.72,1374,17.67
8270,20250206,9,2,371.82,1613,23.05
8271,20250206,10,1,140.3,1505,9.32
8272,20250206,11,3,251.24,1393,18.04
8273,20250206,12,1,163.7,663,24.69
8274,20250206,13,3,535.96,1322,40.54
8275,20250206,14,3,322.8,780,41.38
8276,20250206,15,2,308.46,739,41.74
8277,20250206,16,2,117.78,1705,6.91
8278,20250207,9,6,627.96,1225,51.26
8279,20250207,10,1,845.64,776,108.97
8280,20250207,13,2,194.72,887,21.95
8281,20250207,14,2,185.69,1381,13.45
8282,20250207,15,4,429.79,705,60.96
8283,20250207,16,1,145.8,998,14.61
8284,20250210,8,8,918.32,1485,61.84
8285,20250210,9,6,1087.96,996,109.23
8286,20250210,12,3,316.63,1690,18.74
8287,20250210,13,1,118.92,1408,8.45
8288,20250210,14,5,467.22,935,49.97
8289,20250210,15,3,405.71,1534,26.45
8290,20250210,16,2,88.07,718,12.27
8291,20250210,17,1,47.12,1038,4.54
8292,20250211,8,7,765.13,689,111.05
8293,20250211,10,6,668.4100000000001,898,74.43
8294,20250211,11,3,226.23,793,28.53
8295,20250211,12,3,351.94,939,37.48
8296,20250211,13,3,256.6,898,28.57
8297,20250211,14,1,27.43,764,3.59
8298,20250211,15,1,53.26,914,5.83
8299,20250211,16,1,447.98,914,49.01
8300,20250212,8,2,183.54,1400,13.11
8301,20250212,9,3,228.41,672,33.99
8302,20250212,10,3,245.95,1669,14.74
8303,20250212,11,1,552.15,1739,31.75
8304,20250212,13,2,298.6,1519,19.66
8305,20250212,14,1,54.74,1741,3.14
8306,20250212,16,1,25.65,1619,1.58
8307,20250213,8,3,362.08,1370,26.43
8308,20250213,9,2,101.55,1164,8.72
8309,20250213,10,1,67.06,1693,3.96
8310,20250213,11,3,198.63,684,29.04
8311,20250213,12,3,318.8,1752,18.2
8312,20250213,13,2,212.22,1632,13.0
8313,20250213,14,2,98.19,1255,7.82
8314,20250213,15,2,160.89,1704,9.44
8315,20250213,16,2,67.52000000000001,1305,5.17
8316,20250214,8,2,166.51,842,19.78
8317,20250214,9,2,42.86,1317,3.25
8318,20250214,11,2,123.94,794,15.61
8319,20250214,12,2,310.15,1135,27.33
8320,20250214,13,1,105.92,1750,6.05
8321,20250214,14,2,179.27,1409,12.72
8322,20250214,15,3,247.38,1101,22.47
8323,20250214,16,2,46.95,1492,3.15
8324,20250217,8,6,708.77,1015,69.83
8325,20250217,10,3,176.62,1519,11.63
8326,20250217,11,2,116.76,1137,10.27
8327,20250217,13,3,1177.6,1740,67.68
8328,20250217,14,1,104.49,1049,9.96
8329,20250217,15,1,275.04,676,40.69
8330,20250217,16,2,320.58,665,48.21
8331,20250218,8,1,32.48,1496,2.17
8332,20250218,10,3,302.86,793,38.19
8333,20250218,11,2,198.71,1003,19.81
8334,20250218,12,2,184.36,1119,16.48
8335,20250218,13,2,192.33,1558,12.34
8336,20250218,14,4,599.59,805,74.48
8337,20250218,15,1,185.14,1676,11.05
8338,20250218,16,3,449.68,1233,36.47
8339,20250218,17,1,80.11,859,9.33
8340,20250219,8,2,109.63,917,11.96
8341,20250219,9,1,56.48,1648,3.43
8342,20250219,10,2,186.79,817,22.86
8343,20250219,11,1,101.81,936,10.88
8344,20250219,13,3,357.42,1273,28.08
8345,20250219,14,1,20.64,1471,1.4
8346,20250219,15,4,517.5600000000001,805,64.29
8347,20250220,8,3,269.87,1085,24.87
8348,20250220,9,2,76.14,1134,6.71
8349,20250220,10,2,153.16,986,15.53
8350,20250220,11,6,388.55,947,41.03
8351,20250220,12,4,458.73,1540,29.79
8352,20250220,14,3,173.83999999999995,1537,11.31
8353,20250220,15,3,216.14,1504,14.37
8354,20250220,16,4,310.28,1713,18.11
8355,20250220,17,1,217.21,850,25.55
8356,20250221,8,3,507.17,633,80.12
8357,20250221,9,3,502.78,1731,29.05
8358,20250221,10,4,260.45,799,32.6
8359,20250221,11,3,246.89,631,39.13
8360,20250221,12,6,461.39,1477,31.24
8361,20250221,13,1,52.23,1181,4.42
8362,20250221,14,2,149.11,1795,8.31
8363,20250221,15,6,860.2,812,105.94
8364,20250221,16,2,153.25,1664,9.21
8365,20250224,8,3,188.91,999,18.91
8366,20250224,9,1,107.36,719,14.93
8367,20250224,10,2,134.26,1793,7.49
8368,20250224,11,2,264.03000000000003,1132,23.32
8369,20250224,12,4,343.04,859,39.93
8370,20250224,13,3,197.41,719,27.46
8371,20250224,14,1,86.97,611,14.23
8372,20250224,15,7,564.19,685,82.36
8373,20250224,16,3,304.94,1327,22.98
8374,20250225,8,5,214.85,1271,16.9
8375,20250225,9,4,466.61,863,54.07
8376,20250225,10,3,306.83,844,36.35
8377,20250225,11,1,62.46,1535,4.07
8378,20250225,12,4,447.57,709,63.13
8379,20250225,13,2,105.92,1002,10.57
8380,20250225,14,4,451.67,817,55.28
8381,20250225,15,3,349.78000000000003,1368,25.57
8382,20250225,16,1,88.62,615,14.41
8383,20250226,8,4,236.13,1453,16.25
8384,20250226,9,2,155.18,1563,9.93
8385,20250226,10,2,148.96,1712,8.7
8386,20250226,11,4,246.56,836,29.49
8387,20250226,13,3,139.32999999999998,1643,8.48
8388,20250226,14,2,267.66,604,44.31
8389,20250226,15,4,629.95,1638,38.46
8390,20250226,16,1,690.9100000000001,1370,50.43
8391,20250227,8,4,555.36,806,68.9
8392,20250227,9,6,905.96,1309,69.21
8393,20250227,12,2,489.38,733,66.76
8394,20250227,13,3,166.79,698,23.9
8395,20250227,14,3,103.21,1211,8.52
8396,20250227,15,7,903.51,1741,51.9
8397,20250227,16,2,137.55,619,22.22
8398,20250227,17,1,132.57,1185,11.19
8399,20250228,8,4,303.35,1018,29.8
8400,20250228,9,3,367.67,1116,32.95
8401,20250228,10,3,690.53,853,80.95
8402,20250228,11,5,586.65,1235,47.5
8403,20250228,12,2,433.26,735,58.95
8404,20250228,13,2,158.1,1025,15.42
8405,20250228,14,2,146.13,702,20.82
8406,20250228,15,6,976.43,1356,72.01
8407,20250228,16,2,240.9,1039,23.19
8408,20250303,8,2,74.07000000000001,1654,4.48
8409,20250303,9,1,86.06,1366,6.3
8410,20250303,10,5,538.63,1324,40.68
8411,20250303,11,2,63.92,769,8.31
8412,20250303,12,2,148.51,811,18.31
8413,20250303,13,2,108.73,1403,7.75
8414,20250303,14,3,388.78,873,44.53
8415,20250303,15,3,238.05,1157,20.57
8416,20250303,16,2,98.42,1355,7.26
8417,20250304,8,4,183.98,1755,10.48
8418,20250304,9,3,283.53,1443,19.65
8419,20250304,10,4,385.68,900,42.85
8420,20250304,11,1,53.31,1586,3.36
8421,20250304,12,3,158.59,1659,9.56
8422,20250304,13,3,218.31,1626,13.43
8423,20250304,14,2,203.58,704,28.92
8424,20250304,15,3,856.6,974,87.95
8425,20250304,16,1,107.65,1017,10.59
8426,20250305,8,4,282.4,1086,26.0
8427,20250305,9,1,29.45,664,4.44
8428,20250305,10,2,80.76,1577,5.12
8429,20250305,11,4,170.47,638,26.72
8430,20250305,12,2,479.47,1036,46.28
8431,20250305,13,1,28.06,749,3.75
8432,20250305,14,1,113.88,826,13.79
8433,20250305,15,2,101.23,1550,6.53
8434,20250305,16,1,223.68,1390,16.09
8435,20250306,8,3,860.64,727,118.38
8436,20250306,9,2,238.33,1605,14.85
8437,20250306,10,3,248.95,1000,24.89
8438,20250306,11,4,360.1,778,46.29
8439,20250306,12,1,50.02,1497,3.34
8440,20250306,14,1,59.1,1232,4.8
8441,20250306,15,4,541.13,1626,33.28
8442,20250306,17,1,42.010000000000005,793,5.3
8443,20250307,8,5,476.86,1340,35.59
8444,20250307,9,2,130.85,1567,8.35
8445,20250307,10,2,199.19,1158,17.2
8446,20250307,12,2,127.17,1370,9.28
8447,20250307,13,2,285.3,1586,17.99
8448,20250307,14,1,156.07999999999998,1290,12.1
8449,20250307,15,2,173.41,1752,9.9
8450,20250307,16,3,128.5,1781,7.22
8451,20250310,8,2,119.37,1665,7.17
8452,20250310,9,5,296.1,694,42.67
8453,20250310,10,1,60.31,1415,4.26
8454,20250310,11,1,285.28,1646,17.33
8455,20250310,13,4,378.09,1307,28.93
8456,20250310,15,3,463.28,976,47.47
8457,20250310,16,2,53.78,1398,3.85
8458,20250311,8,7,696.4,1702,40.92
8459,20250311,9,1,151.66,1785,8.5
8460,20250311,11,4,423.14,1490,28.4
8461,20250311,12,4,343.97,639,53.83
8462,20250311,13,1,10.4,956,1.09
8463,20250311,14,5,354.03,1468,24.12
8464,20250311,15,3,384.88,1488,25.87
8465,20250311,16,2,126.51,1389,9.11
8466,20250311,17,1,62.93,1483,4.24
8467,20250312,8,3,264.45,720,36.73
8468,20250312,9,1,82.95,1419,5.85
8469,20250312,10,1,26.73,1329,2.01
8470,20250312,11,3,321.98,1030,31.26
8471,20250312,12,3,232.07,1097,21.15
8472,20250312,13,1,44.96,1580,2.85
8473,20250312,14,3,375.16,879,42.68
8474,20250312,15,4,204.22,1296,15.76
8475,20250312,16,1,14.91,787,1.89
8476,20250312,17,1,195.27,1270,15.38
8477,20250313,8,3,314.59000000000003,1234,25.49
8478,20250313,9,2,232.34,1107,20.99
8479,20250313,10,1,129.65,940,13.79
8480,20250313,12,2,261.53,1488,17.58
8481,20250313,14,1,67.1,1562,4.3
8482,20250313,15,3,192.26,1404,13.69
8483,20250313,16,2,234.48,1269,18.48
8484,20250313,17,2,153.82999999999998,1227,12.54
8485,20250314,8,3,186.0,1129,16.47
8486,20250314,10,3,623.95,1023,60.99
8487,20250314,11,2,102.62,1678,6.12
8488,20250314,12,2,92.5,1451,6.37
8489,20250314,13,2,143.98,1150,12.52
8490,20250314,14,3,434.04,1228,35.35
8491,20250314,15,5,447.39,1698,26.35
8492,20250314,16,3,456.65,602,75.86
8493,20250314,17,1,127.3,1418,8.98
8494,20250317,8,6,621.14,742,83.71
8495,20250317,9,2,208.1,1342,15.51
8496,20250317,10,2,100.89,1762,5.73
8497,20250317,11,5,570.54,1218,46.84
8498,20250317,12,1,130.35000000000002,658,19.81
8499,20250317,13,2,93.37,1173,7.96
8500,20250317,14,1,63.47,1786,3.55
8501,20250317,15,2,212.5,647,32.84
8502,20250317,16,2,90.85,803,11.31
8503,20250317,17,1,65.65,1258,5.22
8504,20250318,8,4,331.24,1011,32.76
8505,20250318,9,2,175.03,1788,9.79
8506,20250318,10,2,99.04,765,12.95
8507,20250318,11,3,326.11,1420,22.97
8508,20250318,12,1,228.24,1707,13.37
8509,20250318,13,2,53.53,1474,3.63
8510,20250318,15,3,528.45,1437,36.77
8511,20250318,16,4,275.52,1680,16.4
8512,20250319,8,5,549.67,1551,35.44
8513,20250319,9,4,560.93,1164,48.19
8514,20250319,10,1,157.03,1321,11.89
8515,20250319,11,3,296.23,923,32.09
8516,20250319,12,2,177.66,1715,10.36
8517,20250319,13,3,144.17,1794,8.04
8518,20250319,14,2,234.95,1584,14.83
8519,20250319,15,6,1035.25,788,131.38
8520,20250319,16,1,38.56,1528,2.52
8521,20250320,8,3,210.7,1644,12.82
8522,20250320,9,2,50.82,810,6.27
8523,20250320,10,4,297.84000000000003,1133,26.29
8524,20250320,11,1,92.24,679,13.58
8525,20250320,14,1,63.22,1442,4.38
8526,20250320,15,1,88.14,962,9.16
8527,20250320,16,1,69.3,1078,6.43
8528,20250321,8,4,363.7,605,60.12
8529,20250321,9,4,442.88,824,53.75
8530,20250321,10,4,374.19,1382,27.08
8531,20250321,11,2,212.3,721,29.45
8532,20250321,12,1,166.34,1184,14.05
8533,20250321,13,3,326.3,1560,20.92
8534,20250321,15,1,34.3,1428,2.4
8535,20250324,8,4,362.77,812,44.68
8536,20250324,9,1,127.04,1455,8.73
8537,20250324,10,4,274.07,651,42.1
8538,20250324,11,1,42.67999999999999,949,4.5
8539,20250324,12,2,333.15,1131,29.46
8540,20250324,13,3,273.43,925,29.56
8541,20250324,14,2,368.66,1570,23.48
8542,20250324,15,7,480.14,1381,34.77
8543,20250325,8,3,267.52,1363,19.63
8544,20250325,9,5,599.66,849,70.63
8545,20250325,10,1,15.54,689,2.26
8546,20250325,11,1,51.3,1477,3.47
8547,20250325,12,3,1171.43,1685,69.52
8548,20250325,13,1,49.8,828,6.01
8549,20250325,15,3,327.78,836,39.21
8550,20250325,16,1,49.98,981,5.09
8551,20250325,17,1,42.2,1770,2.38
8552,20250326,8,4,521.39,710,73.44
8553,20250326,9,6,597.13,1753,34.06
8554,20250326,11,6,403.1,1192,33.82
8555,20250326,12,1,12.22,735,1.66
8556,20250326,13,3,236.59,1593,14.85
8557,20250326,14,1,125.74,1416,8.88
8558,20250326,15,6,692.4,896,77.28
8559,20250326,17,1,37.23,699,5.33
8560,20250327,8,2,385.82,1622,23.79
8561,20250327,9,1,188.79,989,19.09
8562,20250327,10,4,378.3,1116,33.9
8563,20250327,12,3,425.78,1180,36.08
8564,20250327,13,1,43.86,890,4.93
8565,20250327,14,4,460.63,1753,26.28
8566,20250327,15,6,406.48,1279,31.78
8567,20250327,17,1,62.71,1672,3.75
8568,20250328,8,4,403.22,1031,39.11
8569,20250328,10,2,97.69,622,15.71
8570,20250328,12,4,829.44,1416,58.58
8571,20250328,13,1,20.43,1157,1.77
8572,20250328,14,2,151.65,1714,8.85
8573,20250328,15,3,319.87,727,44.0
8574,20250328,16,1,52.36,1564,3.35
8575,20250328,17,1,111.68,1059,10.55
8576,20250331,8,2,116.08,1640,7.08
8577,20250331,9,2,296.34,1208,24.53
8578,20250331,10,6,750.4300000000001,1427,52.59
8579,20250331,11,1,33.69,1440,2.34
8580,20250331,12,5,610.31,1381,44.19
8581,20250331,13,3,202.51,1749,11.58
8582,20250331,14,2,149.73,1255,11.93
8583,20250331,15,2,559.6,745,75.11
8584,20250331,16,4,527.26,933,56.51
8585,20250331,17,1,51.63,710,7.27
8586,20250401,8,4,456.17,1653,27.6
8587,20250401,9,3,132.19,1702,7.77
8588,20250401,10,3,825.6800000000001,1478,55.86
8589,20250401,11,3,255.72000000000003,1417,18.05
8590,20250401,12,3,196.95,1765,11.16
8591,20250401,15,4,272.14,775,35.11
8592,20250401,16,1,130.28,1098,11.87
8593,20250402,8,4,320.49,789,40.62
8594,20250402,9,5,568.83,1207,47.13
8595,20250402,10,2,156.66,1403,11.17
8596,20250402,11,2,163.1,1096,14.88
8597,20250402,12,2,180.02,1508,11.94
8598,20250402,14,3,216.67,606,35.75
8599,20250402,15,5,643.07,1135,56.66
8600,20250402,16,2,254.44,1018,24.99
8601,20250403,8,4,236.09,1543,15.3
8602,20250403,9,7,1261.39,1047,120.48
8603,20250403,10,4,408.06,674,60.54
8604,20250403,12,2,455.24,1520,29.95
8605,20250403,13,2,327.69,1492,21.96
8606,20250403,14,1,48.05,729,6.59
8607,20250403,15,3,214.94,1765,12.18
8608,20250403,16,3,151.17000000000002,872,17.34
8609,20250403,17,1,198.8,1222,16.27
8610,20250404,8,2,63.64,1149,5.54
8611,20250404,9,5,335.53000000000003,1616,20.76
8612,20250404,10,1,30.15,1316,2.29
8613,20250404,12,4,326.8,1104,29.6
8614,20250404,13,3,509.87,1555,32.79
8615,20250404,14,3,308.13,1388,22.2
8616,20250404,15,1,61.36,1220,5.03
8617,20250404,16,1,98.91,1295,7.64
8618,20250404,17,1,30.1,1087,2.77
8619,20250407,8,2,54.57,1355,4.03
8620,20250407,9,1,112.26,838,13.4
8621,20250407,10,4,367.89,1408,26.13
8622,20250407,11,4,521.38,1424,36.61
8623,20250407,12,6,433.42,903,48.0
8624,20250407,13,3,198.92,861,23.1
8625,20250407,14,2,278.6,1318,21.14
8626,20250407,15,3,364.31,927,39.3
8627,20250407,16,2,497.15,1416,35.11
8628,20250407,17,2,543.3,1792,30.32
8629,20250408,8,4,524.39,1489,35.22
8630,20250408,9,4,394.36,1316,29.97
8631,20250408,10,3,503.34,1703,29.56
8632,20250408,11,1,70.14,1688,4.16
8633,20250408,12,2,239.9,716,33.51
8634,20250408,13,3,181.99,1734,10.5
8635,20250408,14,3,442.48,1073,41.24
8636,20250408,15,4,185.68,1309,14.18
8637,20250408,16,3,345.77,1566,22.08
8638,20250408,17,2,70.62,783,9.02
8639,20250409,8,7,652.2,1329,49.07
8640,20250409,9,2,76.53999999999999,778,9.84
8641,20250409,10,5,409.67,1673,24.49
8642,20250409,11,1,70.50999999999999,1256,5.61
8643,20250409,13,4,725.36,1092,66.42
8644,20250409,14,3,143.32,1176,12.19
8645,20250409,15,5,389.57,1013,38.46
8646,20250409,16,3,284.36,1076,26.43
8647,20250410,8,1,216.27,1616,13.38
8648,20250410,9,4,187.72,1415,13.27
8649,20250410,10,3,109.5,1028,10.65
8650,20250410,11,4,457.77,1135,40.33
8651,20250410,13,3,273.47,1665,16.42
8652,20250410,14,4,347.81,1350,25.76
8653,20250410,15,2,223.53,1702,13.13
8654,20250411,8,9,763.71,1364,55.99
8655,20250411,10,2,455.76,1029,44.29
8656,20250411,11,1,213.85,1603,13.34
8657,20250411,12,2,89.03999999999999,1402,6.35
8658,20250411,13,2,160.11,1462,10.95
8659,20250411,14,5,738.4200000000001,998,73.99
8660,20250411,15,3,284.95,1067,26.71
8661,20250411,16,1,10.14,1395,0.73
8662,20250414,8,4,415.31,1088,38.17
8663,20250414,9,2,634.71,1743,36.41
8664,20250414,10,4,257.65,680,37.89
8665,20250414,11,2,158.1,1194,13.24
8666,20250414,12,2,79.18,1646,4.81
8667,20250414,14,1,55.23,1614,3.42
8668,20250414,15,2,158.86,942,16.86
8669,20250414,16,3,183.1,638,28.7
8670,20250414,17,1,29.8,1178,2.53
8671,20250415,8,5,508.2,1281,39.67
8672,20250415,9,3,200.96,714,28.15
8673,20250415,10,3,386.14,652,59.22
8674,20250415,11,2,381.07,1239,30.76
8675,20250415,12,2,142.2,925,15.37
8676,20250415,13,1,223.46,880,25.39
8677,20250415,14,1,96.91,1679,5.77
8678,20250415,15,1,196.49,1252,15.69
8679,20250415,16,1,62.24,1059,5.88
8680,20250415,17,1,712.03,1609,44.25
8681,20250416,8,1,50.02,1094,4.57
8682,20250416,9,3,306.28,1305,23.47
8683,20250416,10,1,22.73,1531,1.48
8684,20250416,11,2,259.11,848,30.56
8685,20250416,12,4,367.19,1284,28.6
8686,20250416,13,1,124.88,830,15.05
8687,20250416,14,2,144.28,1601,9.01
8688,20250416,15,4,316.56,1598,19.81
8689,20250416,16,1,104.37,980,10.65
8690,20250417,8,2,188.38,1431,13.16
8691,20250417,9,2,146.84,1754,8.37
8692,20250417,10,4,260.18,1710,15.22
8693,20250417,11,3,205.46,977,21.03
8694,20250417,12,4,405.8,1548,26.21
8695,20250417,13,1,76.67,1590,4.82
8696,20250417,14,2,84.81,902,9.4
8697,20250417,15,4,460.9,1363,33.82
8698,20250417,16,4,216.37,912,23.72
8699,20250418,8,4,351.32,1288,27.28
8700,20250418,10,1,10.65,1108,0.96
8701,20250418,11,4,423.06,1257,33.66
8702,20250418,12,2,358.72,1145,31.33
8703,20250418,14,3,300.14,751,39.97
8704,20250418,15,5,304.44,1009,30.17
8705,20250418,16,4,399.92,645,62.0
8706,20250418,17,1,65.06,683,9.53
8707,20250421,8,3,359.51,1281,28.06
8708,20250421,9,1,65.85,1236,5.33
8709,20250421,10,2,166.11,883,18.81
8710,20250421,11,2,325.82,1245,26.17
8711,20250421,12,1,59.46,773,7.69
8712,20250421,13,4,637.64,1138,56.03
8713,20250421,14,4,274.96,1083,25.39
8714,20250421,15,1,15.35,1713,0.9
8715,20250421,16,2,94.48,1700,5.56
8716,20250422,8,3,248.98,1156,21.54
8717,20250422,9,7,828.72,1314,63.07
8718,20250422,10,7,749.38,1593,47.04
8719,20250422,11,3,117.73,1721,6.84
8720,20250422,12,2,73.94,1782,4.15
8721,20250422,13,3,172.34,705,24.45
8722,20250422,14,2,190.04,941,20.2
8723,20250422,15,6,554.01,792,69.95
8724,20250422,16,1,73.03,1525,4.79
8725,20250422,17,2,491.61,1322,37.19
8726,20250423,8,4,402.91,678,59.43
8727,20250423,9,1,88.42999999999999,1581,5.59
8728,20250423,10,2,136.11,1417,9.61
8729,20250423,11,2,160.07,1546,10.35
8730,20250423,13,2,168.91,1432,11.8
8731,20250423,14,2,79.55,631,12.61
8732,20250423,15,4,343.5,667,51.5
8733,20250423,17,1,56.48,1753,3.22
8734,20250424,8,5,327.35,1141,28.69
8735,20250424,9,4,349.97,1008,34.72
8736,20250424,10,4,238.03,1179,20.19
8737,20250424,11,3,680.08,960,70.84
8738,20250424,12,2,290.26,1044,27.8
8739,20250424,13,2,129.88,1710,7.6
8740,20250424,15,2,123.2,1002,12.3
8741,20250424,16,5,310.81,1660,18.72
8742,20250425,8,4,436.96,1587,27.53
8743,20250425,9,2,194.93,1203,16.2
8744,20250425,10,5,441.27,803,54.95
8745,20250425,11,3,209.68,1104,18.99
8746,20250425,13,2,60.400000000000006,1652,3.66
8747,20250425,14,3,279.67,1426,19.61
8748,20250425,15,5,691.6600000000001,1343,51.5
8749,20250425,16,2,232.19,1737,13.37
8750,20250425,17,2,325.65,1646,19.78
8751,20250428,8,4,318.79,774,41.19
8752,20250428,9,4,423.5,614,68.97
8753,20250428,10,2,152.93,1226,12.47
8754,20250428,11,1,57.46,684,8.4
8755,20250428,12,4,183.42,1310,14.0
8756,20250428,13,2,224.91000000000005,1306,17.22
8757,20250428,15,8,570.67,1436,39.74
8758,20250428,16,2,155.7,1129,13.79
8759,20250429,8,1,96.47,728,13.25
8760,20250429,9,2,696.05,1525,45.64
8761,20250429,10,3,415.89,1740,23.9
8762,20250429,11,2,286.16,912,31.38
8763,20250429,12,2,546.55,1012,54.01
8764,20250429,13,1,41.2,646,6.38
8765,20250429,14,3,208.76,928,22.5
8766,20250429,15,4,576.8,607,95.02
8767,20250429,16,3,466.51,691,67.51
8768,20250429,17,1,433.58,1755,24.71
8769,20250430,8,6,508.62,629,80.86
8770,20250430,9,5,594.82,731,81.37
8771,20250430,10,4,479.17,706,67.87
8772,20250430,11,2,253.0,697,36.3
8773,20250430,12,5,817.8399999999999,688,118.87
8774,20250430,13,3,372.51,1383,26.93
8775,20250430,14,2,174.36,1654,10.54
8776,20250430,15,8,609.91,1371,44.49
8777,20250430,16,2,328.1,729,45.01
8778,20250430,17,1,40.39,733,5.51
8779,20250502,8,3,185.98,630,29.52
8780,20250502,9,7,854.93,1050,81.42
8781,20250502,10,3,223.88,802,27.92
8782,20250502,11,5,385.81,702,54.96
8783,20250502,12,1,161.73,817,19.8
8784,20250502,13,2,413.86,1267,32.66
8785,20250502,14,3,170.18,1442,11.8
8786,20250502,15,2,106.82,913,11.7
8787,20250502,16,3,399.02,1156,34.52
8788,20250505,8,5,379.39,1548,24.51
8789,20250505,9,2,69.06,986,7.0
8790,20250505,10,1,38.75,1515,2.56
8791,20250505,11,2,140.0,789,17.74
8792,20250505,12,1,73.66,897,8.21
8793,20250505,13,4,335.41,1632,20.55
8794,20250505,14,4,370.91,1661,22.33
8795,20250505,15,4,353.5,686,51.53
8796,20250505,16,1,58.94,708,8.32
8797,20250505,17,1,38.52,957,4.03
8798,20250506,8,5,217.24,1421,15.29
8799,20250506,9,3,205.22,1399,14.67
8800,20250506,10,1,62.59,1730,3.62
8801,20250506,11,7,839.03,992,84.58
8802,20250506,12,6,388.32,1516,25.61
8803,20250506,13,4,459.57,1680,27.36
8804,20250506,14,2,276.82,996,27.79
8805,20250506,15,1,122.48,1531,8.0
8806,20250506,16,3,341.99,709,48.24
8807,20250507,8,3,98.87,1425,6.94
8808,20250507,9,1,27.69,1100,2.52
8809,20250507,10,5,669.42,899,74.46
8810,20250507,11,2,520.44,767,67.85
8811,20250507,12,5,418.67,1483,28.23
8812,20250507,13,2,269.06,1682,16.0
8813,20250507,14,2,210.65,1625,12.96
8814,20250507,15,5,310.44,986,31.48
8815,20250507,16,2,159.89,1307,12.23
8816,20250508,8,3,563.71,945,59.65
8817,20250508,9,3,102.26,996,10.27
8818,20250508,10,1,38.52,1494,2.58
8819,20250508,11,2,233.08,1377,16.93
8820,20250508,12,6,442.57,1488,29.74
8821,20250508,13,5,453.73,1002,45.28
8822,20250508,14,2,501.41,899,55.77
8823,20250508,15,4,194.54,1482,13.13
8824,20250508,16,2,297.58,1675,17.77
8825,20250509,8,4,600.98,1021,58.86
8826,20250509,9,4,282.19,1770,15.94
8827,20250509,11,5,448.63,1122,39.98
8828,20250509,12,2,89.35,1558,5.73
8829,20250509,13,1,96.27,729,13.21
8830,20250509,14,1,216.34,998,21.68
8831,20250509,15,2,350.41,1257,27.88
8832,20250509,16,3,509.29,1503,33.88
8833,20250512,8,5,465.87,1499,31.08
8834,20250512,9,1,48.29,1206,4.0
8835,20250512,11,3,129.6,1716,7.55
8836,20250512,12,3,461.25,787,58.61
8837,20250512,14,1,178.15,879,20.27
8838,20250512,15,2,123.95,1172,10.58
8839,20250512,17,2,212.24,681,31.17
8840,20250513,8,1,26.46,1109,2.39
8841,20250513,9,1,26.28,1612,1.63
8842,20250513,10,3,261.78,1053,24.86
8843,20250513,11,1,70.99,1038,6.84
8844,20250513,12,3,137.73,1044,13.19
8845,20250513,13,3,212.04,1558,13.61
8846,20250513,14,3,320.16,630,50.82
8847,20250513,15,2,195.32,795,24.57
8848,20250513,16,1,55.24,1558,3.55
8849,20250513,17,1,91.89,781,11.77
8850,20250514,8,5,382.68,1249,30.64
8851,20250514,9,3,252.73,1796,14.07
8852,20250514,10,5,233.98,805,29.07
8853,20250514,11,2,184.08,1046,17.6
8854,20250514,12,6,475.75,777,61.23
8855,20250514,13,2,238.8,1306,18.28
8856,20250514,14,1,315.94,1144,27.62
8857,20250514,15,2,81.27,1790,4.54
8858,20250514,17,2,219.14,1146,19.12
8859,20250515,9,2,348.88,1399,24.94
8860,20250515,10,3,534.1700000000001,1217,43.89
8861,20250515,11,2,537.92,1107,48.59
8862,20250515,13,1,117.51,1721,6.83
8863,20250515,14,5,453.08,1562,29.01
8864,20250515,15,4,504.33,1524,33.09
8865,20250515,17,1,70.69999999999999,1566,4.51
8866,20250516,8,1,170.59,1565,10.9
8867,20250516,9,4,225.54,1052,21.44
8868,20250516,10,2,73.25,815,8.99
8869,20250516,11,4,224.51,960,23.39
8870,20250516,12,3,115.33,1144,10.08
8871,20250516,13,4,461.32,1383,33.36
8872,20250516,14,2,157.94,1018,15.51
8873,20250516,15,3,405.78,1183,34.3
8874,20250516,16,2,158.38,1042,15.2
8875,20250516,17,2,257.08,1383,18.59
8876,20250519,8,3,802.3,1725,46.51
8877,20250519,9,2,253.72,807,31.44
8878,20250519,10,4,237.48,1603,14.81
8879,20250519,11,4,566.7,1026,55.23
8880,20250519,12,1,58.89,1739,3.39
8881,20250519,14,3,377.46,1530,24.67
8882,20250519,15,4,860.95,922,93.38
8883,20250519,17,1,97.2,1612,6.03
8884,20250520,8,7,852.11,1250,68.17
8885,20250520,9,4,316.76,1720,18.42
8886,20250520,10,3,140.93,865,16.29
8887,20250520,11,4,750.48,1519,49.41
8888,20250520,12,5,456.62,1572,29.05
8889,20250520,14,3,218.05,1017,21.44
8890,20250520,15,4,389.96,755,51.65
8891,20250520,17,1,216.67,1238,17.5
8892,20250521,8,2,111.32,1224,9.09
8893,20250521,9,3,805.0500000000001,1506,53.46
8894,20250521,10,5,305.35,1734,17.61
8895,20250521,11,4,481.62,880,54.73
8896,20250521,12,1,53.2,1528,3.48
8897,20250521,13,3,295.61,1287,22.97
8898,20250521,14,3,222.21,627,35.44
8899,20250521,15,1,49.45,1118,4.42
8900,20250521,16,1,166.39999999999998,1158,14.37
8901,20250522,8,3,159.98000000000002,1518,10.54
8902,20250522,9,3,1452.18,750,193.62
8903,20250522,10,5,489.62,1523,32.15
8904,20250522,11,1,52.41,1022,5.13
8905,20250522,12,4,597.43,1529,39.07
8906,20250522,13,3,240.38,1532,15.69
8907,20250522,14,4,710.23,1088,65.28
8908,20250522,15,3,240.43,817,29.43
8909,20250522,16,1,47.79,1672,2.86
8910,20250523,8,3,380.33,1168,32.56
8911,20250523,9,3,209.48,1722,12.16
8912,20250523,10,5,346.33,666,52.0
8913,20250523,11,2,141.0,1127,12.51
8914,20250523,12,3,164.76,1618,10.18
8915,20250523,13,1,106.92,1614,6.62
8916,20250523,14,1,328.47,1698,19.34
8917,20250523,15,2,495.95,1120,44.28
8918,20250523,16,2,468.31,1595,29.36
8919,20250526,8,4,292.44,815,35.88
8920,20250526,9,4,945.85,1693,55.87
8921,20250526,10,7,668.36,638,104.76
8922,20250526,11,4,413.4500000000001,1295,31.93
8923,20250526,12,3,137.37,1274,10.78
8924,20250526,13,1,36.03,993,3.63
8925,20250526,14,3,250.79,1205,20.81
8926,20250526,15,3,450.13,937,48.04
8927,20250526,16,1,54.98,1067,5.15
8928,20250527,8,6,607.14,1291,47.03
8929,20250527,9,1,220.46,1619,13.62
8930,20250527,10,2,232.34,1594,14.58
8931,20250527,11,1,47.93,771,6.22
8932,20250527,12,3,431.87,949,45.51
8933,20250527,15,5,988.67,1414,69.92
8934,20250527,16,3,186.75,1736,10.76
8935,20250528,8,3,240.77,1686,14.28
8936,20250528,10,1,145.08,1311,11.07
8937,20250528,11,1,27.42,1488,1.84
8938,20250528,12,2,191.45,1279,14.97
8939,20250528,13,2,198.88,1796,11.07
8940,20250528,14,4,341.52,934,36.57
8941,20250528,15,1,161.34,934,17.27
8942,20250528,16,4,288.73,1559,18.52
8943,20250529,8,1,124.73,934,13.35
8944,20250529,9,3,442.94,1491,29.71
8945,20250529,10,3,306.47,1036,29.58
8946,20250529,11,1,25.4,1511,1.68
8947,20250529,12,3,445.58,1726,25.82
8948,20250529,13,2,100.77,1647,6.12
8949,20250529,14,2,193.64,1492,12.98
8950,20250529,15,3,570.23,1320,43.2
8951,20250529,16,1,69.6,857,8.12
8952,20250529,17,1,219.4,1523,14.41
8953,20250530,9,6,563.39,1709,32.97
8954,20250530,10,2,82.53,1509,5.47
8955,20250530,11,2,176.05,1423,12.37
8956,20250530,12,5,615.73,1742,35.35
8957,20250530,13,1,129.89,1207,10.76
8958,20250530,14,1,105.82,1237,8.55
8959,20250530,15,2,159.34,1455,10.95
8960,20250530,16,1,125.2,1015,12.33
8961,20250602,8,3,205.5,1376,14.93
8962,20250602,9,9,1192.82,1034,115.36
8963,20250602,10,3,301.95,857,35.23
8964,20250602,11,3,403.73,1755,23.0
8965,20250602,12,2,138.93,1026,13.54
8966,20250602,13,4,305.51,607,50.33
8967,20250602,14,1,136.97,1501,9.13
8968,20250602,15,3,208.9,1717,12.17
8969,20250602,16,2,121.74,1231,9.89
8970,20250603,8,2,108.45,1692,6.41
8971,20250603,9,2,402.46,855,47.07
8972,20250603,11,1,192.35,1096,17.55
8973,20250603,12,2,101.92,737,13.83
8974,20250603,14,2,77.27,794,9.73
8975,20250603,15,3,160.25,971,16.5
8976,20250604,8,3,526.89,1528,34.48
8977,20250604,9,5,729.62,1250,58.37
8978,20250604,10,1,40.59,630,6.44
8979,20250604,11,3,111.68,1716,6.51
8980,20250604,12,2,95.04,898,10.58
8981,20250604,13,2,116.72,1712,6.82
8982,20250604,14,2,215.04,1708,12.59
8983,20250604,15,1,49.5,653,7.58
8984,20250604,16,1,118.08,802,14.72
8985,20250605,8,3,352.55,1790,19.7
8986,20250605,9,1,126.08,1406,8.97
8987,20250605,10,6,756.31,1240,60.99
8988,20250605,11,5,392.86,1765,22.26
8989,20250605,12,2,107.14,1122,9.55
8990,20250605,14,6,713.86,1544,46.23
8991,20250605,15,4,743.64,1370,54.28
8992,20250606,8,3,159.32999999999998,1288,12.37
8993,20250606,9,4,503.35,1190,42.3
8994,20250606,10,2,166.01999999999998,1054,15.75
8995,20250606,12,1,20.55,1499,1.37
8996,20250606,13,5,500.8,1124,44.56
8997,20250606,14,5,268.8,1357,19.81
8998,20250606,15,2,67.16,1705,3.94
8999,20250606,16,1,158.57999999999998,792,20.02
9000,20250606,17,1,173.67000000000002,987,17.6
9001,20250609,8,3,213.41,1063,20.08
9002,20250609,9,5,1397.95,1199,116.59
9003,20250609,10,2,65.54,1021,6.42
9004,20250609,11,7,883.97,1086,81.4
9005,20250609,12,4,262.35,808,32.47
9006,20250609,13,1,54.24,977,5.55
9007,20250609,14,2,295.85,650,45.52
9008,20250609,15,1,108.96,936,11.64
9009,20250609,16,1,30.54,1255,2.43
9010,20250610,8,2,258.1,881,29.3
9011,20250610,9,2,102.68,1136,9.04
9012,20250610,10,2,142.95,903,15.83
9013,20250610,11,3,640.7,1255,51.05
9014,20250610,12,3,160.57,1660,9.67
9015,20250610,13,2,195.35,1415,13.81
9016,20250610,14,4,192.32,1171,16.42
9017,20250610,15,2,490.46,1046,46.89
9018,20250610,16,3,387.81,1104,35.13
9019,20250611,8,3,149.15,956,15.6
9020,20250611,10,6,459.01,1739,26.4
9021,20250611,11,5,631.95,1141,55.39
9022,20250611,12,4,432.73,931,46.48
9023,20250611,13,1,59.1,1244,4.75
9024,20250611,14,2,331.36,1799,18.42
9025,20250611,15,4,497.05,1517,32.77
9026,20250612,8,10,718.44,1486,48.35
9027,20250612,9,3,501.46,623,80.49
9028,20250612,10,1,20.52,1137,1.8
9029,20250612,11,3,121.92,642,18.99
9030,20250612,12,5,290.44,1343,21.63
9031,20250612,13,4,423.72,1711,24.76
9032,20250612,14,2,206.91000000000005,1603,12.91
9033,20250612,15,2,224.65,1723,13.04
9034,20250613,8,4,422.93,1093,38.69
9035,20250613,9,3,256.98,1800,14.28
9036,20250613,10,5,474.73,646,73.49
9037,20250613,11,2,95.73,1734,5.52
9038,20250613,12,5,278.0,1793,15.5
9039,20250613,13,1,63.41,1431,4.43
9040,20250613,14,1,71.22,1562,4.56
9041,20250613,15,4,235.2,1265,18.59
9042,20250613,16,4,255.74,1098,23.29
9043,20250616,8,4,231.97,795,29.18
9044,20250616,9,2,166.26,1650,10.08
9045,20250616,10,1,39.45,1550,2.55
9046,20250616,11,2,48.98,1762,2.78
9047,20250616,13,2,76.9,663,11.6
9048,20250616,14,1,97.82,743,13.17
9049,20250616,15,3,386.48,625,61.84
9050,20250616,16,2,173.03,685,25.26
9051,20250617,8,9,1028.86,1623,63.39
9052,20250617,9,1,48.0,1221,3.93
9053,20250617,10,2,77.44,1565,4.95
9054,20250617,11,3,405.89,1139,35.64
9055,20250617,12,2,165.36,1231,13.43
9056,20250617,14,1,113.38,1016,11.16
9057,20250617,15,7,491.65,1738,28.29
9058,20250617,16,5,447.73,1401,31.96
9059,20250617,17,1,105.18,1192,8.82
9060,20250618,8,3,287.04,937,30.63
9061,20250618,9,1,172.01,624,27.57
9062,20250618,10,5,539.5899999999999,1722,31.34
9063,20250618,11,2,215.9,862,25.05
9064,20250618,12,5,585.46,1033,56.68
9065,20250618,13,4,151.53,1624,9.33
9066,20250618,14,7,600.49,967,62.1
9067,20250618,15,8,1133.44,1008,112.44
9068,20250618,16,5,847.01,1608,52.67
9069,20250618,17,1,51.400000000000006,1318,3.9
9070,20250619,8,5,145.95,1051,13.89
9071,20250619,9,5,614.04,873,70.34
9072,20250619,10,3,148.86,1249,11.92
9073,20250619,11,3,177.53,942,18.85
9074,20250619,12,5,425.57,1068,39.85
9075,20250619,13,4,774.01,1046,74.0
9076,20250619,14,1,98.74,1584,6.23
9077,20250619,15,4,354.16,1164,30.43
9078,20250619,17,1,283.57,1417,20.01
9079,20250620,8,2,99.14,1458,6.8
9080,20250620,9,2,231.39,1236,18.72
9081,20250620,10,1,52.86,1303,4.06
9082,20250620,11,4,209.65,846,24.78
9083,20250620,12,3,182.31,1316,13.85
9084,20250620,13,2,168.38,1708,9.86
9085,20250620,14,1,48.13,1640,2.93
9086,20250620,15,4,358.68,1504,23.85
9087,20250620,16,2,763.51,941,81.14
9088,20250620,17,2,101.29,1515,6.69
9089,20250623,8,3,243.41,1010,24.1
9090,20250623,9,6,800.63,1403,57.07
9091,20250623,10,3,684.98,1436,47.7
9092,20250623,11,2,332.68,618,53.83
9093,20250623,12,4,708.02,1370,51.68
9094,20250623,13,1,86.47,1204,7.18
9095,20250623,14,3,83.27,969,8.59
9096,20250623,15,5,435.5,1441,30.22
9097,20250623,17,1,72.62,1494,4.86
9098,20250624,8,3,149.55,1027,14.56
9099,20250624,9,3,154.59,1687,9.16
9100,20250624,10,3,135.36,1262,10.73
9101,20250624,11,1,90.17,775,11.63
9102,20250624,13,1,0.0,870,0.0
9103,20250624,14,2,104.69,654,16.01
9104,20250624,15,5,545.6,795,68.63
9105,20250624,16,1,51.48,622,8.28
9106,20250625,8,5,551.41,1471,37.49
9107,20250625,9,4,302.65,1013,29.88
9108,20250625,10,4,174.09,650,26.78
9109,20250625,11,7,1011.33,815,124.09
9110,20250625,12,3,297.87,1773,16.8
9111,20250625,13,1,65.55,834,7.86
9112,20250625,14,1,22.77,1505,1.51
9113,20250625,15,4,349.12,1310,26.65
9114,20250625,16,2,245.7,1442,17.04
9115,20250625,17,1,85.53,770,11.11
9116,20250626,8,2,120.32,1159,10.38
9117,20250626,9,2,186.61,849,21.98
9118,20250626,10,3,215.73,1207,17.87
9119,20250626,11,4,325.89,1198,27.2
9120,20250626,12,7,666.77,1017,65.56
9121,20250626,13,2,190.34,1306,14.57
9122,20250626,14,2,486.13,1148,42.35
9123,20250626,15,4,697.4100000000001,1179,59.15
9124,20250626,16,6,521.6899999999999,1549,33.68
9125,20250626,17,1,19.47,1150,1.69
9126,20250627,8,1,77.88999999999999,869,8.96
9127,20250627,9,2,483.39,893,54.13
9128,20250627,10,5,388.2,652,59.54
9129,20250627,11,1,30.14,1755,1.72
9130,20250627,12,5,310.65000000000003,861,36.08
9131,20250627,13,1,67.1,1080,6.21
9132,20250627,14,4,414.24,1727,23.99
9133,20250627,15,2,154.82,739,20.95
9134,20250627,17,1,45.68,1017,4.49
9135,20250630,8,4,556.7,976,57.04
9136,20250630,9,4,325.05,1685,19.29
9137,20250630,10,4,197.25,697,28.3
9138,20250630,11,1,168.95,918,18.4
9139,20250630,13,4,574.4399999999999,907,63.33
9140,20250630,15,3,172.42,1027,16.79
9141,20250630,16,1,335.28,1025,32.71
9142,20250701,8,3,905.0,1639,55.22
9143,20250701,9,4,212.38,1556,13.65
9144,20250701,10,5,512.78,822,62.38
9145,20250701,11,1,93.73,1340,6.99
9146,20250701,12,5,518.58,648,80.03
9147,20250701,13,2,205.92,1698,12.13
9148,20250701,14,3,303.76,1569,19.36
9149,20250701,15,1,24.6,1686,1.46
9150,20250701,16,2,89.82,1618,5.55
9151,20250701,17,1,115.83,1417,8.17
9152,20250702,8,5,229.43,627,36.59
9153,20250702,9,1,93.07,1624,5.73
9154,20250702,10,2,125.18,1309,9.56
9155,20250702,11,2,104.18,1155,9.02
9156,20250702,12,2,173.39,708,24.49
9157,20250702,13,4,177.7,822,21.62
9158,20250702,14,3,414.08,1325,31.25
9159,20250702,15,3,292.97,1052,27.85
9160,20250702,16,1,90.07,690,13.05
9161,20250702,17,1,50.06999999999999,747,6.7
9162,20250703,8,4,382.17,713,53.6
9163,20250703,9,2,100.8,1737,5.8
9164,20250703,10,2,156.18,930,16.79
9165,20250703,11,2,462.19,1436,32.19
9166,20250703,12,5,676.66,1480,45.72
9167,20250703,13,3,369.89,1662,22.26
9168,20250703,14,2,118.75,901,13.18
9169,20250703,15,5,242.06,972,24.9
9170,20250703,16,1,30.4,1705,1.78
9171,20250703,17,1,130.51,600,21.75
9172,20250704,8,6,408.5,1752,23.32
9173,20250704,9,3,149.86,773,19.39
9174,20250704,10,1,39.08,1064,3.67
9175,20250704,11,1,5.7,1355,0.42
9176,20250704,12,3,234.21,1716,13.65
9177,20250704,13,2,80.01,1658,4.83
9178,20250704,14,1,212.52,1608,13.22
9179,20250704,15,3,191.8,1126,17.03
9180,20250704,16,4,377.55,1167,32.35
9181,20250704,17,2,68.27,603,11.32
9182,20250707,8,3,385.4,1702,22.64
9183,20250707,9,2,42.61,1255,3.4
9184,20250707,10,2,114.48,1660,6.9
9185,20250707,11,1,72.28,1032,7.0
9186,20250707,12,4,267.46,1618,16.53
9187,20250707,14,5,269.65,1584,17.02
9188,20250707,15,2,142.28,618,23.02
9189,20250707,16,1,48.43,1054,4.59
9190,20250708,8,4,312.17,1198,26.06
9191,20250708,9,3,279.14,1551,18.0
9192,20250708,10,2,155.73000000000002,924,16.85
9193,20250708,11,6,465.35,1467,31.72
9194,20250708,12,3,144.09,736,19.58
9195,20250708,13,1,73.28999999999999,1155,6.35
9196,20250708,14,5,582.36,1092,53.33
9197,20250708,15,5,618.39,1582,39.09
9198,20250708,16,3,250.79,1326,18.91
9199,20250709,8,5,386.68,1335,28.96
9200,20250709,9,1,11.88,907,1.31
9201,20250709,10,2,56.63,1751,3.23
9202,20250709,11,1,42.77,1396,3.06
9203,20250709,12,1,11.76,1109,1.06
9204,20250709,13,3,106.85,1409,7.58
9205,20250709,14,4,734.83,678,108.38
9206,20250709,15,4,802.3,1283,62.53
9207,20250709,17,1,81.7,912,8.96
9208,20250710,8,5,377.83,1234,30.62
9209,20250710,9,2,83.97,1356,6.19
9210,20250710,10,4,827.89,1230,67.31
9211,20250710,11,4,197.24,1235,15.97
9212,20250710,12,1,67.19,946,7.1
9213,20250710,13,2,102.26,1041,9.82
9214,20250710,14,2,79.4,1337,5.94
9215,20250710,15,3,252.01,1630,15.46
9216,20250710,16,1,45.47,608,7.48
9217,20250710,17,1,70.34,1140,6.17
9218,20250711,8,5,384.19,1263,30.42
9219,20250711,9,1,17.4,1691,1.03
9220,20250711,10,3,167.16,1425,11.73
9221,20250711,11,2,61.89,1703,3.63
9222,20250711,13,1,128.57999999999998,618,20.81
9223,20250711,14,1,28.18,700,4.03
9224,20250711,15,4,461.35,693,66.57
9225,20250711,16,3,269.79,1373,19.65
9226,20250711,17,1,45.36,1363,3.33
9227,20250714,8,5,338.62,853,39.7
9228,20250714,9,2,332.44,1537,21.63
9229,20250714,10,7,497.47,1521,32.71
9230,20250714,11,3,215.72,1739,12.4
9231,20250714,12,1,30.48,1314,2.32
9232,20250714,13,3,236.38,721,32.79
9233,20250714,14,1,36.44,1348,2.7
9234,20250714,15,3,519.39,1000,51.94
9235,20250714,16,4,156.31,928,16.84
9236,20250714,17,1,102.24,688,14.86
9237,20250715,8,5,389.82,882,44.2
9238,20250715,9,2,129.88,643,20.2
9239,20250715,10,2,175.05,641,27.31
9240,20250715,12,1,66.0,870,7.59
9241,20250715,13,1,40.59,1640,2.48
9242,20250715,14,1,402.01,1047,38.4
9243,20250715,15,3,384.46,961,40.01
9244,20250715,17,1,125.45,963,13.03
9245,20250716,8,6,639.83,1470,43.53
9246,20250716,9,2,112.88,1488,7.59
9247,20250716,10,2,121.17,1200,10.1
9248,20250716,11,2,265.2,1067,24.85
9249,20250716,12,2,126.44,752,16.81
9250,20250716,14,1,15.35,1024,1.5
9251,20250716,15,7,833.93,1572,53.05
9252,20250716,16,2,110.15,669,16.46
9253,20250717,8,3,203.31,880,23.1
9254,20250717,10,3,298.8,827,36.13
9255,20250717,11,3,158.13,972,16.27
9256,20250717,13,2,159.25,1763,9.03
9257,20250717,14,8,821.64,698,117.71
9258,20250717,15,3,181.17,1756,10.32
9259,20250717,16,3,196.62,618,31.82
9260,20250717,17,2,146.19,1545,9.46
9261,20250718,8,4,772.95,728,106.17
9262,20250718,9,1,189.09,937,20.18
9263,20250718,10,5,305.09000000000003,977,31.23
9264,20250718,11,2,158.91,678,23.44
9265,20250718,12,1,108.95,1708,6.38
9266,20250718,13,4,247.09,815,30.32
9267,20250718,14,1,64.74000000000001,695,9.32
9268,20250718,15,1,63.620000000000005,654,9.73
9269,20250718,16,4,135.38,1167,11.6
9270,20250718,17,1,2.44,1717,0.14
9271,20250721,8,2,118.16,1248,9.47
9272,20250721,9,2,190.1,1090,17.44
9273,20250721,10,2,192.14,1074,17.89
9274,20250721,11,1,428.33,1563,27.4
9275,20250721,12,5,235.11,747,31.47
9276,20250721,13,3,581.28,832,69.87
9277,20250721,15,6,326.56,1260,25.92
9278,20250721,16,1,47.69,648,7.36
9279,20250722,8,6,759.12,1088,69.77
9280,20250722,9,3,204.11,698,29.24
9281,20250722,10,3,213.18,806,26.45
9282,20250722,11,6,563.3199999999999,932,60.44
9283,20250722,12,4,394.68,1058,37.3
9284,20250722,13,1,44.14,1084,4.07
9285,20250722,14,3,81.48,1025,7.95
9286,20250722,15,2,54.66,1075,5.08
9287,20250722,16,3,216.23,983,22.0
9288,20250723,8,6,193.71,994,19.49
9289,20250723,9,3,278.83,1276,21.85
9290,20250723,10,4,218.99,913,23.99
9291,20250723,11,4,711.5899999999999,957,74.36
9292,20250723,12,2,188.02,1327,14.17
9293,20250723,13,3,166.9,1110,15.04
9294,20250723,14,4,352.06,894,39.38
9295,20250723,15,10,651.13,841,77.42
9296,20250723,16,2,307.67,844,36.45
9297,20250724,8,4,427.16,1730,24.69
9298,20250724,9,6,463.87,639,72.59
9299,20250724,10,4,252.38,1725,14.63
9300,20250724,11,2,449.96,1797,25.04
9301,20250724,12,2,194.52,1338,14.54
9302,20250724,13,2,67.39,876,7.69
9303,20250724,15,5,1251.73,1484,84.35
9304,20250724,16,1,49.93,1038,4.81
9305,20250725,8,5,612.85,1484,41.3
9306,20250725,9,5,532.45,1498,35.54
9307,20250725,10,2,312.12,1357,23.0
9308,20250725,12,1,51.7,1588,3.26
9309,20250725,13,3,189.97,705,26.95
9310,20250725,14,3,148.25,900,16.47
9311,20250725,15,3,169.2,1532,11.04
9312,20250728,8,3,209.83,1300,16.14
9313,20250728,10,2,152.77,1108,13.79
9314,20250728,11,2,106.98,1528,7.0
9315,20250728,12,1,52.66,945,5.57
9316,20250728,13,1,7.52,629,1.2
9317,20250728,15,5,161.74,1586,10.2
9318,20250729,8,3,108.48,729,14.88
9319,20250729,9,3,272.48,1089,25.02
9320,20250729,10,3,158.14,1117,14.16
9321,20250729,11,4,909.36,1164,78.12
9322,20250729,12,4,254.78,1303,19.55
9323,20250729,15,4,444.77,1269,35.05
9324,20250729,16,2,92.48,1437,6.44
9325,20250730,8,4,410.99,1472,27.92
9326,20250730,10,3,190.4,1341,14.2
9327,20250730,11,3,252.21,1583,15.93
9328,20250730,12,3,181.35,1415,12.82
9329,20250730,13,3,144.63,1444,10.02
9330,20250730,14,4,236.37,709,33.34
9331,20250730,15,3,240.03,1535,15.64
9332,20250730,16,2,180.26,1490,12.1
9333,20250730,17,2,235.56,1178,20.0
9334,20250731,8,1,54.86,1056,5.2
9335,20250731,9,2,252.93,681,37.14
9336,20250731,10,1,38.35,966,3.97
9337,20250731,11,3,491.86,787,62.5
9338,20250731,12,1,64.35,1523,4.23
9339,20250731,13,1,108.3,751,14.42
9340,20250731,15,4,282.15,952,29.64
9341,20250731,16,2,132.59,1123,11.81
9342,20250731,17,3,265.34000000000003,1312,20.22
9343,20250801,8,3,146.52,622,23.56
9344,20250801,9,5,562.41,1634,34.42
9345,20250801,12,1,57.2,1082,5.29
9346,20250801,13,2,353.21,785,44.99
9347,20250801,14,1,40.32,1434,2.81
9348,20250801,15,7,577.84,1067,54.16
9349,20250801,16,1,176.89,1234,14.33
9350,20250801,17,1,42.99,979,4.39
9351,20250804,8,3,281.91,997,28.28
9352,20250804,9,2,79.32000000000001,1087,7.3
9353,20250804,10,2,106.15,1570,6.76
9354,20250804,11,3,119.14,738,16.14
9355,20250804,12,3,198.96,1282,15.52
9356,20250804,13,2,127.12,1688,7.53
9357,20250804,14,2,674.79,984,68.58
9358,20250804,15,5,755.11,1482,50.95
9359,20250804,16,1,47.02,907,5.18
9360,20250804,17,1,18.21,659,2.76
9361,20250805,8,3,232.02,1521,15.25
9362,20250805,9,7,314.58,1163,27.05
9363,20250805,10,1,16.86,831,2.03
9364,20250805,11,3,192.28,1646,11.68
9365,20250805,12,1,63.46,1069,5.94
9366,20250805,14,1,32.55,1703,1.91
9367,20250805,15,3,269.58,878,30.7
9368,20250805,16,1,141.92,1221,11.62
9369,20250805,17,2,192.88,1259,15.32
9370,20250806,8,2,138.14,1338,10.32
9371,20250806,9,3,144.1,1505,9.57
9372,20250806,10,3,252.25,1491,16.92
9373,20250806,11,3,399.32,981,40.71
9374,20250806,12,2,36.78,974,3.78
9375,20250806,13,3,422.05,1168,36.13
9376,20250806,15,6,587.5,1380,42.57
9377,20250806,16,3,185.89,645,28.82
9378,20250806,17,2,237.56,692,34.33
9379,20250807,8,7,517.1,711,72.73
9380,20250807,9,4,607.86,1583,38.4
9381,20250807,10,2,225.58,1492,15.12
9382,20250807,11,5,342.1,1674,20.44
9383,20250807,12,2,142.57,1747,8.16
9384,20250807,13,2,252.79,1115,22.67
9385,20250807,14,2,50.38,1115,4.52
9386,20250807,15,4,683.21,1189,57.46
9387,20250807,16,1,38.26,1313,2.91
9388,20250807,17,1,18.98,1414,1.34
9389,20250808,8,2,160.36,1192,13.45
9390,20250808,9,3,146.57,1210,12.11
9391,20250808,10,3,140.54,1006,13.97
9392,20250808,11,4,540.92,1583,34.17
9393,20250808,12,2,210.27,1234,17.04
9394,20250808,13,1,22.8,1207,1.89
9395,20250808,15,4,301.27,1172,25.71
9396,20250808,16,2,324.58,1222,26.56
9397,20250808,17,1,47.58,1021,4.66
9398,20250811,8,5,1075.19,1340,80.24
9399,20250811,9,3,296.33,1761,16.83
9400,20250811,10,4,365.34,1393,26.23
9401,20250811,11,1,151.4,1656,9.14
9402,20250811,12,2,161.48,1212,13.32
9403,20250811,13,3,176.69,609,29.01
9404,20250811,14,3,118.08,926,12.75
9405,20250811,15,4,222.43,1554,14.31
9406,20250811,16,2,41.46,1764,2.35
9407,20250811,17,1,27.98,1148,2.44
9408,20250812,8,1,33.78,653,5.17
9409,20250812,9,3,224.76,821,27.38
9410,20250812,10,1,48.84,761,6.42
9411,20250812,11,2,254.35,1184,21.48
9412,20250812,12,2,97.49,1101,8.85
9413,20250812,13,3,198.04,1721,11.51
9414,20250812,14,4,322.23,1064,30.28
9415,20250812,15,5,446.74,1272,35.12
9416,20250812,16,5,559.28,745,75.07
9417,20250812,17,1,63.59,600,10.6
9418,20250813,8,4,359.19,1734,20.71
9419,20250813,9,1,82.42,998,8.26
9420,20250813,10,2,339.76,943,36.03
9421,20250813,11,2,99.04,1524,6.5
9422,20250813,12,3,301.36,1535,19.63
9423,20250813,13,2,450.86,1638,27.53
9424,20250813,14,3,387.36,1230,31.49
9425,20250813,15,3,257.42,1112,23.15
9426,20250813,16,5,416.87,748,55.73
9427,20250813,17,2,85.33,1179,7.24
9428,20250814,8,3,204.92,1050,19.52
9429,20250814,9,5,249.19,1792,13.91
9430,20250814,10,3,413.09,1424,29.01
9431,20250814,12,1,0.0,997,0.0
9432,20250814,13,1,178.25,938,19.0
9433,20250814,14,1,302.93,1139,26.6
9434,20250814,15,2,410.41,1058,38.79
9435,20250814,16,3,367.65,1456,25.25
9436,20250814,17,1,35.2,1001,3.52
9437,20250818,8,5,317.18,1476,21.49
9438,20250818,9,5,231.66,1269,18.26
9439,20250818,10,2,117.58,1752,6.71
9440,20250818,11,1,99.2,946,10.49
9441,20250818,12,2,98.93,1206,8.2
9442,20250818,13,3,508.67,1756,28.97
9443,20250818,14,4,286.1,1533,18.66
9444,20250818,15,8,659.17,1385,47.59
9445,20250818,16,3,283.47,1109,25.56
9446,20250819,8,5,431.09,1305,33.03
9447,20250819,9,4,362.44,602,60.21
9448,20250819,10,1,61.56,913,6.74
9449,20250819,11,3,166.38,1713,9.71
9450,20250819,12,1,39.61,701,5.65
9451,20250819,13,2,227.12,1123,20.22
9452,20250819,14,1,75.0,987,7.6
9453,20250819,15,3,226.55,1701,13.32
9454,20250819,17,2,180.54,645,27.99
9455,20250820,8,4,339.44,817,41.55
9456,20250820,9,3,655.13,901,72.71
9457,20250820,10,4,299.19,1666,17.96
9458,20250820,11,3,477.29,1559,30.62
9459,20250820,12,6,396.08,1455,27.22
9460,20250820,13,4,342.02,775,44.13
9461,20250820,14,3,708.13,1008,70.25
9462,20250820,15,2,70.08,996,7.04
9463,20250820,16,1,48.1,651,7.39
9464,20250820,17,2,62.79,863,7.28
9465,20250821,8,3,171.19,1689,10.14
9466,20250821,9,7,480.47,841,57.13
9467,20250821,11,2,87.97,1700,5.17
9468,20250821,12,1,138.79,1753,7.92
9469,20250821,13,1,96.44,900,10.72
9470,20250821,14,1,52.54,1377,3.82
9471,20250821,15,5,294.97,611,48.28
9472,20250821,16,2,124.0,1788,6.94
9473,20250821,17,1,75.3,1019,7.39
9474,20250822,8,4,301.31,1019,29.57
9475,20250822,9,1,23.68,1512,1.57
9476,20250822,10,5,271.56,1156,23.49
9477,20250822,11,1,57.25,1594,3.59
9478,20250822,12,2,217.14,847,25.64
9479,20250822,13,1,66.4,1478,4.49
9480,20250822,14,1,192.38,1489,12.92
9481,20250822,15,3,214.82,1300,16.52
9482,20250822,17,1,93.86,1340,7.0
9483,20250825,8,3,253.36,944,26.84
9484,20250825,9,3,76.05000000000001,1659,4.58
9485,20250825,10,3,377.76,1116,33.85
9486,20250825,11,2,190.23,1469,12.95
9487,20250825,12,2,105.85,881,12.01
9488,20250825,13,2,290.51000000000005,961,30.23
9489,20250825,15,5,707.27,1256,56.31
9490,20250825,16,5,468.94,1553,30.2
9491,20250826,8,2,67.00999999999999,719,9.32
9492,20250826,9,4,274.29,1765,15.54
9493,20250826,10,3,120.49,836,14.41
9494,20250826,11,5,358.23,1421,25.21
9495,20250826,12,4,265.89,779,34.13
9496,20250826,13,1,18.35,1487,1.23
9497,20250826,14,1,106.07,1348,7.87
9498,20250826,15,5,504.21,1485,33.95
9499,20250826,16,3,184.44,1702,10.84
9500,20250827,8,5,504.36,1254,40.22
9501,20250827,9,3,175.69,880,19.96
9502,20250827,10,3,266.41,1014,26.27
9503,20250827,12,1,42.72,1039,4.11
9504,20250827,13,4,368.26,1764,20.88
9505,20250827,14,3,266.69,1685,15.83
9506,20250827,15,5,460.38,1232,37.37
9507,20250827,16,2,183.45,1438,12.76
9508,20250827,17,3,134.01,1053,12.73
9509,20250828,8,4,327.98,831,39.47
9510,20250828,9,5,366.14,1657,22.1
9511,20250828,11,2,119.77,1154,10.38
9512,20250828,12,2,83.69,895,9.35
9513,20250828,13,4,129.52,1462,8.86
9514,20250828,14,3,359.24,1708,21.03
9515,20250828,15,8,494.48,1204,41.07
9516,20250828,16,3,609.08,676,90.1
9517,20250828,17,1,104.25,1394,7.48
9518,20250829,8,3,179.05,1250,14.32
9519,20250829,9,1,493.46,1744,28.29
9520,20250829,10,6,414.76,850,48.8
9521,20250829,11,4,635.01,731,86.87
9522,20250829,12,3,371.91,998,37.27
9523,20250829,13,1,15.7,1016,1.55
9524,20250829,14,4,649.17,1484,43.74
9525,20250829,15,4,321.76,915,35.17
9526,20250829,16,4,663.61,1209,54.89
9527,20250829,17,1,36.17,1016,3.56
9528,20250901,8,7,562.6800000000001,806,69.81
9529,20250901,9,1,36.83,1776,2.07
9530,20250901,10,1,136.74,1452,9.42
9531,20250901,11,1,84.37,1178,7.16
9532,20250901,12,5,472.15,1054,44.8
9533,20250901,13,1,146.32,847,17.28
9534,20250901,14,1,46.13,1581,2.92
9535,20250901,15,2,236.84,795,29.79
9536,20250901,16,1,41.0,1726,2.38
9537,20250902,8,5,411.21,756,54.39
9538,20250902,9,4,273.52,687,39.81
9539,20250902,10,6,796.59,1373,58.02
9540,20250902,11,2,292.35,1001,29.21
9541,20250902,13,2,142.39,638,22.32
9542,20250902,14,2,31.66,1079,2.93
9543,20250902,15,5,422.36,683,61.84
9544,20250902,16,2,290.58,825,35.22
9545,20250902,17,1,429.9,652,65.94
9546,20250903,8,1,36.13,624,5.79
9547,20250903,9,1,49.73,1271,3.91
9548,20250903,10,1,38.870000000000005,989,3.93
9549,20250903,11,6,766.36,1383,55.41
9550,20250903,13,3,318.23,809,39.34
9551,20250903,14,5,558.3,1598,34.94
9552,20250903,15,2,170.3,1767,9.64
9553,20250903,16,2,50.5,1772,2.85
9554,20250904,8,2,267.87,1329,20.16
9555,20250904,9,4,271.02,1555,17.43
9556,20250904,11,3,274.57,1178,23.31
9557,20250904,12,2,166.65,1088,15.32
9558,20250904,13,3,380.38,1282,29.67
9559,20250904,14,1,83.5,1307,6.39
9560,20250904,15,3,150.62,618,24.37
9561,20250905,8,6,685.15,1655,41.4
9562,20250905,9,4,724.7,1665,43.53
9563,20250905,10,3,354.31,1011,35.05
9564,20250905,11,1,47.88,1501,3.19
9565,20250905,12,2,126.8,842,15.06
9566,20250905,14,2,163.41,679,24.07
9567,20250905,15,2,377.37,1457,25.9
9568,20250905,17,1,15.33,917,1.67
9569,20250908,8,6,716.58,1042,68.77
9570,20250908,9,2,59.5,1482,4.01
9571,20250908,10,7,599.04,1206,49.67
9572,20250908,12,2,61.19,942,6.5
9573,20250908,13,4,546.15,956,57.13
9574,20250908,14,1,105.83,908,11.66
9575,20250908,15,5,644.04,924,69.7
9576,20250909,8,4,554.7,1141,48.62
9577,20250909,9,2,83.17,1383,6.01
9578,20250909,10,4,228.74,1299,17.61
9579,20250909,11,2,205.44,1494,13.75
9580,20250909,12,4,166.84,1577,10.58
9581,20250909,13,2,127.98,719,17.8
9582,20250909,14,3,256.29,894,28.67
9583,20250909,15,3,180.44,1630,11.07
9584,20250909,16,4,513.35,727,70.61
9585,20250909,17,1,46.28,1151,4.02
9586,20250910,9,3,474.38,957,49.57
9587,20250910,10,4,227.49,1487,15.3
9588,20250910,11,1,22.44,789,2.84
9589,20250910,12,1,90.2,1481,6.09
9590,20250910,13,4,266.38,929,28.67
9591,20250910,14,2,212.19,1219,17.41
9592,20250910,16,1,72.38,1523,4.75
9593,20250911,8,1,26.82,1462,1.83
9594,20250911,9,5,385.37,811,47.52
9595,20250911,10,1,186.26,773,24.1
9596,20250911,11,1,105.02,1391,7.55
9597,20250911,13,2,214.65,1066,20.14
9598,20250911,14,1,51.05,1319,3.87
9599,20250911,15,5,551.34,616,89.5
9600,20250911,16,1,44.38,650,6.83
9601,20250912,8,4,352.28,775,45.46
9602,20250912,9,2,97.37,1346,7.23
9603,20250912,10,2,115.58,1069,10.81
9604,20250912,11,2,463.43,751,61.71
9605,20250912,13,3,136.64,1701,8.03
9606,20250912,14,1,52.49,1048,5.01
9607,20250912,15,1,15.04,1741,0.86
9608,20250912,16,3,198.15,932,21.26
9609,20250915,8,4,331.57,1461,22.69
9610,20250915,9,4,477.73,975,49.0
9611,20250915,10,7,703.09,1321,53.22
9612,20250915,11,1,10.14,1293,0.78
9613,20250915,12,3,143.97,721,19.97
9614,20250915,13,2,64.56,714,9.04
9615,20250915,14,1,121.67,778,15.64
9616,20250915,15,8,1174.84,669,175.61
9617,20250915,16,2,148.4,1435,10.34
9618,20250915,17,3,296.05,797,37.15
9619,20250916,8,6,459.94,996,46.18
9620,20250916,9,7,743.5600000000001,997,74.58
9621,20250916,10,3,196.67,1058,18.59
9622,20250916,11,1,58.55,1363,4.3
9623,20250916,12,4,223.04,1199,18.6
9624,20250916,13,4,208.32,1017,20.48
9625,20250916,14,2,302.51,832,36.36
9626,20250916,17,1,30.58,802,3.81
9627,20250917,8,3,423.28,637,66.45
9628,20250917,9,4,877.29,1613,54.39
9629,20250917,10,5,595.8,893,66.72
9630,20250917,11,3,549.21,1226,44.8
9631,20250917,12,4,627.02,966,64.91
9632,20250917,13,3,186.76,1727,10.81
9633,20250917,14,2,232.28,863,26.92
9634,20250917,15,5,781.81,1787,43.75
9635,20250917,17,1,82.39,1573,5.24
9636,20250918,8,4,174.38,667,26.14
9637,20250918,9,2,161.22,841,19.17
9638,20250918,10,4,315.8,1139,27.73
9639,20250918,12,4,176.39999999999998,1315,13.41
9640,20250918,13,3,183.77,939,19.57
9641,20250918,14,4,191.94,819,23.44
9642,20250918,15,2,303.44,1718,17.66
9643,20250918,16,2,99.79,1373,7.27
9644,20250919,8,1,111.52,777,14.35
9645,20250919,9,4,368.31,1426,25.83
9646,20250919,10,3,593.61,1714,34.63
9647,20250919,11,2,111.88,1396,8.01
9648,20250919,12,3,267.28,998,26.78
9649,20250919,13,5,894.44,1532,58.38
9650,20250919,14,1,137.9,1617,8.53
9651,20250919,15,4,957.11,1064,89.95
9652,20250919,16,2,48.72,1414,3.45
9653,20250919,17,1,107.48,1472,7.3
9654,20250922,8,4,374.06,1717,21.79
9655,20250922,9,3,161.85,805,20.11
9656,20250922,10,4,333.88,1275,26.19
9657,20250922,11,1,140.16,1393,10.06
9658,20250922,13,2,89.25,1157,7.71
9659,20250922,14,2,127.51,1165,10.95
9660,20250922,15,3,195.39,969,20.16
9661,20250922,16,2,225.65,1750,12.89
9662,20250922,17,1,316.35,843,37.53
9663,20250923,8,4,242.09,1617,14.97
9664,20250923,9,1,57.02,1511,3.77
9665,20250923,10,2,90.95,1270,7.16
9666,20250923,11,4,389.4,1652,23.57
9667,20250923,12,3,268.58,856,31.38
9668,20250923,13,2,197.42,1119,17.64
9669,20250923,14,1,27.78,1543,1.8
9670,20250923,15,3,365.85,850,43.04
9671,20250923,16,2,128.68,1058,12.16
9672,20250924,8,1,97.13,1323,7.34
9673,20250924,9,3,177.03,905,19.56
9674,20250924,10,4,718.65,983,73.11
9675,20250924,11,3,266.2,915,29.09
9676,20250924,12,1,39.84,1589,2.51
9677,20250924,13,1,79.51,762,10.43
9678,20250924,14,3,87.92,1329,6.62
9679,20250924,15,4,150.13,1787,8.4
9680,20250924,16,1,69.74000000000001,762,9.15
9681,20250925,8,3,370.18,1542,24.01
9682,20250925,9,6,419.12,611,68.6
9683,20250925,10,5,447.55,1796,24.92
9684,20250925,11,6,383.46,971,39.49
9685,20250925,12,2,197.71,1245,15.88
9686,20250925,13,5,487.24,1765,27.61
9687,20250925,15,4,265.18,1637,16.2
9688,20250925,16,3,275.0,1652,16.65
9689,20250925,17,1,268.24,1220,21.99
9690,20250926,8,10,867.79,1163,74.62
9691,20250926,9,4,323.95,1519,21.33
9692,20250926,10,4,198.33,1698,11.68
9693,20250926,11,3,640.54,1434,44.67
9694,20250926,12,2,46.61,1295,3.6
9695,20250926,13,2,166.09,1243,13.36
9696,20250926,14,2,149.4,846,17.66
9697,20250926,15,2,128.03,1368,9.36
9698,20250929,8,2,133.33,1603,8.32
9699,20250929,9,3,138.01,856,16.12
9700,20250929,10,1,144.04,1152,12.5
9701,20250929,11,1,126.12,1653,7.63
9702,20250929,12,2,107.44,1666,6.45
9703,20250929,15,5,459.58,886,51.87
9704,20250929,16,3,670.8299999999999,1394,48.12
9705,20250929,17,1,196.26,1244,15.78
9706,20250930,8,3,165.92000000000002,1000,16.59
9707,20250930,10,3,111.14,1209,9.19
9708,20250930,11,3,285.46,1788,15.97
9709,20250930,13,4,305.29,1119,27.28
9710,20250930,15,2,91.84,899,10.22
9711,20250930,16,2,306.89,1124,27.3
9712,20251001,8,6,677.3199999999999,1593,42.52
9713,20251001,10,3,53.03,1773,2.99
9714,20251001,11,2,295.78,1037,28.52
9715,20251001,12,1,109.17,902,12.1
9716,20251001,13,1,78.07,1744,4.48
9717,20251001,14,1,0.0,1626,0.0
9718,20251001,15,4,795.2,1713,46.42
9719,20251001,16,2,84.47,717,11.78
9720,20251002,8,4,570.38,1546,36.89
9721,20251002,9,3,153.26,1716,8.93
9722,20251002,10,4,205.59,1086,18.93
9723,20251002,13,1,62.81,963,6.52
9724,20251002,14,2,195.5,847,23.08
9725,20251002,15,4,325.69,698,46.66
9726,20251002,16,1,21.3,1454,1.46
9727,20251002,17,2,139.34,877,15.89
9728,20251003,8,2,66.63,971,6.86
9729,20251003,9,2,139.72,1034,13.51
9730,20251003,10,3,544.31,1140,47.75
9731,20251003,11,2,167.82999999999998,1320,12.71
9732,20251003,12,1,112.93,1552,7.28
9733,20251003,13,2,73.15,1411,5.18
9734,20251003,14,2,147.8,616,23.99
9735,20251003,15,8,666.59,1191,55.97
9736,20251003,16,2,236.31,1625,14.54
9737,20251003,17,4,445.79,1426,31.26
9738,20251006,8,2,346.85,1201,28.88
9739,20251006,9,2,221.19,1627,13.59
9740,20251006,10,1,12.3,1265,0.97
9741,20251006,11,3,654.62,1608,40.71
9742,20251006,12,3,121.04,1770,6.84
9743,20251006,13,2,183.08,1217,15.04
9744,20251006,14,5,481.26,690,69.75
9745,20251006,15,10,1409.7,763,184.76
9746,20251006,16,2,252.37,1152,21.91
9747,20251007,8,3,225.88,866,26.08
9748,20251007,9,4,400.0,1329,30.1
9749,20251007,10,3,282.33,1517,18.61
9750,20251007,11,9,522.5600000000001,1061,49.25
9751,20251007,12,3,144.42,1090,13.25
9752,20251007,13,2,195.48,1311,14.91
9753,20251007,15,3,159.73000000000002,1183,13.5
9754,20251007,16,1,135.0,704,19.18
9755,20251007,17,1,170.59,1579,10.8
9756,20251008,8,4,994.16,1610,61.75
9757,20251008,9,2,191.63,1687,11.36
9758,20251008,10,5,759.93,1474,51.56
9759,20251008,11,3,124.69,1400,8.91
9760,20251008,12,1,57.22,1652,3.46
9761,20251008,13,3,224.31,981,22.87
9762,20251008,14,2,194.8,1571,12.4
9763,20251008,15,5,750.27,1140,65.81
9764,20251008,16,4,479.27,622,77.05
9765,20251009,8,2,273.2,1710,15.98
9766,20251009,9,3,172.52,1458,11.83
9767,20251009,10,6,740.45,813,91.08
9768,20251009,11,4,375.15,1300,28.86
9769,20251009,12,2,191.88,724,26.5
9770,20251009,13,3,286.75,938,30.57
9771,20251009,15,4,227.08,1052,21.59
9772,20251009,16,5,421.09,1415,29.76
9773,20251010,8,4,257.56,1493,17.25
9774,20251010,9,6,868.54,1659,52.35
9775,20251010,10,4,486.86,899,54.16
9776,20251010,11,1,61.57,993,6.2
9777,20251010,12,4,540.71,659,82.05
9778,20251010,13,2,241.22,1624,14.85
9779,20251010,14,3,108.2,1728,6.26
9780,20251010,16,2,157.11,1557,10.09
9781,20251010,17,1,89.81,905,9.92
9782,20251013,8,4,220.89,1689,13.08
9783,20251013,9,1,44.21,1454,3.04
9784,20251013,10,2,127.62,1371,9.31
9785,20251013,12,2,227.08,1225,18.54
9786,20251013,15,3,237.23,1005,23.6
9787,20251013,16,3,110.02,1433,7.68
9788,20251013,17,1,79.84,876,9.11
9789,20251014,8,4,515.0,984,52.34
9790,20251014,9,4,190.35,1302,14.62
9791,20251014,10,6,655.28,1443,45.41
9792,20251014,11,2,78.56,1598,4.92
9793,20251014,13,4,303.98,938,32.41
9794,20251014,14,3,236.48,1518,15.58
9795,20251014,15,11,846.3100000000001,1499,56.46
9796,20251014,16,1,95.38,1550,6.15
9797,20251014,17,1,18.42,937,1.97
9798,20251015,8,3,376.86,760,49.59
9799,20251015,9,4,454.99,1290,35.27
9800,20251015,10,1,69.03999999999999,1108,6.23
9801,20251015,11,1,76.44,730,10.47
9802,20251015,12,1,84.6,1701,4.97
9803,20251015,13,2,130.14,1719,7.57
9804,20251015,14,2,177.96,724,24.58
9805,20251015,15,4,282.59000000000003,757,37.33
9806,20251015,16,5,202.02,1100,18.37
9807,20251015,17,1,203.8,1186,17.18
9808,20251016,8,6,561.09,1075,52.19
9809,20251016,9,4,568.9,1532,37.13
9810,20251016,10,6,1037.04,1548,66.99
9811,20251016,12,3,375.38,713,52.65
9812,20251016,13,5,1113.64,1271,87.62
9813,20251016,14,4,496.31,619,80.18
9814,20251016,15,6,1175.68,1651,71.21
9815,20251016,16,5,360.98,1262,28.6
9816,20251017,8,2,176.21,978,18.02
9817,20251017,10,4,130.69,682,19.16
9818,20251017,11,3,142.63,1645,8.67
9819,20251017,12,4,231.16,1483,15.59
9820,20251017,13,2,108.57,1591,6.82
9821,20251017,14,3,260.41,1420,18.34
9822,20251017,15,5,381.36,804,47.43
9823,20251017,16,4,325.09,1317,24.68
9824,20251020,8,11,1316.13,1407,93.54
9825,20251020,9,2,202.19,696,29.05
9826,20251020,10,7,565.13,1551,36.44
9827,20251020,11,5,216.02,817,26.44
9828,20251020,13,1,27.48,638,4.31
9829,20251020,14,5,469.76,1463,32.11
9830,20251020,15,3,298.76,1771,16.87
9831,20251020,16,3,110.91,1675,6.62
9832,20251020,17,2,233.07,643,36.25
9833,20251021,8,5,461.22,1190,38.76
9834,20251021,10,6,824.73,737,111.9
9835,20251021,11,2,385.34,1128,34.16
9836,20251021,12,3,314.89,1413,22.29
9837,20251021,13,3,339.73,709,47.92
9838,20251021,14,1,84.32000000000001,1360,6.2
9839,20251021,15,3,120.06,917,13.09
9840,20251021,16,3,223.14,1179,18.93
9841,20251022,8,2,118.46,1507,7.86
9842,20251022,9,3,323.17,1143,28.27
9843,20251022,10,6,558.02,1595,34.99
9844,20251022,11,2,185.19,1483,12.49
9845,20251022,12,5,388.32,1279,30.36
9846,20251022,13,3,246.39,661,37.28
9847,20251022,14,1,91.22,1046,8.72
9848,20251022,15,5,512.17,960,53.35
9849,20251022,16,1,45.77,862,5.31
9850,20251022,17,2,130.55,1618,8.07
9851,20251023,8,2,140.87,1126,12.51
9852,20251023,9,5,762.34,1033,73.8
9853,20251023,10,2,364.58,728,50.08
9854,20251023,11,2,97.6,961,10.16
9855,20251023,12,3,132.76,911,14.57
9856,20251023,13,1,84.28,948,8.89
9857,20251023,14,2,222.98,702,31.76
9858,20251023,15,4,696.4399999999999,1590,43.8
9859,20251024,8,6,361.11,915,39.47
9860,20251024,9,2,372.65,1429,26.08
9861,20251024,10,5,433.92,1497,28.99
9862,20251024,11,5,647.12,1450,44.63
9863,20251024,12,1,129.94,1776,7.32
9864,20251024,13,3,144.78,782,18.51
9865,20251024,14,2,189.84,740,25.65
9866,20251024,15,6,713.02,820,86.95
9867,20251024,16,1,154.86,1374,11.27
9868,20251027,8,3,286.06,925,30.93
9869,20251027,9,3,337.62,654,51.62
9870,20251027,10,2,645.98,1378,46.88
9871,20251027,11,1,91.21,742,12.29
9872,20251027,12,1,45.42,1605,2.83
9873,20251027,14,3,288.2,1181,24.4
9874,20251027,15,3,334.94,1360,24.63
9875,20251027,16,2,95.79,1329,7.21
9876,20251027,17,3,331.52,1754,18.9
9877,20251028,8,3,87.25999999999999,1254,6.96
9878,20251028,9,1,608.1,721,84.34
9879,20251028,10,3,192.27,1246,15.43
9880,20251028,11,2,154.84,1456,10.63
9881,20251028,12,3,229.72,812,28.29
9882,20251028,13,3,377.13,619,60.93
9883,20251028,14,4,505.01,1066,47.37
9884,20251028,15,3,287.12,1355,21.19
9885,20251028,16,1,35.24,1466,2.4
9886,20251029,8,3,308.56,1458,21.16
9887,20251029,9,3,1043.57,1146,91.06
9888,20251029,10,4,441.87,774,57.09
9889,20251029,11,2,225.76,835,27.04
9890,20251029,12,1,95.36,1719,5.55
9891,20251029,14,3,367.86,1191,30.89
9892,20251029,15,1,16.91,1620,1.04
9893,20251029,16,4,376.42,1017,37.01
9894,20251030,8,3,673.9399999999999,834,80.81
9895,20251030,9,4,428.72,722,59.38
9896,20251030,10,5,442.05,776,56.97
9897,20251030,11,2,212.36,652,32.57
9898,20251030,12,1,230.99,1426,16.2
9899,20251030,13,1,124.08,1294,9.59
9900,20251030,14,5,666.69,1459,45.69
9901,20251030,15,3,158.76,1032,15.38
9902,20251031,8,4,177.39,1715,10.34
9903,20251031,9,2,221.13,1003,22.05
9904,20251031,10,5,382.38,1063,35.97
9905,20251031,11,2,312.83,1638,19.1
9906,20251031,12,2,161.03,1759,9.15
9907,20251031,13,3,309.96000000000004,941,32.94
9908,20251031,14,1,82.44,1308,6.3
9909,20251031,15,2,213.0,1768,12.05
9910,20251031,16,1,157.72,1758,8.97
9911,20251031,17,1,105.51,1732,6.09
9912,20251103,9,2,76.61,1122,6.83
9913,20251103,10,4,1011.52,823,122.91
9914,20251103,11,4,767.34,1412,54.34
9915,20251103,12,3,143.61,1007,14.26
9916,20251103,13,3,266.95,1395,19.14
9917,20251103,14,2,340.45,1733,19.65
9918,20251103,15,4,655.45,1055,62.13
9919,20251103,16,2,284.26,855,33.25
9920,20251104,8,6,584.16,961,60.79
9921,20251104,9,4,277.14,991,27.97
9922,20251104,10,6,499.26,1782,28.02
9923,20251104,11,2,23.94,1103,2.17
9924,20251104,12,5,443.44,1409,31.47
9925,20251104,13,4,639.99,1286,49.77
9926,20251104,15,4,292.65,1328,22.04
9927,20251104,16,2,137.57,1188,11.58
9928,20251105,8,5,376.39,716,52.57
9929,20251105,9,4,726.84,721,100.81
9930,20251105,10,7,1034.16,1710,60.48
9931,20251105,11,2,259.99,621,41.87
9932,20251105,12,4,312.17,609,51.26
9933,20251105,13,2,67.82,1530,4.43
9934,20251105,15,2,73.16,1116,6.56
9935,20251105,16,1,44.8,1749,2.56
9936,20251105,17,1,19.95,1500,1.33
9937,20251106,8,3,228.8,839,27.27
9938,20251106,10,2,701.29,805,87.12
9939,20251106,11,4,418.31,706,59.25
9940,20251106,12,5,434.89,1613,26.96
9941,20251106,13,1,11.88,998,1.19
9942,20251106,14,3,225.29,1542,14.61
9943,20251106,15,3,202.92,703,28.86
9944,20251106,16,1,134.8,854,15.78
9945,20251106,17,2,307.51,1358,22.64
9946,20251107,8,6,796.2,652,122.12
9947,20251107,9,3,115.72,1743,6.64
9948,20251107,10,2,243.11,1485,16.37
9949,20251107,11,1,203.86,1064,19.16
9950,20251107,12,5,568.65,1010,56.3
9951,20251107,13,2,135.78,1730,7.85
9952,20251107,14,2,465.84,902,51.65
9953,20251107,15,3,189.98,1701,11.17
9954,20251107,16,1,112.58,769,14.64
9955,20251110,8,3,481.27,617,78.0
9956,20251110,9,2,19.11,889,2.15
9957,20251110,10,3,799.42,893,89.52
9958,20251110,11,2,109.93,1308,8.4
9959,20251110,12,3,153.73,1532,10.03
9960,20251110,13,2,71.77,1778,4.04
9961,20251110,14,1,76.75,1118,6.86
9962,20251110,15,6,518.61,1243,41.72
9963,20251110,16,1,291.88,1143,25.54
9964,20251111,8,7,626.17,1489,42.05
9965,20251111,9,4,484.82,743,65.25
9966,20251111,10,8,696.38,1167,59.67
9967,20251111,12,2,162.51999999999998,1443,11.26
9968,20251111,15,6,446.06,1736,25.69
9969,20251111,16,2,38.76,817,4.74
9970,20251112,8,3,220.4,796,27.69
9971,20251112,9,2,64.13,1602,4.0
9972,20251112,10,3,220.96,1128,19.59
9973,20251112,11,3,188.4,1059,17.79
9974,20251112,12,4,511.99,735,69.66
9975,20251112,13,3,288.24,1419,20.31
9976,20251112,14,3,153.92,1696,9.08
9977,20251112,15,4,638.14,1773,35.99
9978,20251112,16,1,204.62,678,30.18
9979,20251112,17,1,147.6,1238,11.92
9980,20251113,9,4,425.76,1776,23.97
9981,20251113,10,2,160.96,1474,10.92
9982,20251113,11,5,595.17,1203,49.47
9983,20251113,12,6,804.26,1705,47.17
9984,20251113,13,1,37.69,1141,3.3
9985,20251113,14,1,20.28,1003,2.02
9986,20251113,15,4,520.95,1267,41.12
9987,20251113,16,3,329.15,1513,21.75
9988,20251114,8,3,212.76,1730,12.3
9989,20251114,9,2,96.45,648,14.88
9990,20251114,10,3,86.02000000000001,1696,5.07
9991,20251114,11,4,434.13,1258,34.51
9992,20251114,12,2,86.25999999999999,1288,6.7
9993,20251114,13,1,164.22,1539,10.67
9994,20251114,14,2,77.28,1663,4.65
9995,20251114,15,5,523.41,1638,31.95
9996,20251114,16,3,271.04,1739,15.59
9997,20251114,17,1,26.73,1568,1.7
9998,20251117,8,5,312.92,1123,27.86
9999,20251117,9,4,318.14,1384,22.99
10000,20251117,10,7,543.99,1599,34.02
10001,20251117,11,4,427.52,633,67.54
10002,20251117,12,3,295.91,1370,21.6
10003,20251117,13,1,454.2,1028,44.18
10004,20251117,14,1,33.9,731,4.64
10005,20251117,15,2,314.23,1391,22.59
10006,20251118,8,2,89.71,1157,7.75
10007,20251118,9,4,479.14,1124,42.63
10008,20251118,10,3,621.89,1700,36.58
10009,20251118,11,4,397.63,970,40.99
10010,20251118,12,1,14.9,1253,1.19
10011,20251118,13,1,144.78,760,19.05
10012,20251118,14,3,269.46,833,32.35
10013,20251118,15,1,51.17,1775,2.88
10014,20251118,16,2,101.86,1291,7.89
10015,20251119,8,4,197.71,1248,15.84
10016,20251119,9,1,100.4,1145,8.77
10017,20251119,10,3,208.17,1140,18.26
10018,20251119,11,2,201.85,1237,16.32
10019,20251119,12,1,131.14,1264,10.38
10020,20251119,14,2,423.78,1392,30.44
10021,20251119,15,1,87.29,1079,8.09
10022,20251119,16,1,40.55,1330,3.05
10023,20251119,17,1,21.18,938,2.26
10024,20251120,8,6,860.55,876,98.24
10025,20251120,9,3,342.67,1522,22.51
10026,20251120,10,4,586.13,1380,42.47
10027,20251120,11,1,66.64,1505,4.43
10028,20251120,12,2,244.84,1044,23.45
10029,20251120,13,7,884.54,1130,78.28
10030,20251120,14,2,276.45,637,43.4
10031,20251120,15,4,644.45,1068,60.34
10032,20251120,16,1,187.31,1397,13.41
10033,20251121,8,3,86.54,728,11.89
10034,20251121,9,4,426.79,1067,40.0
10035,20251121,10,6,538.48,1556,34.61
10036,20251121,11,3,347.26,1710,20.31
10037,20251121,12,2,374.31,1536,24.37
10038,20251121,13,3,189.26,1531,12.36
10039,20251121,14,2,146.08,1128,12.95
10040,20251121,15,2,733.4200000000001,965,76.0
10041,20251121,16,2,264.44,600,44.07
10042,20251121,17,2,175.32999999999998,1174,14.93
10043,20251124,8,3,344.07,1778,19.35
10044,20251124,9,5,515.33,629,81.93
10045,20251124,10,4,270.24,1788,15.11
10046,20251124,11,2,121.7,1724,7.06
10047,20251124,12,3,368.05,715,51.48
10048,20251124,13,2,266.58,1461,18.25
10049,20251124,14,3,156.36,1068,14.64
10050,20251124,15,3,317.1,1287,24.64
10051,20251124,16,4,645.29,1115,57.87
10052,20251124,17,1,39.48,1523,2.59
10053,20251125,8,5,203.23,1213,16.75
10054,20251125,9,3,308.21000000000004,1048,29.41
10055,20251125,10,3,359.35,1683,21.35
10056,20251125,11,1,25.71,996,2.58
10057,20251125,12,4,221.91000000000005,1245,17.82
10058,20251125,13,3,194.66,1177,16.54
10059,20251125,14,2,246.79,926,26.65
10060,20251125,15,3,222.96,880,25.34
10061,20251125,16,1,34.78,1468,2.37
10062,20251125,17,2,104.68,1691,6.19
10063,20251126,8,6,261.42,672,38.9
10064,20251126,9,4,228.3,1506,15.16
10065,20251126,10,4,267.39,857,31.2
10066,20251126,11,3,149.53,1476,10.13
10067,20251126,12,2,149.04,1357,10.98
10068,20251126,13,2,436.6,1452,30.07
10069,20251126,14,2,195.99,1091,17.96
10070,20251126,15,1,216.42,1611,13.43
10071,20251126,16,3,360.55,1332,27.07
10072,20251126,17,2,75.23,972,7.74
10073,20251127,8,6,460.71,893,51.59
10074,20251127,9,3,104.74,1741,6.02
10075,20251127,11,2,103.6,1315,7.88
10076,20251127,12,3,544.79,1400,38.91
10077,20251127,13,1,35.23,1606,2.19
10078,20251127,14,1,65.31,999,6.54
10079,20251127,15,7,632.98,1029,61.51
10080,20251127,17,2,234.32,1104,21.22
10081,20251128,8,2,142.06,1153,12.32
10082,20251128,9,5,626.0,1665,37.6
10083,20251128,10,2,33.4,1721,1.94
10084,20251128,11,1,43.74,1725,2.54
10085,20251128,12,3,919.68,814,112.98
10086,20251128,13,1,29.36,965,3.04
10087,20251128,14,2,53.59,1153,4.65
10088,20251128,15,2,330.61,1512,21.87
10089,20251128,16,1,179.79,1035,17.37
10090,20251128,17,3,136.94,958,14.29
10091,20251201,8,4,455.01,1486,30.62
10092,20251201,9,6,645.31,1078,59.86
10093,20251201,10,3,699.72,1583,44.2
10094,20251201,11,3,347.03,1093,31.75
10095,20251201,12,2,369.69,722,51.2
10096,20251201,14,1,98.79,1229,8.04
10097,20251201,15,2,192.07,690,27.84
10098,20251201,16,1,109.72,679,16.16
10099,20251202,8,7,1030.25,653,157.77
10100,20251202,9,6,355.47,1319,26.95
10101,20251202,10,3,283.62,825,34.38
10102,20251202,11,3,563.96,1362,41.41
10103,20251202,12,3,264.75,707,37.45
10104,20251202,13,3,509.15,989,51.48
10105,20251202,15,2,183.97,1780,10.34
10106,20251202,16,5,647.26,1216,53.23
10107,20251203,8,5,424.69,1236,34.36
10108,20251203,9,3,593.22,1500,39.55
10109,20251203,10,3,301.63,603,50.02
10110,20251203,11,4,317.87,601,52.89
10111,20251203,12,1,33.06,1113,2.97
10112,20251203,13,5,676.2099999999999,752,89.92
10113,20251203,14,2,44.4,895,4.96
10114,20251203,15,2,185.08,1346,13.75
10115,20251203,16,1,10.48,755,1.39
10116,20251204,8,3,737.7,794,92.91
10117,20251204,9,4,281.02,1642,17.11
10118,20251204,10,4,388.1,1057,36.72
10119,20251204,11,1,44.5,1241,3.59
10120,20251204,12,3,548.16,1177,46.57
10121,20251204,13,1,429.22,1144,37.52
10122,20251204,14,2,143.76,763,18.84
10123,20251204,15,4,545.11,1761,30.95
10124,20251204,16,2,46.54,1572,2.96
10125,20251204,17,1,42.07,1561,2.7
10126,20251205,8,8,674.89,1512,44.64
10127,20251205,9,1,179.35,1689,10.62
10128,20251205,10,1,76.0,1059,7.18
10129,20251205,11,3,694.3000000000001,1107,62.72
10130,20251205,12,4,962.27,1544,62.32
10131,20251205,13,1,69.56,790,8.81
10132,20251205,14,5,666.01,737,90.37
10133,20251205,15,1,137.61,1244,11.06
10134,20251205,16,3,332.04,1237,26.84
10135,20251209,8,4,466.32,888,52.51
10136,20251209,9,2,277.02,1024,27.05
10137,20251209,10,2,264.3,1773,14.91
10138,20251209,12,6,1384.1,776,178.36
10139,20251209,14,2,98.36,1160,8.48
10140,20251209,15,3,291.22,1551,18.78
10141,20251209,16,2,160.95999999999998,1031,15.61
10142,20251210,8,5,493.66,948,52.07
10143,20251210,9,4,415.28,720,57.68
10144,20251210,10,5,499.23,1142,43.72
10145,20251210,11,4,344.46,855,40.29
10146,20251210,12,1,89.46000000000001,1546,5.79
10147,20251210,13,2,66.55,1654,4.02
10148,20251210,14,2,199.22,962,20.71
10149,20251210,15,2,225.94,1501,15.05
10150,20251210,16,2,202.44,1473,13.74
10151,20251210,17,1,26.82,976,2.75
10152,20251211,8,7,752.38,1446,52.03
10153,20251211,9,7,722.26,1381,52.3
10154,20251211,10,2,225.8,1512,14.93
10155,20251211,11,2,378.22,1795,21.07
10156,20251211,12,2,147.24,1790,8.23
10157,20251211,13,3,553.89,1141,48.54
10158,20251211,14,2,170.65,1380,12.37
10159,20251211,15,2,320.83,707,45.38
10160,20251211,16,2,249.01,1116,22.31
10161,20251211,17,4,549.34,1151,47.73
10162,20251212,8,7,830.23,804,103.26
10163,20251212,9,1,37.18,1353,2.75
10164,20251212,10,1,53.44,999,5.35
10165,20251212,11,4,593.21,1299,45.67
10166,20251212,12,3,524.86,1554,33.77
10167,20251212,13,1,86.53,1059,8.17
10168,20251212,14,1,0.0,1669,0.0
10169,20251212,15,6,567.35,1114,50.93
10170,20251212,16,1,18.24,1023,1.78
10171,20251215,8,3,317.66,1505,21.11
10172,20251215,9,1,73.98,1304,5.67
10173,20251215,10,6,1041.35,1546,67.36
10174,20251215,11,4,254.28,613,41.48
10175,20251215,12,3,172.17,1689,10.19
10176,20251215,13,1,15.06,1749,0.86
10177,20251215,15,4,556.93,905,61.54
10178,20251215,16,4,494.31,887,55.73
10179,20251216,8,3,336.76,1306,25.79
10180,20251216,9,2,188.18,1121,16.79
10181,20251216,10,4,352.83,1410,25.02
10182,20251216,12,3,578.76,1018,56.85
10183,20251216,13,1,154.81,1011,15.31
10184,20251216,14,3,359.95,1597,22.54
10185,20251216,15,5,654.25,1462,44.75
10186,20251216,16,2,399.0,759,52.57
10187,20251216,17,2,159.48,972,16.41
10188,20251217,8,6,537.0,693,77.49
10189,20251217,9,3,314.92,1650,19.09
10190,20251217,10,3,280.27,1327,21.12
10191,20251217,11,3,179.3,1724,10.4
10192,20251217,12,1,91.34,670,13.63
10193,20251217,13,3,203.74,1077,18.92
10194,20251217,14,1,53.3,696,7.66
10195,20251217,15,2,143.4,1700,8.44
10196,20251217,17,1,87.34,1010,8.65
10197,20251218,8,8,1278.5,1270,100.67
10198,20251218,9,5,606.95,697,87.08
10199,20251218,10,1,73.08,1157,6.32
10200,20251218,11,3,297.0,1765,16.83
10201,20251218,12,6,834.24,923,90.38
10202,20251218,13,4,588.46,893,65.9
10203,20251218,14,1,184.98,1253,14.76
10204,20251218,15,2,205.77,1005,20.47
10205,20251218,16,3,431.2000000000001,973,44.32
10206,20251219,8,5,541.5699999999999,1470,36.84
10207,20251219,9,3,707.16,1670,42.34
10208,20251219,10,3,174.21,1257,13.86
10209,20251219,11,6,498.42,1733,28.76
10210,20251219,12,3,259.9,1541,16.87
10211,20251219,13,1,116.98,1725,6.78
10212,20251219,14,1,0.0,1086,0.0
10213,20251219,15,3,425.2,1187,35.82
10214,20251219,16,3,575.49,1391,41.37
10215,20251222,8,9,1172.22,1202,97.52
10216,20251222,9,1,323.71000000000004,609,53.15
10217,20251222,10,4,1038.18,674,154.03
10218,20251222,11,3,556.9300000000001,803,69.36
10219,20251222,12,1,69.16,701,9.87
10220,20251222,13,2,119.68,1275,9.39
10221,20251222,14,1,163.17,714,22.85
10222,20251222,15,6,553.02,1569,35.25
10223,20251222,16,3,299.95,879,34.12
10224,20251223,8,3,289.16,1541,18.76
10225,20251223,9,2,269.95,1199,22.51
10226,20251223,10,1,108.78,1015,10.72
10227,20251223,11,1,117.79,1170,10.07
10228,20251223,12,2,91.34,909,10.05
10229,20251223,13,2,131.09,1277,10.27
10230,20251223,14,2,254.5,611,41.65
10231,20251223,15,5,568.34,1251,45.43
10232,20251223,16,2,183.19,1655,11.07
10233,20251223,17,1,205.22,1141,17.99
