cliente_id,nombre_cliente,tipo_cliente,zona_id,nombre_zona,fecha_alta,activo
1,Tienda Artigas,Tienda,12,Fuenlabrada,2017-08-04,Sí
2,Supermercado Almeida,Supermercado,9,Leganés,2021-04-12,Sí
3,Supermercado Carnero,Supermercado,1,Madrid Centro,2018-03-29,Sí
4,Tienda Solé,Tienda,1,Madrid Centro,2025-09-12,Sí
5,Gasolinera Manzanares,Gasolinera,5,Madrid Oeste,2025-09-09,Sí
6,Gasolinera Macías,Gasolinera,5,Madrid Oeste,2020-04-16,Sí
7,Bar Catalá,Bar,2,Madrid Norte,2016-11-03,Sí
8,Supermercado Falcón,Supermercado,4,Madrid Este,2018-11-15,No
9,Tienda Luján,Tienda,2,Madrid Norte,2024-01-19,Sí
10,Supermercado Montero,Supermercado,12,Fuenlabrada,2018-05-02,Sí
11,Bar Lumbreras,Bar,6,Alcobendas,2021-12-11,Sí
12,Bar Gálvez,Bar,3,Madrid Sur,2025-04-27,Sí
13,Bar Escamilla,Bar,4,Madrid Este,2019-08-08,Sí
14,Tienda Vazquez,Tienda,2,Madrid Norte,2026-04-22,Sí
15,Restaurante Villalba,Restaurante,8,Getafe,2024-02-20,Sí
16,Supermercado Cruz,Supermercado,6,Alcobendas,2025-08-10,Sí
17,Gasolinera Martin,Gasolinera,11,Alcorcón,2020-05-01,Sí
18,Supermercado Escudero,Supermercado,9,Leganés,2023-12-27,Sí
19,Tienda Villaverde,Tienda,11,Alcorcón,2025-07-05,Sí
20,Bar Baquero,Bar,7,San Sebastián de los Reyes,2026-05-13,Sí
21,Tienda Cerdán,Tienda,3,Madrid Sur,2023-04-06,No
22,Bar Iriarte,Bar,10,Móstoles,2022-02-06,Sí
23,Bar Colomer,Bar,2,Madrid Norte,2017-12-30,Sí
24,Bar Nogueira,Bar,7,San Sebastián de los Reyes,2020-01-29,Sí
25,Supermercado Berrocal,Supermercado,4,Madrid Este,2021-03-13,Sí
26,Bar Valenzuela,Bar,12,Fuenlabrada,2025-03-04,Sí
27,Bar Pujol,Bar,3,Madrid Sur,2022-09-15,Sí
28,Bar Blanes,Bar,7,San Sebastián de los Reyes,2019-07-20,Sí
29,Tienda Blanca,Tienda,4,Madrid Este,2018-08-31,Sí
30,Restaurante Alegre,Restaurante,2,Madrid Norte,2016-07-01,Sí
31,Bar Villalonga,Bar,7,San Sebastián de los Reyes,2023-12-10,Sí
32,Bar Casals,Bar,4,Madrid Este,2025-03-08,Sí
33,Restaurante Méndez,Restaurante,7,San Sebastián de los Reyes,2022-05-13,Sí
34,Bar Castillo,Bar,6,Alcobendas,2017-08-17,Sí
35,Supermercado Echeverría,Supermercado,4,Madrid Este,2025-02-04,Sí
36,Bar Alegria,Bar,1,Madrid Centro,2025-11-30,Sí
37,Tienda Casals,Tienda,3,Madrid Sur,2019-04-14,Sí
38,Bar Montes,Bar,3,Madrid Sur,2024-08-28,Sí
39,Tienda Espada,Tienda,5,Madrid Oeste,2024-09-21,Sí
40,Bar Barranco,Bar,4,Madrid Este,2018-08-16,Sí
41,Tienda España,Tienda,5,Madrid Oeste,2022-09-27,Sí
42,Restaurante Pardo,Restaurante,9,Leganés,2022-11-22,No
43,Bar Velasco,Bar,4,Madrid Este,2026-04-25,Sí
44,Restaurante Portero,Restaurante,2,Madrid Norte,2020-11-05,Sí
45,Restaurante Silva,Restaurante,8,Getafe,2017-11-29,No
46,Gasolinera Valera,Gasolinera,8,Getafe,2021-01-06,No
47,Tienda Bas,Tienda,10,Móstoles,2024-06-24,Sí
48,Gasolinera Caballero,Gasolinera,1,Madrid Centro,2021-09-27,Sí
49,Tienda Llorens,Tienda,7,San Sebastián de los Reyes,2026-04-26,Sí
50,Bar Rovira,Bar,6,Alcobendas,2020-11-02,Sí
51,Bar Bastida,Bar,3,Madrid Sur,2025-04-05,No
52,Bar Castilla,Bar,3,Madrid Sur,2024-08-19,Sí
53,Tienda Pinto,Tienda,1,Madrid Centro,2020-05-05,Sí
54,Bar Palomar,Bar,7,San Sebastián de los Reyes,2025-11-04,Sí
55,Restaurante Paz,Restaurante,4,Madrid Este,2021-08-28,Sí
56,Bar Giner,Bar,1,Madrid Centro,2018-05-22,Sí
57,Bar Gallardo,Bar,7,San Sebastián de los Reyes,2024-02-26,No
58,Bar Prats,Bar,1,Madrid Centro,2020-03-03,Sí
59,Gasolinera Escribano,Gasolinera,4,Madrid Este,2022-04-21,Sí
60,Restaurante Pera,Restaurante,7,San Sebastián de los Reyes,2022-05-23,Sí
61,Bar Ródenas,Bar,8,Getafe,2022-09-09,Sí
62,Gasolinera Montaña,Gasolinera,6,Alcobendas,2017-09-25,Sí
63,Restaurante Montenegro,Restaurante,2,Madrid Norte,2024-04-04,Sí
64,Bar Rivero,Bar,2,Madrid Norte,2020-11-30,Sí
65,Tienda Grau,Tienda,5,Madrid Oeste,2023-01-18,Sí
66,Restaurante Sáez,Restaurante,9,Leganés,2024-06-07,Sí
67,Bar Cabrera,Bar,8,Getafe,2017-02-23,Sí
68,Tienda Palacios,Tienda,6,Alcobendas,2023-10-12,Sí
69,Bar Rodríguez,Bar,1,Madrid Centro,2019-10-15,Sí
70,Gasolinera Codina,Gasolinera,4,Madrid Este,2020-11-07,Sí
71,Restaurante Planas,Restaurante,8,Getafe,2019-06-27,Sí
72,Bar Fabra,Bar,3,Madrid Sur,2024-04-10,Sí
73,Bar Aragonés,Bar,9,Leganés,2018-04-12,Sí
74,Bar Vélez,Bar,4,Madrid Este,2018-05-21,Sí
75,Supermercado Páez,Supermercado,10,Móstoles,2021-05-19,Sí
76,Supermercado Taboada,Supermercado,3,Madrid Sur,2024-10-05,Sí
77,Supermercado Morante,Supermercado,5,Madrid Oeste,2021-10-29,Sí
78,Tienda Barrena,Tienda,11,Alcorcón,2017-12-01,No
79,Bar Arco,Bar,6,Alcobendas,2023-08-25,Sí
80,Tienda Mercader,Tienda,3,Madrid Sur,2022-03-25,Sí
81,Bar Herranz,Bar,1,Madrid Centro,2018-02-21,Sí
82,Bar Artigas,Bar,6,Alcobendas,2021-09-25,No
83,Gasolinera Pou,Gasolinera,1,Madrid Centro,2020-03-30,No
84,Restaurante Narváez,Restaurante,6,Alcobendas,2024-02-19,Sí
85,Gasolinera Montero,Gasolinera,3,Madrid Sur,2017-08-28,Sí
86,Bar Torrent,Bar,2,Madrid Norte,2022-07-09,Sí
87,Tienda Quintanilla,Tienda,9,Leganés,2017-09-03,Sí
88,Tienda Escobar,Tienda,6,Alcobendas,2020-01-30,Sí
89,Bar Palacio,Bar,1,Madrid Centro,2019-05-13,No
90,Restaurante Burgos,Restaurante,9,Leganés,2021-09-16,Sí
91,Gasolinera Ballesteros,Gasolinera,7,San Sebastián de los Reyes,2024-12-22,Sí
92,Restaurante Mínguez,Restaurante,2,Madrid Norte,2024-03-06,Sí
93,Bar Conde,Bar,3,Madrid Sur,2021-06-04,Sí
94,Restaurante Alcántara,Restaurante,1,Madrid Centro,2025-08-06,Sí
95,Bar Asensio,Bar,3,Madrid Sur,2016-11-19,Sí
96,Bar Robles,Bar,8,Getafe,2023-12-29,Sí
97,Bar Pedraza,Bar,5,Madrid Oeste,2017-04-28,Sí
98,Bar Mendizábal,Bar,1,Madrid Centro,2023-11-07,Sí
99,Bar Alcaraz,Bar,10,Móstoles,2018-09-29,Sí
100,Restaurante Asensio,Restaurante,2,Madrid Norte,2016-08-28,Sí
101,Restaurante Jurado,Restaurante,1,Madrid Centro,2018-07-08,Sí
102,Restaurante Yáñez,Restaurante,2,Madrid Norte,2020-12-09,Sí
103,Bar Peña,Bar,8,Getafe,2022-07-29,No
104,Bar Oliveras,Bar,5,Madrid Oeste,2018-08-30,Sí
105,Bar Alonso,Bar,3,Madrid Sur,2022-04-15,Sí
106,Bar Martín,Bar,1,Madrid Centro,2022-12-31,Sí
107,Supermercado Franch,Supermercado,7,San Sebastián de los Reyes,2023-08-28,Sí
108,Gasolinera Galán,Gasolinera,8,Getafe,2022-11-26,Sí
109,Restaurante Pagès,Restaurante,12,Fuenlabrada,2019-11-03,Sí
110,Supermercado Julián,Supermercado,6,Alcobendas,2019-04-02,Sí
111,Bar Santos,Bar,8,Getafe,2018-02-12,Sí
112,Gasolinera Ribera,Gasolinera,1,Madrid Centro,2020-03-13,Sí
113,Bar Amador,Bar,9,Leganés,2019-05-01,Sí
114,Supermercado Salcedo,Supermercado,6,Alcobendas,2025-12-05,Sí
115,Gasolinera Sanmiguel,Gasolinera,10,Móstoles,2019-03-07,Sí
116,Tienda Criado,Tienda,7,San Sebastián de los Reyes,2023-01-06,No
117,Bar Briones,Bar,11,Alcorcón,2020-01-10,No
118,Tienda Quevedo,Tienda,2,Madrid Norte,2016-10-28,Sí
119,Bar Mosquera,Bar,3,Madrid Sur,2025-05-29,Sí
120,Supermercado Zabala,Supermercado,5,Madrid Oeste,2021-09-05,Sí
121,Bar Saldaña,Bar,10,Móstoles,2023-02-09,No
122,Bar Mur,Bar,6,Alcobendas,2021-12-19,No
123,Bar Ferrán,Bar,8,Getafe,2017-06-25,Sí
124,Supermercado Gimenez,Supermercado,7,San Sebastián de los Reyes,2025-01-22,Sí
125,Bar Hervás,Bar,11,Alcorcón,2020-04-27,Sí
126,Supermercado Villaverde,Supermercado,1,Madrid Centro,2021-12-31,No
127,Bar Gargallo,Bar,1,Madrid Centro,2021-02-16,Sí
128,Tienda Becerra,Tienda,8,Getafe,2016-06-29,No
129,Tienda Ballesteros,Tienda,5,Madrid Oeste,2026-01-17,Sí
130,Supermercado Gámez,Supermercado,3,Madrid Sur,2018-09-30,Sí
131,Restaurante Sarabia,Restaurante,12,Fuenlabrada,2018-10-12,Sí
132,Tienda Nicolás,Tienda,1,Madrid Centro,2024-11-08,Sí
133,Bar Villegas,Bar,8,Getafe,2019-03-15,Sí
134,Tienda Pino,Tienda,8,Getafe,2024-10-02,Sí
135,Tienda Cañizares,Tienda,8,Getafe,2017-11-23,No
136,Bar Girona,Bar,3,Madrid Sur,2020-01-07,Sí
137,Bar Delgado,Bar,2,Madrid Norte,2025-11-16,Sí
138,Tienda Perea,Tienda,6,Alcobendas,2017-01-23,Sí
139,Bar Calzada,Bar,3,Madrid Sur,2021-12-24,Sí
140,Bar Puente,Bar,11,Alcorcón,2017-03-22,Sí
141,Bar Guerra,Bar,3,Madrid Sur,2026-05-22,Sí
142,Tienda Calderon,Tienda,6,Alcobendas,2016-06-04,Sí
143,Tienda Yáñez,Tienda,5,Madrid Oeste,2018-07-18,Sí
144,Bar Salom,Bar,4,Madrid Este,2024-10-29,Sí
145,Bar Sales,Bar,1,Madrid Centro,2018-09-16,Sí
146,Bar Rubio,Bar,1,Madrid Centro,2024-06-16,Sí
147,Bar Palomino,Bar,9,Leganés,2018-05-15,Sí
148,Gasolinera Escribano,Gasolinera,12,Fuenlabrada,2016-12-20,Sí
149,Bar Páez,Bar,12,Fuenlabrada,2020-07-13,Sí
150,Supermercado Gallardo,Supermercado,4,Madrid Este,2019-05-28,Sí
151,Bar Otero,Bar,3,Madrid Sur,2023-07-12,Sí
152,Restaurante Canales,Restaurante,10,Móstoles,2021-08-20,Sí
153,Supermercado Borrell,Supermercado,1,Madrid Centro,2020-07-08,Sí
154,Bar Sáez,Bar,7,San Sebastián de los Reyes,2018-05-11,No
155,Bar Teruel,Bar,1,Madrid Centro,2025-04-09,Sí
156,Gasolinera Landa,Gasolinera,2,Madrid Norte,2016-08-26,Sí
157,Bar Martin,Bar,8,Getafe,2025-12-24,Sí
158,Bar Sanjuan,Bar,1,Madrid Centro,2024-08-22,Sí
159,Bar Godoy,Bar,7,San Sebastián de los Reyes,2019-08-31,Sí
160,Bar Leiva,Bar,9,Leganés,2018-11-24,Sí
161,Tienda Escolano,Tienda,4,Madrid Este,2025-09-01,Sí
162,Tienda Arribas,Tienda,1,Madrid Centro,2017-12-31,Sí
163,Restaurante Roma,Restaurante,7,San Sebastián de los Reyes,2017-12-15,Sí
164,Bar Girón,Bar,6,Alcobendas,2023-03-18,Sí
165,Gasolinera Mancebo,Gasolinera,3,Madrid Sur,2018-06-01,Sí
166,Supermercado Torralba,Supermercado,9,Leganés,2019-09-22,Sí
167,Bar Puerta,Bar,1,Madrid Centro,2023-05-10,Sí
168,Supermercado Cabanillas,Supermercado,1,Madrid Centro,2024-01-19,Sí
169,Bar Bonilla,Bar,2,Madrid Norte,2021-12-15,Sí
170,Bar Vara,Bar,4,Madrid Este,2026-02-13,Sí
171,Supermercado Rios,Supermercado,1,Madrid Centro,2020-07-18,No
172,Supermercado Cepeda,Supermercado,1,Madrid Centro,2021-02-08,Sí
173,Bar Codina,Bar,10,Móstoles,2016-10-10,Sí
174,Restaurante Coello,Restaurante,5,Madrid Oeste,2019-10-25,Sí
175,Tienda Jordán,Tienda,12,Fuenlabrada,2024-07-25,Sí
176,Gasolinera Catalá,Gasolinera,12,Fuenlabrada,2018-08-15,Sí
177,Gasolinera Sanchez,Gasolinera,1,Madrid Centro,2018-07-31,Sí
178,Tienda Puerta,Tienda,3,Madrid Sur,2022-05-30,Sí
179,Tienda Tejero,Tienda,4,Madrid Este,2019-05-29,Sí
180,Bar Macías,Bar,7,San Sebastián de los Reyes,2022-09-26,Sí
181,Bar Higueras,Bar,4,Madrid Este,2020-05-19,Sí
182,Tienda Arranz,Tienda,9,Leganés,2023-07-17,Sí
183,Gasolinera Morán,Gasolinera,12,Fuenlabrada,2018-10-29,No
184,Tienda Zabaleta,Tienda,4,Madrid Este,2025-04-10,Sí
185,Bar Valera,Bar,6,Alcobendas,2017-03-03,Sí
186,Restaurante Ferrer,Restaurante,7,San Sebastián de los Reyes,2017-11-01,Sí
187,Bar Tirado,Bar,8,Getafe,2018-03-28,Sí
188,Tienda Robledo,Tienda,2,Madrid Norte,2022-05-25,Sí
189,Restaurante Talavera,Restaurante,1,Madrid Centro,2019-01-03,Sí
190,Bar Gallardo,Bar,9,Leganés,2023-05-22,Sí
191,Bar Carvajal,Bar,8,Getafe,2019-05-23,No
192,Bar Ferrero,Bar,2,Madrid Norte,2025-09-27,Sí
193,Tienda Fabregat,Tienda,10,Móstoles,2024-10-08,No
194,Restaurante Cabezas,Restaurante,3,Madrid Sur,2024-12-04,Sí
195,Bar Manrique,Bar,4,Madrid Este,2020-10-22,Sí
196,Supermercado Aguiló,Supermercado,3,Madrid Sur,2017-05-17,Sí
197,Bar Salmerón,Bar,5,Madrid Oeste,2020-07-17,No
198,Restaurante Cornejo,Restaurante,5,Madrid Oeste,2021-11-24,No
199,Supermercado Montaña,Supermercado,2,Madrid Norte,2023-01-19,Sí
200,Supermercado Gallego,Supermercado,8,Getafe,2024-03-27,Sí
201,Bar Leiva,Bar,6,Alcobendas,2023-12-17,Sí
202,Bar Hoz,Bar,8,Getafe,2025-07-05,Sí
203,Restaurante Ribera,Restaurante,2,Madrid Norte,2023-01-10,Sí
204,Gasolinera Morata,Gasolinera,4,Madrid Este,2021-02-17,Sí
205,Restaurante Oller,Restaurante,2,Madrid Norte,2019-02-19,No
206,Tienda Bru,Tienda,1,Madrid Centro,2024-12-22,Sí
207,Bar Piquer,Bar,1,Madrid Centro,2019-02-24,Sí
208,Bar Ayllón,Bar,2,Madrid Norte,2025-04-22,No
209,Supermercado Castillo,Supermercado,5,Madrid Oeste,2020-07-22,No
210,Bar Vallés,Bar,6,Alcobendas,2025-10-28,Sí
211,Restaurante Benitez,Restaurante,11,Alcorcón,2017-03-31,Sí
212,Tienda Sarabia,Tienda,5,Madrid Oeste,2018-08-01,Sí
213,Bar Pi,Bar,7,San Sebastián de los Reyes,2019-10-08,Sí
214,Bar Lasa,Bar,4,Madrid Este,2018-07-11,Sí
215,Bar Roura,Bar,1,Madrid Centro,2016-06-15,Sí
216,Bar Catalá,Bar,4,Madrid Este,2021-08-01,Sí
217,Tienda Pacheco,Tienda,1,Madrid Centro,2023-11-17,Sí
218,Bar Montero,Bar,1,Madrid Centro,2017-04-03,Sí
219,Tienda Raya,Tienda,3,Madrid Sur,2016-10-02,Sí
220,Restaurante Landa,Restaurante,1,Madrid Centro,2024-06-05,Sí
221,Restaurante Serna,Restaurante,8,Getafe,2017-11-30,Sí
222,Bar Fuertes,Bar,11,Alcorcón,2018-04-13,Sí
223,Bar Mayol,Bar,8,Getafe,2024-08-15,Sí
224,Bar Anglada,Bar,8,Getafe,2022-02-09,Sí
225,Tienda Hierro,Tienda,3,Madrid Sur,2017-11-06,Sí
226,Bar Narváez,Bar,10,Móstoles,2025-11-25,Sí
227,Tienda Cuéllar,Tienda,9,Leganés,2023-10-12,Sí
228,Bar Jaume,Bar,2,Madrid Norte,2021-12-13,Sí
229,Bar Falcó,Bar,10,Móstoles,2020-07-05,Sí
230,Bar Agudo,Bar,8,Getafe,2024-10-26,Sí
231,Bar Valera,Bar,2,Madrid Norte,2020-12-09,Sí
232,Bar Cózar,Bar,11,Alcorcón,2023-06-16,Sí
233,Restaurante Zaragoza,Restaurante,9,Leganés,2017-11-17,Sí
234,Tienda Echeverría,Tienda,3,Madrid Sur,2023-06-22,Sí
235,Bar Batlle,Bar,1,Madrid Centro,2016-10-22,Sí
236,Tienda Catalá,Tienda,6,Alcobendas,2018-12-01,Sí
237,Bar Ballester,Bar,1,Madrid Centro,2017-11-17,No
238,Tienda Crespo,Tienda,5,Madrid Oeste,2016-12-14,Sí
239,Gasolinera Castro,Gasolinera,11,Alcorcón,2017-06-10,Sí
240,Bar Cañellas,Bar,4,Madrid Este,2019-05-01,Sí
241,Gasolinera Gárate,Gasolinera,1,Madrid Centro,2017-03-04,Sí
242,Restaurante Roura,Restaurante,1,Madrid Centro,2022-05-10,Sí
243,Bar Aguirre,Bar,5,Madrid Oeste,2021-08-18,Sí
244,Tienda Cuesta,Tienda,2,Madrid Norte,2019-04-13,Sí
245,Bar Cañete,Bar,2,Madrid Norte,2020-05-27,Sí
246,Restaurante Gual,Restaurante,1,Madrid Centro,2025-09-10,Sí
247,Gasolinera Lloret,Gasolinera,9,Leganés,2024-04-24,Sí
248,Bar Batlle,Bar,6,Alcobendas,2026-03-23,Sí
249,Tienda Peláez,Tienda,1,Madrid Centro,2024-03-19,Sí
250,Supermercado Duran,Supermercado,7,San Sebastián de los Reyes,2017-07-26,Sí
251,Tienda Reguera,Tienda,7,San Sebastián de los Reyes,2026-03-19,Sí
252,Tienda Díaz,Tienda,4,Madrid Este,2026-04-30,Sí
253,Tienda Artigas,Tienda,5,Madrid Oeste,2024-06-23,No
254,Supermercado Navarro,Supermercado,7,San Sebastián de los Reyes,2023-06-09,No
255,Bar Santos,Bar,9,Leganés,2022-09-25,Sí
256,Tienda Nebot,Tienda,9,Leganés,2017-08-17,Sí
257,Restaurante Varela,Restaurante,7,San Sebastián de los Reyes,2020-08-12,No
258,Bar Blanch,Bar,1,Madrid Centro,2017-06-17,Sí
259,Tienda Benítez,Tienda,1,Madrid Centro,2017-03-21,Sí
260,Bar Espejo,Bar,1,Madrid Centro,2023-10-10,Sí
261,Restaurante Estévez,Restaurante,1,Madrid Centro,2024-10-13,Sí
262,Restaurante Carreño,Restaurante,10,Móstoles,2021-08-13,Sí
263,Restaurante Mascaró,Restaurante,1,Madrid Centro,2022-04-03,Sí
264,Bar Murcia,Bar,9,Leganés,2023-10-12,Sí
265,Restaurante Gomis,Restaurante,5,Madrid Oeste,2026-05-11,Sí
266,Gasolinera Figueroa,Gasolinera,2,Madrid Norte,2018-02-09,No
267,Bar Sevillano,Bar,1,Madrid Centro,2022-10-20,Sí
268,Bar Noguera,Bar,1,Madrid Centro,2024-06-28,Sí
269,Bar Bermejo,Bar,10,Móstoles,2020-04-08,No
270,Tienda Blasco,Tienda,9,Leganés,2024-06-28,Sí
271,Restaurante Landa,Restaurante,5,Madrid Oeste,2020-05-12,Sí
272,Tienda Valera,Tienda,1,Madrid Centro,2016-06-28,Sí
273,Bar Lledó,Bar,6,Alcobendas,2020-09-22,Sí
274,Gasolinera Bayona,Gasolinera,1,Madrid Centro,2025-05-11,Sí
275,Supermercado Gimeno,Supermercado,1,Madrid Centro,2020-09-02,Sí
276,Bar Valero,Bar,12,Fuenlabrada,2017-08-31,Sí
277,Supermercado Pomares,Supermercado,2,Madrid Norte,2019-12-07,No
278,Supermercado Vazquez,Supermercado,7,San Sebastián de los Reyes,2025-12-04,Sí
279,Bar Ibáñez,Bar,7,San Sebastián de los Reyes,2020-05-20,Sí
280,Bar Real,Bar,3,Madrid Sur,2026-04-21,Sí
281,Bar Pazos,Bar,9,Leganés,2024-08-20,Sí
282,Tienda Solé,Tienda,6,Alcobendas,2023-11-04,Sí
283,Bar Velázquez,Bar,8,Getafe,2024-10-06,Sí
284,Gasolinera Alemany,Gasolinera,1,Madrid Centro,2020-10-04,No
285,Bar Contreras,Bar,1,Madrid Centro,2021-01-26,Sí
286,Bar Trujillo,Bar,9,Leganés,2023-12-07,No
287,Restaurante Paniagua,Restaurante,9,Leganés,2024-03-28,Sí
288,Bar Correa,Bar,10,Móstoles,2023-05-04,Sí
289,Restaurante Llanos,Restaurante,2,Madrid Norte,2023-10-16,Sí
290,Bar Tudela,Bar,3,Madrid Sur,2025-08-15,No
291,Bar Cáceres,Bar,5,Madrid Oeste,2017-06-12,Sí
292,Tienda Gutierrez,Tienda,1,Madrid Centro,2017-09-05,Sí
293,Bar Guardiola,Bar,5,Madrid Oeste,2021-08-12,Sí
294,Supermercado Zurita,Supermercado,7,San Sebastián de los Reyes,2017-11-26,Sí
295,Tienda Planas,Tienda,11,Alcorcón,2022-10-13,Sí
296,Supermercado Cuadrado,Supermercado,10,Móstoles,2025-04-18,Sí
297,Tienda Uribe,Tienda,8,Getafe,2026-06-01,Sí
298,Restaurante Cuesta,Restaurante,6,Alcobendas,2016-12-01,Sí
299,Bar Aznar,Bar,9,Leganés,2019-03-10,Sí
300,Restaurante Alemán,Restaurante,7,San Sebastián de los Reyes,2024-09-17,Sí
301,Bar Lumbreras,Bar,11,Alcorcón,2020-11-15,No
302,Restaurante Seguí,Restaurante,7,San Sebastián de los Reyes,2017-08-08,Sí
303,Restaurante Pozuelo,Restaurante,8,Getafe,2025-07-15,Sí
304,Bar Cantón,Bar,9,Leganés,2018-11-07,Sí
305,Bar Salvà,Bar,4,Madrid Este,2024-06-22,Sí
306,Tienda Arteaga,Tienda,1,Madrid Centro,2022-10-27,Sí
307,Bar Macías,Bar,5,Madrid Oeste,2024-04-10,Sí
308,Gasolinera Cañizares,Gasolinera,2,Madrid Norte,2021-03-09,Sí
309,Bar Valdés,Bar,10,Móstoles,2023-08-09,No
310,Bar Girona,Bar,1,Madrid Centro,2022-11-05,Sí
311,Bar Portillo,Bar,2,Madrid Norte,2023-06-09,Sí
312,Bar Pujol,Bar,7,San Sebastián de los Reyes,2019-06-16,Sí
313,Supermercado Nevado,Supermercado,3,Madrid Sur,2021-01-06,Sí
314,Tienda Carbonell,Tienda,4,Madrid Este,2023-12-21,Sí
315,Restaurante Amor,Restaurante,3,Madrid Sur,2023-08-12,No
316,Bar Manzano,Bar,5,Madrid Oeste,2019-09-29,Sí
317,Restaurante Nadal,Restaurante,2,Madrid Norte,2026-05-05,Sí
318,Tienda Palomo,Tienda,3,Madrid Sur,2025-07-26,Sí
319,Restaurante Barceló,Restaurante,2,Madrid Norte,2024-08-06,Sí
320,Bar Cabeza,Bar,8,Getafe,2023-03-24,Sí
321,Bar Perales,Bar,7,San Sebastián de los Reyes,2017-04-10,No
322,Bar Crespo,Bar,6,Alcobendas,2023-12-04,Sí
323,Bar Marti,Bar,5,Madrid Oeste,2023-10-07,Sí
324,Restaurante Martínez,Restaurante,9,Leganés,2021-04-05,Sí
325,Bar Moreno,Bar,5,Madrid Oeste,2022-04-30,Sí
326,Restaurante Serra,Restaurante,10,Móstoles,2018-03-26,Sí
327,Restaurante Barragán,Restaurante,10,Móstoles,2020-06-10,Sí
328,Supermercado Llopis,Supermercado,8,Getafe,2024-11-19,Sí
329,Tienda Oliva,Tienda,3,Madrid Sur,2026-04-22,Sí
330,Gasolinera Campos,Gasolinera,1,Madrid Centro,2024-07-08,Sí
331,Bar Baeza,Bar,5,Madrid Oeste,2018-07-09,Sí
332,Bar Cabello,Bar,3,Madrid Sur,2016-11-13,Sí
333,Bar Carnero,Bar,2,Madrid Norte,2025-07-11,Sí
334,Bar Carbajo,Bar,11,Alcorcón,2023-01-19,No
335,Bar Llamas,Bar,1,Madrid Centro,2022-05-19,Sí
336,Tienda Mateos,Tienda,10,Móstoles,2016-12-20,Sí
337,Gasolinera Boada,Gasolinera,3,Madrid Sur,2025-06-21,Sí
338,Gasolinera Valenzuela,Gasolinera,11,Alcorcón,2025-12-24,Sí
339,Tienda Solera,Tienda,6,Alcobendas,2016-07-20,No
340,Tienda Miró,Tienda,3,Madrid Sur,2020-05-17,Sí
341,Tienda Aranda,Tienda,5,Madrid Oeste,2022-10-29,Sí
342,Bar Sanmartín,Bar,4,Madrid Este,2023-12-16,Sí
343,Restaurante Solís,Restaurante,5,Madrid Oeste,2025-10-12,Sí
344,Gasolinera Chico,Gasolinera,3,Madrid Sur,2022-12-19,Sí
345,Bar Palacio,Bar,1,Madrid Centro,2024-11-23,Sí
346,Supermercado Angulo,Supermercado,6,Alcobendas,2019-10-30,Sí
347,Restaurante Almansa,Restaurante,4,Madrid Este,2018-12-07,Sí
348,Gasolinera Azorin,Gasolinera,2,Madrid Norte,2020-03-15,Sí
349,Tienda Guillén,Tienda,11,Alcorcón,2026-04-05,Sí
350,Supermercado Gisbert,Supermercado,1,Madrid Centro,2017-01-01,Sí
351,Tienda Barco,Tienda,3,Madrid Sur,2020-04-22,Sí
352,Bar Tamayo,Bar,6,Alcobendas,2020-07-06,Sí
353,Restaurante Vallés,Restaurante,8,Getafe,2019-05-30,Sí
354,Bar Gimeno,Bar,4,Madrid Este,2022-01-01,Sí
355,Restaurante Quiroga,Restaurante,2,Madrid Norte,2017-07-11,Sí
356,Tienda Grande,Tienda,6,Alcobendas,2020-12-14,Sí
357,Bar Menéndez,Bar,7,San Sebastián de los Reyes,2016-12-06,Sí
358,Bar Niño,Bar,7,San Sebastián de los Reyes,2017-10-16,Sí
359,Restaurante Ugarte,Restaurante,3,Madrid Sur,2018-11-16,Sí
360,Bar Pozuelo,Bar,1,Madrid Centro,2018-06-03,Sí
361,Bar Cobos,Bar,6,Alcobendas,2019-06-17,Sí
362,Bar Campo,Bar,7,San Sebastián de los Reyes,2024-03-13,Sí
363,Bar Abascal,Bar,1,Madrid Centro,2026-04-12,Sí
364,Restaurante Alba,Restaurante,10,Móstoles,2026-03-03,Sí
365,Supermercado Rosselló,Supermercado,8,Getafe,2023-08-14,Sí
366,Bar Piquer,Bar,11,Alcorcón,2022-09-26,Sí
367,Tienda Porras,Tienda,4,Madrid Este,2023-07-31,No
368,Bar Águila,Bar,2,Madrid Norte,2022-09-26,Sí
369,Bar Noriega,Bar,5,Madrid Oeste,2023-02-05,Sí
370,Restaurante Toledo,Restaurante,8,Getafe,2018-12-01,No
371,Bar Clemente,Bar,5,Madrid Oeste,2024-01-08,Sí
372,Tienda Valle,Tienda,7,San Sebastián de los Reyes,2019-09-28,Sí
373,Bar Peinado,Bar,2,Madrid Norte,2020-08-05,Sí
374,Bar Mate,Bar,1,Madrid Centro,2021-01-24,Sí
375,Bar Jerez,Bar,8,Getafe,2020-08-12,Sí
376,Tienda Antón,Tienda,8,Getafe,2017-10-11,No
377,Tienda Gómez,Tienda,4,Madrid Este,2019-02-15,Sí
378,Tienda Cerdá,Tienda,2,Madrid Norte,2023-02-05,Sí
379,Supermercado Conde,Supermercado,11,Alcorcón,2020-08-31,Sí
380,Bar Belda,Bar,2,Madrid Norte,2025-03-23,Sí
381,Restaurante Juliá,Restaurante,5,Madrid Oeste,2021-04-19,Sí
382,Supermercado Amigó,Supermercado,11,Alcorcón,2019-03-31,Sí
383,Restaurante Rosa,Restaurante,2,Madrid Norte,2023-06-22,Sí
384,Bar Miró,Bar,12,Fuenlabrada,2017-06-21,Sí
385,Bar Ríos,Bar,7,San Sebastián de los Reyes,2025-09-26,Sí
386,Bar Losa,Bar,9,Leganés,2016-07-30,Sí
387,Tienda Santamaría,Tienda,7,San Sebastián de los Reyes,2019-11-19,Sí
388,Supermercado Peláez,Supermercado,5,Madrid Oeste,2017-09-21,Sí
389,Tienda Carrión,Tienda,7,San Sebastián de los Reyes,2025-12-30,Sí
390,Restaurante Padilla,Restaurante,7,San Sebastián de los Reyes,2017-09-26,Sí
391,Bar Vazquez,Bar,6,Alcobendas,2021-01-14,Sí
392,Bar Vicente,Bar,10,Móstoles,2022-06-03,Sí
393,Restaurante Agustín,Restaurante,11,Alcorcón,2025-11-02,Sí
394,Bar Coello,Bar,8,Getafe,2016-07-23,Sí
395,Restaurante Bermudez,Restaurante,1,Madrid Centro,2018-02-25,No
396,Tienda Serna,Tienda,4,Madrid Este,2023-11-18,Sí
397,Restaurante Carbajo,Restaurante,5,Madrid Oeste,2017-01-14,Sí
398,Bar Luna,Bar,11,Alcorcón,2023-08-01,Sí
399,Restaurante Muñoz,Restaurante,2,Madrid Norte,2020-02-15,Sí
400,Bar Gabaldón,Bar,10,Móstoles,2019-08-27,Sí
401,Bar Camps,Bar,5,Madrid Oeste,2025-12-11,Sí
402,Supermercado Acevedo,Supermercado,10,Móstoles,2025-05-27,Sí
403,Bar Blanca,Bar,7,San Sebastián de los Reyes,2019-12-27,Sí
404,Tienda Hervás,Tienda,6,Alcobendas,2023-06-05,Sí
405,Restaurante Bello,Restaurante,1,Madrid Centro,2025-01-05,Sí
406,Gasolinera Olivares,Gasolinera,8,Getafe,2021-09-06,Sí
407,Restaurante Quesada,Restaurante,9,Leganés,2025-03-06,Sí
408,Restaurante Laguna,Restaurante,9,Leganés,2021-01-10,Sí
409,Supermercado Marin,Supermercado,1,Madrid Centro,2017-05-01,Sí
410,Bar Ocaña,Bar,5,Madrid Oeste,2025-01-03,No
411,Restaurante Baños,Restaurante,8,Getafe,2019-09-05,Sí
412,Restaurante Sosa,Restaurante,2,Madrid Norte,2023-07-04,Sí
413,Tienda Alba,Tienda,10,Móstoles,2018-09-18,Sí
414,Bar Benito,Bar,1,Madrid Centro,2019-04-17,Sí
415,Bar Vall,Bar,7,San Sebastián de los Reyes,2017-07-12,Sí
416,Supermercado Molina,Supermercado,1,Madrid Centro,2023-09-13,Sí
417,Gasolinera Otero,Gasolinera,10,Móstoles,2020-11-12,Sí
418,Tienda Pardo,Tienda,10,Móstoles,2022-12-15,Sí
419,Bar Sebastián,Bar,4,Madrid Este,2025-11-01,No
420,Bar Cabeza,Bar,2,Madrid Norte,2026-02-14,Sí
421,Tienda Amorós,Tienda,6,Alcobendas,2019-10-15,Sí
422,Tienda Catalán,Tienda,1,Madrid Centro,2020-11-19,Sí
423,Restaurante Teruel,Restaurante,1,Madrid Centro,2022-05-01,Sí
424,Gasolinera Lucena,Gasolinera,2,Madrid Norte,2024-10-23,Sí
425,Restaurante Arias,Restaurante,4,Madrid Este,2024-05-07,Sí
426,Bar Carreño,Bar,11,Alcorcón,2020-06-07,Sí
427,Supermercado Cadenas,Supermercado,1,Madrid Centro,2019-08-30,No
428,Tienda Bonilla,Tienda,5,Madrid Oeste,2020-05-25,Sí
429,Bar Cuéllar,Bar,7,San Sebastián de los Reyes,2016-07-20,Sí
430,Gasolinera Caparrós,Gasolinera,10,Móstoles,2023-08-09,Sí
431,Bar Ponce,Bar,8,Getafe,2024-07-30,Sí
432,Restaurante Bermejo,Restaurante,9,Leganés,2016-07-09,Sí
433,Supermercado Roldán,Supermercado,6,Alcobendas,2021-04-28,No
434,Gasolinera Rodriguez,Gasolinera,11,Alcorcón,2025-07-30,Sí
435,Bar Mateu,Bar,4,Madrid Este,2016-06-19,Sí
436,Bar Águila,Bar,3,Madrid Sur,2019-10-12,Sí
437,Gasolinera Garzón,Gasolinera,4,Madrid Este,2021-11-09,Sí
438,Bar Soto,Bar,6,Alcobendas,2023-09-12,Sí
439,Bar Hierro,Bar,4,Madrid Este,2024-03-26,Sí
440,Bar Fajardo,Bar,6,Alcobendas,2017-01-17,Sí
441,Gasolinera Sarabia,Gasolinera,2,Madrid Norte,2017-03-29,Sí
442,Gasolinera Puerta,Gasolinera,6,Alcobendas,2020-01-06,No
443,Bar Galan,Bar,3,Madrid Sur,2016-09-23,Sí
444,Tienda Izquierdo,Tienda,5,Madrid Oeste,2018-10-04,Sí
445,Restaurante Ferrando,Restaurante,3,Madrid Sur,2021-10-17,Sí
446,Tienda Barriga,Tienda,1,Madrid Centro,2018-04-11,Sí
447,Supermercado Dominguez,Supermercado,5,Madrid Oeste,2021-01-15,Sí
448,Gasolinera Barros,Gasolinera,1,Madrid Centro,2021-01-07,Sí
449,Restaurante Amigó,Restaurante,5,Madrid Oeste,2023-03-17,Sí
450,Tienda Amor,Tienda,1,Madrid Centro,2022-09-25,Sí
451,Bar Blanca,Bar,7,San Sebastián de los Reyes,2021-09-06,Sí
452,Supermercado Arellano,Supermercado,1,Madrid Centro,2024-05-27,Sí
453,Bar Zaragoza,Bar,8,Getafe,2021-01-14,Sí
454,Tienda Aliaga,Tienda,11,Alcorcón,2021-04-25,Sí
455,Tienda Echeverría,Tienda,9,Leganés,2023-05-23,Sí
456,Bar Oliveras,Bar,8,Getafe,2025-11-12,Sí
457,Bar Román,Bar,11,Alcorcón,2018-05-31,Sí
458,Bar Almagro,Bar,1,Madrid Centro,2018-09-13,Sí
459,Tienda Rico,Tienda,8,Getafe,2024-08-11,Sí
460,Restaurante Duarte,Restaurante,10,Móstoles,2022-12-10,Sí
461,Tienda Carlos,Tienda,6,Alcobendas,2024-11-17,Sí
462,Bar Salamanca,Bar,4,Madrid Este,2016-10-18,Sí
463,Restaurante Calderón,Restaurante,9,Leganés,2019-12-02,Sí
464,Bar Pallarès,Bar,6,Alcobendas,2025-02-01,Sí
465,Bar Giner,Bar,8,Getafe,2020-07-31,Sí
466,Bar Ibáñez,Bar,3,Madrid Sur,2016-12-26,Sí
467,Bar Morales,Bar,8,Getafe,2020-11-10,Sí
468,Restaurante Giménez,Restaurante,9,Leganés,2022-02-26,Sí
469,Bar Bolaños,Bar,6,Alcobendas,2023-04-20,Sí
470,Bar Losa,Bar,5,Madrid Oeste,2023-10-30,Sí
471,Restaurante Frutos,Restaurante,11,Alcorcón,2017-12-24,Sí
472,Bar Pedrero,Bar,9,Leganés,2024-01-06,No
473,Bar Perera,Bar,10,Móstoles,2019-08-25,Sí
474,Restaurante Colom,Restaurante,5,Madrid Oeste,2022-09-22,Sí
475,Restaurante Parejo,Restaurante,4,Madrid Este,2020-07-27,Sí
476,Bar Blazquez,Bar,1,Madrid Centro,2021-10-28,No
477,Tienda Armas,Tienda,3,Madrid Sur,2025-04-03,Sí
478,Bar Valls,Bar,2,Madrid Norte,2024-03-02,Sí
479,Gasolinera Puente,Gasolinera,6,Alcobendas,2020-06-18,Sí
480,Bar Ibáñez,Bar,1,Madrid Centro,2018-06-04,Sí
481,Gasolinera Bernad,Gasolinera,2,Madrid Norte,2024-08-19,Sí
482,Supermercado Expósito,Supermercado,3,Madrid Sur,2022-08-31,Sí
483,Restaurante Noriega,Restaurante,7,San Sebastián de los Reyes,2022-01-18,Sí
484,Restaurante Álamo,Restaurante,2,Madrid Norte,2023-11-13,Sí
485,Bar Casanova,Bar,2,Madrid Norte,2018-04-07,Sí
486,Gasolinera Gomez,Gasolinera,12,Fuenlabrada,2026-01-19,No
487,Supermercado Sancho,Supermercado,3,Madrid Sur,2024-07-03,Sí
488,Tienda Boix,Tienda,1,Madrid Centro,2021-12-04,Sí
489,Bar Jaén,Bar,10,Móstoles,2019-09-14,Sí
490,Supermercado Osuna,Supermercado,9,Leganés,2024-03-16,Sí
491,Gasolinera Ramírez,Gasolinera,1,Madrid Centro,2018-12-03,Sí
492,Bar Miralles,Bar,5,Madrid Oeste,2019-08-06,Sí
493,Tienda Roig,Tienda,1,Madrid Centro,2021-02-16,Sí
494,Gasolinera Guerra,Gasolinera,5,Madrid Oeste,2021-05-24,Sí
495,Supermercado Huertas,Supermercado,8,Getafe,2024-11-27,Sí
496,Tienda Donaire,Tienda,7,San Sebastián de los Reyes,2023-02-07,Sí
497,Bar Piñol,Bar,7,San Sebastián de los Reyes,2017-06-26,Sí
498,Bar Herrera,Bar,3,Madrid Sur,2020-10-20,Sí
499,Bar Pintor,Bar,4,Madrid Este,2023-11-13,Sí
500,Bar Pujadas,Bar,2,Madrid Norte,2017-02-12,Sí
501,Bar Báez,Bar,3,Madrid Sur,2018-11-25,Sí
502,Bar Porras,Bar,6,Alcobendas,2025-02-24,Sí
503,Tienda Burgos,Tienda,4,Madrid Este,2016-06-20,Sí
504,Tienda Bru,Tienda,1,Madrid Centro,2022-10-23,No
505,Bar Paredes,Bar,5,Madrid Oeste,2017-10-05,Sí
506,Bar Ferrer,Bar,12,Fuenlabrada,2025-11-18,No
507,Restaurante Niño,Restaurante,1,Madrid Centro,2018-12-14,No
508,Bar Luz,Bar,1,Madrid Centro,2025-09-01,Sí
509,Bar Fuster,Bar,2,Madrid Norte,2017-04-09,Sí
510,Bar Garmendia,Bar,9,Leganés,2022-04-27,Sí
511,Bar Tolosa,Bar,4,Madrid Este,2025-02-07,Sí
512,Restaurante Avilés,Restaurante,1,Madrid Centro,2024-10-04,Sí
513,Bar Moll,Bar,7,San Sebastián de los Reyes,2022-03-10,Sí
514,Restaurante Feliu,Restaurante,4,Madrid Este,2024-06-18,Sí
515,Tienda Valbuena,Tienda,6,Alcobendas,2022-11-11,Sí
516,Bar Márquez,Bar,9,Leganés,2022-10-26,Sí
517,Bar Bas,Bar,2,Madrid Norte,2024-05-19,Sí
518,Bar Leiva,Bar,3,Madrid Sur,2021-09-10,Sí
519,Restaurante Linares,Restaurante,1,Madrid Centro,2022-09-11,Sí
520,Restaurante Calderón,Restaurante,1,Madrid Centro,2025-06-01,Sí
521,Supermercado Vigil,Supermercado,3,Madrid Sur,2023-09-04,No
522,Gasolinera Alcalá,Gasolinera,9,Leganés,2018-05-02,Sí
523,Bar Lopez,Bar,6,Alcobendas,2016-06-20,Sí
524,Bar Quevedo,Bar,10,Móstoles,2019-05-28,Sí
525,Bar Cases,Bar,5,Madrid Oeste,2024-12-15,Sí
526,Bar Luján,Bar,12,Fuenlabrada,2019-10-14,No
527,Restaurante Salas,Restaurante,1,Madrid Centro,2022-06-19,Sí
528,Gasolinera Ferrándiz,Gasolinera,10,Móstoles,2020-12-16,Sí
529,Supermercado Echeverría,Supermercado,2,Madrid Norte,2020-09-19,Sí
530,Bar Llobet,Bar,12,Fuenlabrada,2026-04-15,No
531,Restaurante Farré,Restaurante,12,Fuenlabrada,2020-08-09,Sí
532,Bar Mínguez,Bar,1,Madrid Centro,2018-02-14,Sí
533,Bar Mora,Bar,7,San Sebastián de los Reyes,2019-11-09,Sí
534,Tienda Piquer,Tienda,1,Madrid Centro,2017-01-31,Sí
535,Tienda Río,Tienda,8,Getafe,2021-10-30,Sí
536,Tienda Diez,Tienda,7,San Sebastián de los Reyes,2025-07-20,Sí
537,Bar Jiménez,Bar,3,Madrid Sur,2016-07-14,Sí
538,Supermercado Moraleda,Supermercado,1,Madrid Centro,2018-12-27,Sí
539,Restaurante Peñas,Restaurante,1,Madrid Centro,2022-10-18,Sí
540,Bar Adán,Bar,6,Alcobendas,2024-08-04,Sí
541,Bar Oliva,Bar,7,San Sebastián de los Reyes,2016-08-10,Sí
542,Bar Lopez,Bar,5,Madrid Oeste,2016-07-13,Sí
543,Bar Doménech,Bar,1,Madrid Centro,2025-07-19,Sí
544,Bar Sanmartín,Bar,10,Móstoles,2019-02-09,Sí
545,Tienda Barroso,Tienda,7,San Sebastián de los Reyes,2016-11-16,Sí
546,Supermercado Manrique,Supermercado,11,Alcorcón,2018-10-31,Sí
547,Bar Pascual,Bar,8,Getafe,2021-11-14,Sí
548,Gasolinera Andreu,Gasolinera,8,Getafe,2019-07-17,Sí
549,Bar Castells,Bar,7,San Sebastián de los Reyes,2025-11-14,Sí
550,Tienda Colomer,Tienda,1,Madrid Centro,2022-07-03,Sí
551,Bar Ávila,Bar,5,Madrid Oeste,2018-12-09,Sí
552,Tienda Valera,Tienda,4,Madrid Este,2024-02-10,Sí
553,Bar Salmerón,Bar,5,Madrid Oeste,2020-02-01,Sí
554,Bar Escalona,Bar,9,Leganés,2023-04-07,Sí
555,Bar Echeverría,Bar,1,Madrid Centro,2018-04-23,Sí
556,Bar Terrón,Bar,6,Alcobendas,2022-01-01,Sí
557,Tienda Rodríguez,Tienda,4,Madrid Este,2018-07-27,Sí
558,Tienda Mariño,Tienda,7,San Sebastián de los Reyes,2026-01-18,Sí
559,Restaurante Checa,Restaurante,6,Alcobendas,2017-06-13,Sí
560,Tienda Alegria,Tienda,3,Madrid Sur,2022-11-26,Sí
561,Restaurante Prada,Restaurante,1,Madrid Centro,2016-08-23,Sí
562,Bar Barroso,Bar,10,Móstoles,2020-07-28,Sí
563,Bar Torrens,Bar,6,Alcobendas,2019-10-31,Sí
564,Bar Palomo,Bar,12,Fuenlabrada,2024-12-04,Sí
565,Tienda Hidalgo,Tienda,2,Madrid Norte,2018-09-15,Sí
566,Bar Lledó,Bar,7,San Sebastián de los Reyes,2025-12-02,Sí
567,Gasolinera Grau,Gasolinera,7,San Sebastián de los Reyes,2021-08-27,Sí
568,Bar Ocaña,Bar,5,Madrid Oeste,2016-12-24,Sí
569,Restaurante Gargallo,Restaurante,8,Getafe,2018-10-27,Sí
570,Bar Santos,Bar,8,Getafe,2024-06-08,Sí
571,Bar Polo,Bar,3,Madrid Sur,2020-02-21,Sí
572,Tienda Nogués,Tienda,6,Alcobendas,2022-10-14,Sí
573,Bar Mayoral,Bar,10,Móstoles,2019-07-23,No
574,Supermercado Porras,Supermercado,4,Madrid Este,2016-07-02,Sí
575,Bar Corbacho,Bar,1,Madrid Centro,2023-10-03,Sí
576,Supermercado Bustos,Supermercado,6,Alcobendas,2025-02-11,Sí
577,Bar Beltran,Bar,1,Madrid Centro,2026-03-22,No
578,Bar Sanjuan,Bar,3,Madrid Sur,2026-05-26,Sí
579,Bar Navarro,Bar,4,Madrid Este,2022-05-09,Sí
580,Restaurante Sobrino,Restaurante,6,Alcobendas,2025-06-19,Sí
581,Bar Ripoll,Bar,8,Getafe,2024-09-14,No
582,Tienda Palomino,Tienda,3,Madrid Sur,2018-12-16,Sí
583,Restaurante Lago,Restaurante,10,Móstoles,2025-01-14,Sí
584,Bar Soriano,Bar,5,Madrid Oeste,2022-10-08,Sí
585,Restaurante Delgado,Restaurante,11,Alcorcón,2023-05-19,Sí
586,Tienda Olivares,Tienda,9,Leganés,2023-02-23,Sí
587,Supermercado Torrecilla,Supermercado,8,Getafe,2018-02-04,No
588,Supermercado Piñol,Supermercado,6,Alcobendas,2018-12-31,No
589,Bar Escudero,Bar,1,Madrid Centro,2018-07-13,Sí
590,Restaurante Rosell,Restaurante,4,Madrid Este,2023-03-08,Sí
591,Bar Atienza,Bar,4,Madrid Este,2022-02-07,Sí
592,Supermercado Cantero,Supermercado,5,Madrid Oeste,2019-12-04,Sí
593,Gasolinera Palomar,Gasolinera,2,Madrid Norte,2021-07-01,Sí
594,Bar Feijoo,Bar,2,Madrid Norte,2021-07-19,Sí
595,Tienda Castilla,Tienda,5,Madrid Oeste,2024-11-26,Sí
596,Restaurante Riba,Restaurante,7,San Sebastián de los Reyes,2025-03-08,No
597,Gasolinera Azcona,Gasolinera,2,Madrid Norte,2017-05-15,Sí
598,Bar Cazorla,Bar,5,Madrid Oeste,2025-12-10,Sí
599,Bar Prat,Bar,1,Madrid Centro,2024-07-21,Sí
600,Gasolinera Carro,Gasolinera,12,Fuenlabrada,2026-04-10,Sí
601,Tienda Anglada,Tienda,12,Fuenlabrada,2021-06-21,Sí
602,Tienda Niño,Tienda,8,Getafe,2016-11-03,Sí
603,Bar Camps,Bar,11,Alcorcón,2025-11-19,Sí
604,Restaurante Bauzà,Restaurante,1,Madrid Centro,2016-07-14,No
605,Tienda Cortina,Tienda,10,Móstoles,2017-08-13,Sí
606,Supermercado Amador,Supermercado,8,Getafe,2024-07-10,Sí
607,Bar Doménech,Bar,3,Madrid Sur,2022-07-10,Sí
608,Gasolinera Morante,Gasolinera,9,Leganés,2019-07-19,Sí
609,Bar Rojas,Bar,9,Leganés,2019-11-01,Sí
610,Tienda Naranjo,Tienda,1,Madrid Centro,2016-08-04,Sí
611,Bar Prada,Bar,3,Madrid Sur,2019-11-10,Sí
612,Bar Morata,Bar,11,Alcorcón,2026-04-07,Sí
613,Gasolinera Gálvez,Gasolinera,3,Madrid Sur,2026-04-24,Sí
614,Gasolinera Cerdán,Gasolinera,2,Madrid Norte,2018-09-03,Sí
615,Tienda Rocamora,Tienda,9,Leganés,2025-12-11,Sí
616,Tienda Alegre,Tienda,2,Madrid Norte,2025-06-13,Sí
617,Bar Gil,Bar,7,San Sebastián de los Reyes,2024-03-04,Sí
618,Supermercado Barros,Supermercado,10,Móstoles,2025-06-23,No
619,Bar Dueñas,Bar,6,Alcobendas,2022-09-21,Sí
620,Bar Riquelme,Bar,1,Madrid Centro,2021-06-12,Sí
621,Bar Herrero,Bar,2,Madrid Norte,2024-06-27,Sí
622,Gasolinera Peral,Gasolinera,3,Madrid Sur,2023-06-28,Sí
623,Bar Nicolau,Bar,10,Móstoles,2019-02-24,Sí
624,Supermercado Tenorio,Supermercado,4,Madrid Este,2019-12-05,Sí
625,Restaurante Rey,Restaurante,5,Madrid Oeste,2022-06-26,No
626,Tienda Jara,Tienda,3,Madrid Sur,2022-07-07,Sí
627,Bar Jaén,Bar,5,Madrid Oeste,2021-03-03,Sí
628,Bar Pina,Bar,1,Madrid Centro,2020-01-27,Sí
629,Supermercado Ros,Supermercado,7,San Sebastián de los Reyes,2026-02-25,Sí
630,Bar Exposito,Bar,3,Madrid Sur,2017-11-06,Sí
631,Tienda Mendez,Tienda,3,Madrid Sur,2024-05-24,Sí
632,Bar Talavera,Bar,2,Madrid Norte,2025-06-29,Sí
633,Tienda Benito,Tienda,4,Madrid Este,2019-08-14,Sí
634,Bar Hernando,Bar,3,Madrid Sur,2018-08-18,Sí
635,Bar Roca,Bar,9,Leganés,2020-01-19,No
636,Restaurante Capdevila,Restaurante,5,Madrid Oeste,2018-12-07,Sí
637,Gasolinera Becerra,Gasolinera,4,Madrid Este,2021-07-06,No
638,Gasolinera Agustín,Gasolinera,8,Getafe,2017-04-16,Sí
639,Gasolinera Falcón,Gasolinera,1,Madrid Centro,2025-05-13,No
640,Tienda Botella,Tienda,4,Madrid Este,2018-11-17,Sí
641,Tienda Pardo,Tienda,10,Móstoles,2021-07-01,Sí
642,Bar Tejada,Bar,8,Getafe,2017-10-16,Sí
643,Gasolinera Palacios,Gasolinera,3,Madrid Sur,2023-08-26,Sí
644,Supermercado Raya,Supermercado,1,Madrid Centro,2026-03-15,Sí
645,Tienda Caro,Tienda,1,Madrid Centro,2024-06-11,Sí
646,Supermercado Guzman,Supermercado,2,Madrid Norte,2025-04-05,Sí
647,Supermercado Rodríguez,Supermercado,8,Getafe,2017-11-23,Sí
648,Bar Navarro,Bar,5,Madrid Oeste,2022-06-05,Sí
649,Tienda Arribas,Tienda,8,Getafe,2024-12-25,Sí
650,Bar Múgica,Bar,2,Madrid Norte,2024-03-18,Sí
651,Restaurante Martin,Restaurante,3,Madrid Sur,2017-12-16,Sí
652,Bar Bru,Bar,7,San Sebastián de los Reyes,2023-03-26,No
653,Tienda Casares,Tienda,5,Madrid Oeste,2025-11-01,Sí
654,Gasolinera Barberá,Gasolinera,1,Madrid Centro,2025-03-01,Sí
655,Bar Pizarro,Bar,1,Madrid Centro,2016-07-02,Sí
656,Bar Campo,Bar,5,Madrid Oeste,2019-01-04,Sí
657,Supermercado Mercader,Supermercado,10,Móstoles,2023-12-22,Sí
658,Gasolinera Aramburu,Gasolinera,9,Leganés,2022-09-10,Sí
659,Tienda Ferrando,Tienda,1,Madrid Centro,2022-03-30,Sí
660,Tienda Méndez,Tienda,7,San Sebastián de los Reyes,2018-03-26,Sí
661,Tienda Doménech,Tienda,10,Móstoles,2025-02-23,Sí
662,Gasolinera Andrade,Gasolinera,1,Madrid Centro,2025-08-15,Sí
663,Restaurante Luján,Restaurante,1,Madrid Centro,2025-02-12,Sí
664,Bar Cases,Bar,5,Madrid Oeste,2022-05-31,Sí
665,Restaurante Enríquez,Restaurante,7,San Sebastián de los Reyes,2025-01-27,Sí
666,Restaurante Abellán,Restaurante,8,Getafe,2022-12-25,Sí
667,Tienda Gisbert,Tienda,2,Madrid Norte,2025-10-25,Sí
668,Bar Ureña,Bar,4,Madrid Este,2026-05-04,Sí
669,Restaurante Esteban,Restaurante,7,San Sebastián de los Reyes,2018-06-15,Sí
670,Supermercado Ordóñez,Supermercado,1,Madrid Centro,2017-08-23,Sí
671,Bar Perea,Bar,7,San Sebastián de los Reyes,2023-11-25,No
672,Bar Galindo,Bar,8,Getafe,2020-10-03,Sí
673,Tienda Molins,Tienda,9,Leganés,2017-04-17,Sí
674,Gasolinera Raya,Gasolinera,1,Madrid Centro,2020-04-09,Sí
675,Bar Márquez,Bar,10,Móstoles,2023-08-18,No
676,Tienda Vizcaíno,Tienda,2,Madrid Norte,2025-05-28,Sí
677,Supermercado Mendoza,Supermercado,12,Fuenlabrada,2022-08-12,Sí
678,Restaurante Martorell,Restaurante,4,Madrid Este,2016-11-22,Sí
679,Gasolinera Peinado,Gasolinera,10,Móstoles,2017-01-11,Sí
680,Bar Canals,Bar,8,Getafe,2021-11-16,Sí
681,Bar Rodrigo,Bar,5,Madrid Oeste,2016-12-03,Sí
682,Gasolinera Estrada,Gasolinera,1,Madrid Centro,2021-12-06,Sí
683,Gasolinera Pol,Gasolinera,3,Madrid Sur,2023-02-01,Sí
684,Restaurante Meléndez,Restaurante,2,Madrid Norte,2017-03-26,Sí
685,Gasolinera Cabello,Gasolinera,10,Móstoles,2025-09-03,Sí
686,Restaurante Sebastián,Restaurante,2,Madrid Norte,2018-03-07,Sí
687,Tienda Díaz,Tienda,7,San Sebastián de los Reyes,2021-11-26,Sí
688,Tienda Luján,Tienda,2,Madrid Norte,2026-03-09,Sí
689,Gasolinera Carbó,Gasolinera,4,Madrid Este,2019-12-31,Sí
690,Bar Huerta,Bar,4,Madrid Este,2023-10-09,Sí
691,Gasolinera Lloret,Gasolinera,7,San Sebastián de los Reyes,2022-03-23,Sí
692,Bar Álamo,Bar,7,San Sebastián de los Reyes,2020-09-29,Sí
693,Bar Benet,Bar,8,Getafe,2022-01-20,Sí
694,Tienda Saez,Tienda,8,Getafe,2021-06-15,Sí
695,Supermercado Fabregat,Supermercado,6,Alcobendas,2019-07-02,Sí
696,Tienda Elías,Tienda,4,Madrid Este,2018-06-25,Sí
697,Gasolinera Angulo,Gasolinera,5,Madrid Oeste,2024-02-25,Sí
698,Bar Palomares,Bar,10,Móstoles,2020-05-21,Sí
699,Tienda Hervás,Tienda,1,Madrid Centro,2019-01-10,Sí
700,Bar Andreu,Bar,8,Getafe,2024-02-19,Sí
701,Bar Catalá,Bar,1,Madrid Centro,2025-03-21,Sí
702,Bar Rico,Bar,5,Madrid Oeste,2019-10-21,Sí
703,Restaurante Amaya,Restaurante,2,Madrid Norte,2021-09-06,No
704,Restaurante Sebastián,Restaurante,4,Madrid Este,2017-10-15,Sí
705,Supermercado Almagro,Supermercado,4,Madrid Este,2016-07-24,Sí
706,Bar Tejedor,Bar,9,Leganés,2018-04-26,No
707,Supermercado Mena,Supermercado,3,Madrid Sur,2017-05-26,Sí
708,Bar Mateo,Bar,3,Madrid Sur,2017-09-18,Sí
709,Gasolinera Zapata,Gasolinera,1,Madrid Centro,2021-01-22,Sí
710,Tienda Real,Tienda,1,Madrid Centro,2017-02-28,Sí
711,Tienda Rey,Tienda,2,Madrid Norte,2022-04-19,Sí
712,Bar Palomino,Bar,11,Alcorcón,2023-10-03,Sí
713,Restaurante Palacio,Restaurante,5,Madrid Oeste,2019-12-23,Sí
714,Bar Sureda,Bar,9,Leganés,2020-11-12,Sí
715,Bar Estévez,Bar,7,San Sebastián de los Reyes,2023-04-16,Sí
716,Bar Soria,Bar,6,Alcobendas,2019-03-13,Sí
717,Restaurante Somoza,Restaurante,8,Getafe,2021-12-12,Sí
718,Bar Villanueva,Bar,6,Alcobendas,2026-04-14,Sí
719,Supermercado Francisco,Supermercado,5,Madrid Oeste,2019-01-25,Sí
720,Bar Lorenzo,Bar,7,San Sebastián de los Reyes,2018-12-04,Sí
721,Bar Solsona,Bar,1,Madrid Centro,2017-09-24,Sí
722,Bar Heras,Bar,5,Madrid Oeste,2023-05-04,Sí
723,Tienda Carballo,Tienda,4,Madrid Este,2024-10-22,No
724,Restaurante Santana,Restaurante,4,Madrid Este,2018-02-01,No
725,Bar Zaragoza,Bar,4,Madrid Este,2017-03-09,Sí
726,Supermercado Soriano,Supermercado,9,Leganés,2025-05-05,Sí
727,Bar Pombo,Bar,8,Getafe,2020-06-15,Sí
728,Bar Nicolás,Bar,10,Móstoles,2017-07-17,Sí
729,Bar Bosch,Bar,6,Alcobendas,2016-06-28,Sí
730,Bar Miranda,Bar,4,Madrid Este,2020-05-29,Sí
731,Supermercado Pagès,Supermercado,3,Madrid Sur,2024-05-13,No
732,Bar Bertrán,Bar,5,Madrid Oeste,2016-08-26,Sí
733,Restaurante Alsina,Restaurante,10,Móstoles,2021-04-24,Sí
734,Supermercado Querol,Supermercado,7,San Sebastián de los Reyes,2022-12-23,Sí
735,Tienda Capdevila,Tienda,10,Móstoles,2019-06-15,Sí
736,Bar Diaz,Bar,10,Móstoles,2016-09-27,Sí
737,Gasolinera Molins,Gasolinera,1,Madrid Centro,2020-12-02,Sí
738,Supermercado Calderón,Supermercado,4,Madrid Este,2025-05-26,Sí
739,Supermercado Domínguez,Supermercado,3,Madrid Sur,2021-08-02,Sí
740,Restaurante Martin,Restaurante,12,Fuenlabrada,2020-08-04,Sí
741,Supermercado Uribe,Supermercado,1,Madrid Centro,2021-10-10,No
742,Tienda Vilar,Tienda,7,San Sebastián de los Reyes,2024-08-19,Sí
743,Restaurante Jimenez,Restaurante,10,Móstoles,2019-06-02,Sí
744,Bar Sanjuan,Bar,1,Madrid Centro,2019-12-02,Sí
745,Gasolinera Soto,Gasolinera,4,Madrid Este,2023-04-17,Sí
746,Tienda Peñas,Tienda,8,Getafe,2018-08-16,Sí
747,Bar Montenegro,Bar,5,Madrid Oeste,2024-09-29,Sí
748,Tienda Chamorro,Tienda,6,Alcobendas,2022-01-19,Sí
749,Bar Solsona,Bar,2,Madrid Norte,2024-02-27,Sí
750,Gasolinera Ruiz,Gasolinera,3,Madrid Sur,2025-11-15,Sí
751,Tienda Llanos,Tienda,10,Móstoles,2024-07-26,Sí
752,Tienda Moles,Tienda,6,Alcobendas,2021-11-27,Sí
753,Gasolinera Echeverría,Gasolinera,6,Alcobendas,2018-06-08,Sí
754,Supermercado Dalmau,Supermercado,5,Madrid Oeste,2023-12-29,Sí
755,Bar Perales,Bar,3,Madrid Sur,2025-01-01,Sí
756,Bar Marin,Bar,8,Getafe,2019-02-28,Sí
757,Tienda Larrañaga,Tienda,8,Getafe,2025-03-23,Sí
758,Gasolinera Tomé,Gasolinera,11,Alcorcón,2017-05-02,Sí
759,Restaurante Cerdán,Restaurante,5,Madrid Oeste,2016-08-13,Sí
760,Restaurante Estévez,Restaurante,5,Madrid Oeste,2024-04-20,Sí
761,Bar Nogués,Bar,4,Madrid Este,2025-09-06,Sí
762,Bar Gallart,Bar,9,Leganés,2022-05-05,Sí
763,Bar Gimeno,Bar,4,Madrid Este,2025-11-01,Sí
764,Supermercado Pinilla,Supermercado,7,San Sebastián de los Reyes,2017-10-06,Sí
765,Restaurante Pallarès,Restaurante,2,Madrid Norte,2024-02-05,Sí
766,Tienda Castrillo,Tienda,12,Fuenlabrada,2023-04-03,Sí
767,Restaurante Ayllón,Restaurante,9,Leganés,2024-12-24,Sí
768,Bar Jaén,Bar,3,Madrid Sur,2025-07-13,Sí
769,Restaurante Ocaña,Restaurante,9,Leganés,2023-02-06,Sí
770,Tienda Vallejo,Tienda,6,Alcobendas,2018-05-24,Sí
771,Bar Soler,Bar,4,Madrid Este,2021-04-06,Sí
772,Bar Conde,Bar,1,Madrid Centro,2021-01-02,Sí
773,Tienda Bauzà,Tienda,7,San Sebastián de los Reyes,2025-04-23,Sí
774,Bar Cobo,Bar,1,Madrid Centro,2024-04-09,Sí
775,Bar Llorens,Bar,4,Madrid Este,2022-02-11,Sí
776,Tienda Mas,Tienda,2,Madrid Norte,2024-03-13,Sí
777,Bar Córdoba,Bar,8,Getafe,2025-03-03,Sí
778,Restaurante Fabra,Restaurante,8,Getafe,2023-10-01,Sí
779,Tienda Frutos,Tienda,4,Madrid Este,2020-05-22,Sí
780,Bar Merino,Bar,8,Getafe,2022-05-11,Sí
781,Bar Espinosa,Bar,5,Madrid Oeste,2016-10-11,Sí
782,Restaurante Soria,Restaurante,3,Madrid Sur,2018-08-25,Sí
783,Bar Diego,Bar,2,Madrid Norte,2023-01-03,Sí
784,Bar Pineda,Bar,4,Madrid Este,2021-04-03,Sí
785,Bar Gallego,Bar,6,Alcobendas,2024-11-12,Sí
786,Restaurante Almansa,Restaurante,5,Madrid Oeste,2020-12-30,Sí
787,Bar Tur,Bar,1,Madrid Centro,2020-12-09,Sí
788,Tienda Buendía,Tienda,4,Madrid Este,2019-11-26,Sí
789,Bar Juárez,Bar,8,Getafe,2022-10-14,Sí
790,Bar Merino,Bar,5,Madrid Oeste,2022-01-16,Sí
791,Restaurante Cisneros,Restaurante,6,Alcobendas,2023-12-19,Sí
792,Supermercado Macías,Supermercado,6,Alcobendas,2016-06-24,Sí
793,Bar Adán,Bar,2,Madrid Norte,2019-02-15,No
794,Tienda Seguí,Tienda,7,San Sebastián de los Reyes,2023-06-22,No
795,Restaurante Tamarit,Restaurante,5,Madrid Oeste,2025-09-01,Sí
796,Bar Folch,Bar,9,Leganés,2022-10-25,Sí
797,Tienda Lobo,Tienda,9,Leganés,2018-05-19,Sí
798,Bar Ferrera,Bar,5,Madrid Oeste,2018-07-22,Sí
799,Gasolinera Maldonado,Gasolinera,5,Madrid Oeste,2022-10-23,Sí
800,Bar Laguna,Bar,3,Madrid Sur,2024-03-19,Sí
801,Bar Sastre,Bar,4,Madrid Este,2021-07-02,Sí
802,Bar Rivas,Bar,1,Madrid Centro,2023-06-12,Sí
803,Bar Adán,Bar,1,Madrid Centro,2023-07-06,Sí
804,Restaurante España,Restaurante,7,San Sebastián de los Reyes,2017-10-05,Sí
805,Gasolinera Tudela,Gasolinera,1,Madrid Centro,2017-10-09,Sí
806,Bar Posada,Bar,9,Leganés,2019-06-03,Sí
807,Bar Asensio,Bar,8,Getafe,2025-08-07,Sí
808,Tienda Vilaplana,Tienda,2,Madrid Norte,2024-03-05,Sí
809,Supermercado Alcalá,Supermercado,2,Madrid Norte,2022-01-05,Sí
810,Bar Calderon,Bar,8,Getafe,2021-12-25,Sí
811,Gasolinera Gonzalez,Gasolinera,7,San Sebastián de los Reyes,2025-06-16,Sí
812,Bar Peñas,Bar,2,Madrid Norte,2019-12-08,Sí
813,Bar Castrillo,Bar,1,Madrid Centro,2024-10-08,Sí
814,Tienda Bernad,Tienda,8,Getafe,2021-04-11,Sí
815,Tienda Anaya,Tienda,7,San Sebastián de los Reyes,2017-07-26,Sí
816,Bar Verdugo,Bar,3,Madrid Sur,2017-06-19,No
817,Restaurante Jara,Restaurante,2,Madrid Norte,2024-02-10,Sí
818,Bar Valbuena,Bar,3,Madrid Sur,2021-06-05,Sí
819,Supermercado Expósito,Supermercado,4,Madrid Este,2025-09-04,Sí
820,Restaurante Godoy,Restaurante,2,Madrid Norte,2017-06-13,Sí
821,Bar Mateu,Bar,8,Getafe,2019-09-15,No
822,Tienda Arellano,Tienda,10,Móstoles,2020-01-23,Sí
823,Bar Aramburu,Bar,2,Madrid Norte,2024-06-05,Sí
824,Tienda Bauzà,Tienda,3,Madrid Sur,2024-12-07,Sí
825,Bar Valenciano,Bar,8,Getafe,2017-09-14,Sí
826,Tienda Gonzalo,Tienda,3,Madrid Sur,2021-12-14,Sí
827,Tienda Sastre,Tienda,6,Alcobendas,2024-09-26,Sí
828,Bar Aranda,Bar,7,San Sebastián de los Reyes,2019-05-13,Sí
829,Restaurante Duran,Restaurante,2,Madrid Norte,2016-08-18,Sí
830,Bar Becerra,Bar,4,Madrid Este,2017-09-03,Sí
831,Supermercado Quesada,Supermercado,1,Madrid Centro,2016-12-19,Sí
832,Bar Gibert,Bar,3,Madrid Sur,2020-09-10,Sí
833,Restaurante Tormo,Restaurante,5,Madrid Oeste,2016-07-01,Sí
834,Tienda Saura,Tienda,4,Madrid Este,2022-01-14,Sí
835,Restaurante Valencia,Restaurante,3,Madrid Sur,2024-03-22,Sí
836,Supermercado Medina,Supermercado,12,Fuenlabrada,2025-11-03,No
837,Bar Conesa,Bar,2,Madrid Norte,2017-12-18,No
838,Bar Quintero,Bar,1,Madrid Centro,2017-04-09,Sí
839,Gasolinera Ibarra,Gasolinera,4,Madrid Este,2025-10-29,Sí
840,Tienda Moya,Tienda,11,Alcorcón,2017-04-10,No
841,Tienda Pla,Tienda,6,Alcobendas,2023-01-29,Sí
842,Bar Lago,Bar,2,Madrid Norte,2023-03-29,No
843,Tienda Calleja,Tienda,3,Madrid Sur,2016-09-30,Sí
844,Gasolinera Sánchez,Gasolinera,9,Leganés,2021-03-28,Sí
845,Bar Bayo,Bar,4,Madrid Este,2017-06-26,Sí
846,Tienda Carrera,Tienda,3,Madrid Sur,2016-07-23,Sí
847,Bar Jover,Bar,3,Madrid Sur,2022-08-17,No
848,Bar Bilbao,Bar,3,Madrid Sur,2020-04-12,Sí
849,Gasolinera Almazán,Gasolinera,9,Leganés,2019-02-23,No
850,Bar Ferrero,Bar,8,Getafe,2017-10-24,Sí
851,Tienda Aragón,Tienda,11,Alcorcón,2026-02-26,Sí
852,Restaurante Arnal,Restaurante,7,San Sebastián de los Reyes,2017-12-19,Sí
853,Restaurante Giner,Restaurante,5,Madrid Oeste,2025-07-31,Sí
854,Restaurante Sanmiguel,Restaurante,12,Fuenlabrada,2025-04-17,Sí
855,Tienda Mármol,Tienda,7,San Sebastián de los Reyes,2017-12-05,Sí
856,Tienda Alarcón,Tienda,2,Madrid Norte,2021-05-08,Sí
857,Bar Bravo,Bar,2,Madrid Norte,2021-11-29,Sí
858,Gasolinera Mendoza,Gasolinera,12,Fuenlabrada,2022-03-05,Sí
859,Bar Villaverde,Bar,5,Madrid Oeste,2025-12-03,Sí
860,Bar Nadal,Bar,4,Madrid Este,2022-05-10,Sí
861,Gasolinera Hoyos,Gasolinera,4,Madrid Este,2024-06-29,Sí
862,Supermercado Prieto,Supermercado,10,Móstoles,2019-06-13,Sí
863,Tienda Alcalá,Tienda,5,Madrid Oeste,2017-03-16,Sí
864,Bar Cañellas,Bar,5,Madrid Oeste,2020-10-14,Sí
865,Tienda Coello,Tienda,3,Madrid Sur,2020-03-20,Sí
866,Gasolinera Díez,Gasolinera,1,Madrid Centro,2021-01-01,No
867,Restaurante Lladó,Restaurante,10,Móstoles,2017-09-12,Sí
868,Bar Cerdá,Bar,1,Madrid Centro,2019-10-07,Sí
869,Bar Lucas,Bar,6,Alcobendas,2022-10-28,No
870,Gasolinera Martin,Gasolinera,2,Madrid Norte,2023-07-08,Sí
871,Tienda Salinas,Tienda,2,Madrid Norte,2022-10-30,Sí
872,Restaurante Bayona,Restaurante,4,Madrid Este,2025-06-08,Sí
873,Restaurante Dávila,Restaurante,2,Madrid Norte,2022-10-30,Sí
874,Bar Atienza,Bar,5,Madrid Oeste,2016-10-06,Sí
875,Bar Ríos,Bar,6,Alcobendas,2022-01-30,Sí
876,Bar Téllez,Bar,4,Madrid Este,2018-04-08,Sí
877,Supermercado Salvador,Supermercado,8,Getafe,2025-03-28,Sí
878,Bar Codina,Bar,5,Madrid Oeste,2017-02-09,Sí
879,Bar Villalobos,Bar,7,San Sebastián de los Reyes,2026-02-13,Sí
880,Bar Ramírez,Bar,12,Fuenlabrada,2025-07-03,Sí
881,Restaurante Echevarría,Restaurante,9,Leganés,2017-06-21,Sí
882,Tienda Ferrera,Tienda,1,Madrid Centro,2020-04-24,Sí
883,Bar Pintor,Bar,6,Alcobendas,2024-06-21,Sí
884,Tienda Barberá,Tienda,8,Getafe,2022-12-22,Sí
885,Bar Manzanares,Bar,6,Alcobendas,2019-01-19,Sí
886,Tienda Garcés,Tienda,2,Madrid Norte,2018-12-16,Sí
887,Bar Gibert,Bar,2,Madrid Norte,2021-02-20,Sí
888,Supermercado Gomez,Supermercado,12,Fuenlabrada,2020-02-25,Sí
889,Supermercado Rebollo,Supermercado,2,Madrid Norte,2022-01-22,Sí
890,Bar Palomares,Bar,5,Madrid Oeste,2022-05-26,Sí
891,Restaurante Barriga,Restaurante,2,Madrid Norte,2024-12-02,Sí
892,Restaurante Mascaró,Restaurante,2,Madrid Norte,2017-02-18,Sí
893,Bar Ropero,Bar,7,San Sebastián de los Reyes,2020-05-11,No
894,Tienda Torres,Tienda,11,Alcorcón,2019-07-07,Sí
895,Supermercado Tudela,Supermercado,4,Madrid Este,2024-03-14,Sí
896,Gasolinera Santamaría,Gasolinera,9,Leganés,2025-01-11,Sí
897,Tienda Diaz,Tienda,4,Madrid Este,2020-02-27,No
898,Gasolinera Company,Gasolinera,2,Madrid Norte,2020-08-14,No
899,Bar Soler,Bar,10,Móstoles,2019-05-06,Sí
900,Bar Rios,Bar,3,Madrid Sur,2024-06-30,Sí
901,Bar Benavent,Bar,5,Madrid Oeste,2019-01-28,Sí
902,Bar Prieto,Bar,11,Alcorcón,2018-12-29,Sí
903,Bar Pulido,Bar,12,Fuenlabrada,2025-11-01,Sí
904,Bar Castro,Bar,3,Madrid Sur,2016-12-15,Sí
905,Tienda Aller,Tienda,1,Madrid Centro,2022-03-08,Sí
906,Supermercado Aramburu,Supermercado,1,Madrid Centro,2020-12-09,Sí
907,Bar Llorente,Bar,1,Madrid Centro,2017-04-05,Sí
908,Bar Royo,Bar,7,San Sebastián de los Reyes,2017-09-29,Sí
909,Bar Ibáñez,Bar,8,Getafe,2021-05-07,Sí
910,Supermercado Ponce,Supermercado,4,Madrid Este,2019-05-20,Sí
911,Bar González,Bar,4,Madrid Este,2019-04-27,Sí
912,Bar Cerdán,Bar,5,Madrid Oeste,2016-07-03,No
913,Bar Llorens,Bar,6,Alcobendas,2018-12-06,Sí
914,Gasolinera Aznar,Gasolinera,10,Móstoles,2019-10-10,Sí
915,Bar Figuerola,Bar,11,Alcorcón,2018-11-19,Sí
916,Bar Pineda,Bar,7,San Sebastián de los Reyes,2020-01-19,Sí
917,Gasolinera Rodrigo,Gasolinera,3,Madrid Sur,2023-06-14,Sí
918,Bar Santos,Bar,6,Alcobendas,2023-02-23,Sí
919,Tienda Espinosa,Tienda,9,Leganés,2019-07-12,Sí
920,Bar Tapia,Bar,8,Getafe,2023-06-15,Sí
921,Tienda Botella,Tienda,2,Madrid Norte,2024-01-06,Sí
922,Bar Dueñas,Bar,7,San Sebastián de los Reyes,2022-05-02,Sí
923,Tienda Pomares,Tienda,5,Madrid Oeste,2022-04-09,Sí
924,Tienda Bauzà,Tienda,6,Alcobendas,2024-01-27,Sí
925,Restaurante Taboada,Restaurante,4,Madrid Este,2023-05-18,Sí
926,Bar Ariño,Bar,8,Getafe,2017-01-30,Sí
927,Bar Valderrama,Bar,2,Madrid Norte,2024-01-06,Sí
928,Gasolinera Lago,Gasolinera,4,Madrid Este,2021-08-18,Sí
929,Bar Flor,Bar,2,Madrid Norte,2023-12-05,Sí
930,Bar Carretero,Bar,9,Leganés,2018-08-03,Sí
931,Bar Ortiz,Bar,6,Alcobendas,2024-09-23,Sí
932,Bar Folch,Bar,7,San Sebastián de los Reyes,2017-12-01,Sí
933,Bar Bello,Bar,1,Madrid Centro,2018-07-21,Sí
934,Gasolinera Rebollo,Gasolinera,1,Madrid Centro,2025-07-21,Sí
935,Bar Vizcaíno,Bar,8,Getafe,2017-09-28,Sí
936,Bar Vergara,Bar,6,Alcobendas,2018-10-21,Sí
937,Tienda Aznar,Tienda,8,Getafe,2024-11-06,Sí
938,Tienda Pujol,Tienda,3,Madrid Sur,2016-09-03,Sí
939,Tienda Coca,Tienda,7,San Sebastián de los Reyes,2023-04-23,Sí
940,Supermercado Calvet,Supermercado,4,Madrid Este,2019-07-26,Sí
941,Bar Cobo,Bar,4,Madrid Este,2022-01-18,Sí
942,Restaurante Aguirre,Restaurante,1,Madrid Centro,2019-12-23,Sí
943,Gasolinera Chico,Gasolinera,2,Madrid Norte,2021-06-14,Sí
944,Restaurante Suarez,Restaurante,9,Leganés,2024-10-05,No
945,Bar Rosado,Bar,2,Madrid Norte,2024-11-02,Sí
946,Bar Tena,Bar,4,Madrid Este,2017-08-18,Sí
947,Supermercado Beltrán,Supermercado,5,Madrid Oeste,2026-03-18,Sí
948,Bar Llabrés,Bar,8,Getafe,2024-08-19,Sí
949,Bar Pozuelo,Bar,4,Madrid Este,2019-12-01,Sí
950,Restaurante Vara,Restaurante,4,Madrid Este,2025-06-22,Sí
951,Restaurante Arranz,Restaurante,1,Madrid Centro,2025-02-11,Sí
952,Bar España,Bar,9,Leganés,2019-05-17,Sí
953,Bar Jaume,Bar,7,San Sebastián de los Reyes,2025-06-10,Sí
954,Supermercado Guerrero,Supermercado,2,Madrid Norte,2023-05-28,Sí
955,Supermercado Cobos,Supermercado,1,Madrid Centro,2016-06-19,No
956,Bar Alegre,Bar,5,Madrid Oeste,2022-01-10,Sí
957,Bar Garmendia,Bar,1,Madrid Centro,2022-12-14,Sí
958,Bar Pol,Bar,4,Madrid Este,2018-05-06,Sí
959,Bar Peral,Bar,6,Alcobendas,2016-09-13,Sí
960,Restaurante Gallo,Restaurante,3,Madrid Sur,2017-08-29,Sí
961,Tienda Ibañez,Tienda,2,Madrid Norte,2023-08-19,Sí
962,Bar Oliveras,Bar,10,Móstoles,2017-05-30,No
963,Bar Carreño,Bar,2,Madrid Norte,2019-05-04,Sí
964,Bar Villanueva,Bar,1,Madrid Centro,2021-11-13,Sí
965,Bar Nogués,Bar,3,Madrid Sur,2018-08-09,No
966,Bar Bartolomé,Bar,3,Madrid Sur,2019-06-19,Sí
967,Supermercado Hernández,Supermercado,9,Leganés,2022-02-20,Sí
968,Tienda Falcón,Tienda,3,Madrid Sur,2016-09-05,Sí
969,Bar Bernad,Bar,8,Getafe,2022-01-25,Sí
970,Supermercado Girón,Supermercado,4,Madrid Este,2025-01-07,Sí
971,Gasolinera Pujadas,Gasolinera,7,San Sebastián de los Reyes,2022-02-27,Sí
972,Bar Niño,Bar,1,Madrid Centro,2016-08-14,Sí
973,Bar Aranda,Bar,5,Madrid Oeste,2020-12-16,Sí
974,Restaurante Manuel,Restaurante,8,Getafe,2018-09-19,Sí
975,Bar Marín,Bar,2,Madrid Norte,2026-03-07,Sí
976,Tienda Casanova,Tienda,5,Madrid Oeste,2025-12-06,Sí
977,Bar Ríos,Bar,4,Madrid Este,2021-07-17,Sí
978,Tienda Crespo,Tienda,4,Madrid Este,2022-12-25,Sí
979,Bar Galan,Bar,4,Madrid Este,2026-01-13,Sí
980,Tienda Páez,Tienda,2,Madrid Norte,2019-01-23,Sí
981,Restaurante Llamas,Restaurante,1,Madrid Centro,2019-10-29,Sí
982,Bar Plaza,Bar,9,Leganés,2020-10-13,Sí
983,Bar Batalla,Bar,5,Madrid Oeste,2020-05-06,No
984,Gasolinera Valentín,Gasolinera,6,Alcobendas,2025-12-16,Sí
985,Supermercado Egea,Supermercado,12,Fuenlabrada,2016-10-16,Sí
986,Restaurante Mercader,Restaurante,7,San Sebastián de los Reyes,2022-07-27,Sí
987,Tienda Escolano,Tienda,1,Madrid Centro,2020-07-11,Sí
988,Bar Figueroa,Bar,6,Alcobendas,2021-12-18,Sí
989,Bar Rico,Bar,12,Fuenlabrada,2022-06-09,Sí
990,Bar Barbero,Bar,5,Madrid Oeste,2025-12-30,Sí
991,Bar Escolano,Bar,4,Madrid Este,2026-02-11,Sí
992,Bar Ayala,Bar,5,Madrid Oeste,2022-11-01,No
993,Bar León,Bar,5,Madrid Oeste,2023-08-04,Sí
994,Gasolinera Martinez,Gasolinera,11,Alcorcón,2019-07-30,Sí
995,Bar Canals,Bar,1,Madrid Centro,2021-10-27,Sí
996,Bar Yáñez,Bar,7,San Sebastián de los Reyes,2020-03-26,Sí
997,Bar Fernández,Bar,12,Fuenlabrada,2016-10-04,Sí
998,Supermercado Pastor,Supermercado,4,Madrid Este,2025-05-29,Sí
999,Tienda Niño,Tienda,2,Madrid Norte,2022-12-08,No
1000,Tienda Sandoval,Tienda,8,Getafe,2020-02-06,Sí
1001,Gasolinera Botella,Gasolinera,5,Madrid Oeste,2016-12-31,Sí
1002,Bar Riquelme,Bar,2,Madrid Norte,2023-11-23,Sí
1003,Supermercado Pinilla,Supermercado,6,Alcobendas,2025-01-11,Sí
1004,Bar Navarrete,Bar,5,Madrid Oeste,2022-09-10,Sí
1005,Restaurante Carbonell,Restaurante,4,Madrid Este,2025-03-03,Sí
1006,Tienda Cal,Tienda,3,Madrid Sur,2017-07-20,Sí
1007,Tienda Pérez,Tienda,2,Madrid Norte,2018-12-24,Sí
1008,Tienda Bernat,Tienda,1,Madrid Centro,2018-06-30,Sí
1009,Bar Perelló,Bar,6,Alcobendas,2018-12-12,Sí
1010,Restaurante Valero,Restaurante,12,Fuenlabrada,2016-07-17,Sí
1011,Bar Viñas,Bar,4,Madrid Este,2019-06-28,Sí
1012,Supermercado Beltrán,Supermercado,3,Madrid Sur,2025-02-25,Sí
1013,Supermercado Salinas,Supermercado,5,Madrid Oeste,2020-12-02,Sí
1014,Supermercado Roldan,Supermercado,7,San Sebastián de los Reyes,2026-04-26,Sí
1015,Bar Sotelo,Bar,5,Madrid Oeste,2022-12-08,Sí
1016,Bar Téllez,Bar,2,Madrid Norte,2023-11-19,Sí
1017,Bar Sevilla,Bar,1,Madrid Centro,2018-03-16,Sí
1018,Bar Carretero,Bar,9,Leganés,2022-03-22,Sí
1019,Bar Iriarte,Bar,3,Madrid Sur,2026-03-01,Sí
1020,Supermercado Carrera,Supermercado,11,Alcorcón,2017-09-16,Sí
1021,Gasolinera Báez,Gasolinera,1,Madrid Centro,2017-08-13,Sí
1022,Tienda Soriano,Tienda,12,Fuenlabrada,2019-07-09,Sí
1023,Bar Diez,Bar,1,Madrid Centro,2023-12-31,Sí
1024,Bar Bellido,Bar,7,San Sebastián de los Reyes,2018-11-02,Sí
1025,Bar Sevillano,Bar,8,Getafe,2019-02-02,Sí
1026,Bar Rios,Bar,4,Madrid Este,2025-09-07,Sí
1027,Bar Segovia,Bar,6,Alcobendas,2016-10-23,Sí
1028,Bar Santos,Bar,1,Madrid Centro,2024-12-30,Sí
1029,Gasolinera Rovira,Gasolinera,7,San Sebastián de los Reyes,2024-08-11,Sí
1030,Bar Vigil,Bar,7,San Sebastián de los Reyes,2019-08-21,Sí
1031,Gasolinera Guillén,Gasolinera,2,Madrid Norte,2023-09-27,Sí
1032,Gasolinera Franco,Gasolinera,10,Móstoles,2018-02-02,Sí
1033,Supermercado Román,Supermercado,4,Madrid Este,2019-01-03,Sí
1034,Supermercado Recio,Supermercado,7,San Sebastián de los Reyes,2023-12-31,Sí
1035,Tienda Coronado,Tienda,3,Madrid Sur,2017-08-20,Sí
1036,Restaurante Amaya,Restaurante,2,Madrid Norte,2016-12-12,Sí
1037,Restaurante Carreras,Restaurante,11,Alcorcón,2018-02-12,Sí
1038,Bar Bayona,Bar,2,Madrid Norte,2022-03-22,Sí
1039,Gasolinera Ibañez,Gasolinera,1,Madrid Centro,2022-05-10,Sí
1040,Bar Mendez,Bar,5,Madrid Oeste,2018-06-14,Sí
1041,Bar Lopez,Bar,3,Madrid Sur,2020-10-18,Sí
1042,Bar Castejón,Bar,3,Madrid Sur,2020-06-03,Sí
1043,Bar Donoso,Bar,7,San Sebastián de los Reyes,2020-11-15,Sí
1044,Gasolinera Salmerón,Gasolinera,1,Madrid Centro,2017-09-12,No
1045,Tienda Tudela,Tienda,2,Madrid Norte,2022-10-04,Sí
1046,Bar Querol,Bar,3,Madrid Sur,2022-01-09,Sí
1047,Supermercado Salamanca,Supermercado,3,Madrid Sur,2021-12-09,Sí
1048,Tienda Carpio,Tienda,5,Madrid Oeste,2019-12-04,Sí
1049,Bar Linares,Bar,3,Madrid Sur,2021-09-29,Sí
1050,Bar Ros,Bar,5,Madrid Oeste,2021-03-07,Sí
1051,Bar Arnal,Bar,1,Madrid Centro,2016-11-05,Sí
1052,Bar Valls,Bar,8,Getafe,2020-01-11,No
1053,Bar Gual,Bar,1,Madrid Centro,2026-01-30,Sí
1054,Bar Carreras,Bar,3,Madrid Sur,2017-01-27,Sí
1055,Bar Mascaró,Bar,7,San Sebastián de los Reyes,2025-04-11,Sí
1056,Supermercado Valera,Supermercado,3,Madrid Sur,2025-07-03,Sí
1057,Gasolinera Segarra,Gasolinera,10,Móstoles,2020-02-10,Sí
1058,Bar Arana,Bar,1,Madrid Centro,2024-07-25,Sí
1059,Bar Gabaldón,Bar,6,Alcobendas,2024-03-09,No
1060,Bar Espejo,Bar,1,Madrid Centro,2024-07-30,Sí
1061,Gasolinera Salmerón,Gasolinera,11,Alcorcón,2019-05-22,Sí
1062,Bar Pulido,Bar,4,Madrid Este,2026-03-28,Sí
1063,Bar Álamo,Bar,3,Madrid Sur,2018-01-29,Sí
1064,Bar Cardona,Bar,2,Madrid Norte,2024-04-13,Sí
1065,Bar Mena,Bar,7,San Sebastián de los Reyes,2021-02-08,No
1066,Supermercado Pardo,Supermercado,3,Madrid Sur,2023-08-28,Sí
1067,Bar Abascal,Bar,3,Madrid Sur,2017-02-02,Sí
1068,Gasolinera Escalona,Gasolinera,12,Fuenlabrada,2019-03-09,Sí
1069,Tienda Guillén,Tienda,3,Madrid Sur,2022-06-02,Sí
1070,Restaurante Viña,Restaurante,10,Móstoles,2021-04-10,Sí
1071,Tienda Tomás,Tienda,4,Madrid Este,2020-02-28,Sí
1072,Tienda Alfaro,Tienda,5,Madrid Oeste,2022-07-05,Sí
1073,Supermercado Segarra,Supermercado,9,Leganés,2019-10-17,Sí
1074,Bar Serna,Bar,1,Madrid Centro,2023-10-26,No
1075,Bar Mínguez,Bar,8,Getafe,2023-12-27,No
1076,Bar Camacho,Bar,2,Madrid Norte,2025-10-22,Sí
1077,Bar Galindo,Bar,6,Alcobendas,2020-05-16,Sí
1078,Bar Casares,Bar,8,Getafe,2020-05-05,Sí
1079,Bar Quintanilla,Bar,7,San Sebastián de los Reyes,2022-03-18,Sí
1080,Gasolinera Rozas,Gasolinera,7,San Sebastián de los Reyes,2018-03-07,No
1081,Tienda Guardia,Tienda,4,Madrid Este,2016-11-13,No
1082,Bar Valero,Bar,1,Madrid Centro,2021-04-04,No
1083,Tienda Sandoval,Tienda,3,Madrid Sur,2023-02-02,Sí
1084,Bar Carballo,Bar,1,Madrid Centro,2022-11-02,Sí
1085,Tienda Uribe,Tienda,12,Fuenlabrada,2017-11-04,No
1086,Gasolinera Quirós,Gasolinera,5,Madrid Oeste,2025-01-01,Sí
1087,Restaurante Chamorro,Restaurante,3,Madrid Sur,2017-09-05,Sí
1088,Bar Planas,Bar,2,Madrid Norte,2017-10-22,No
1089,Tienda Cobo,Tienda,9,Leganés,2017-09-12,Sí
1090,Gasolinera Borrego,Gasolinera,1,Madrid Centro,2019-05-06,Sí
1091,Supermercado Jerez,Supermercado,1,Madrid Centro,2022-07-02,Sí
1092,Supermercado Piñol,Supermercado,8,Getafe,2025-03-11,Sí
1093,Bar Pera,Bar,12,Fuenlabrada,2019-05-23,Sí
1094,Tienda Pomares,Tienda,1,Madrid Centro,2022-04-21,Sí
1095,Bar Cantero,Bar,9,Leganés,2020-09-11,Sí
1096,Supermercado Farré,Supermercado,5,Madrid Oeste,2019-06-23,Sí
1097,Bar Ribes,Bar,7,San Sebastián de los Reyes,2022-08-29,Sí
1098,Restaurante Somoza,Restaurante,2,Madrid Norte,2026-02-10,Sí
1099,Bar Higueras,Bar,2,Madrid Norte,2024-04-28,Sí
1100,Bar Español,Bar,9,Leganés,2022-11-21,Sí
1101,Bar Ojeda,Bar,1,Madrid Centro,2022-05-31,Sí
1102,Tienda Tejada,Tienda,2,Madrid Norte,2017-04-04,Sí
1103,Restaurante Hervás,Restaurante,2,Madrid Norte,2022-06-28,Sí
1104,Bar Perera,Bar,9,Leganés,2018-03-27,Sí
1105,Bar Cabañas,Bar,4,Madrid Este,2025-06-23,Sí
1106,Bar Ponce,Bar,9,Leganés,2024-08-17,Sí
1107,Restaurante Almagro,Restaurante,1,Madrid Centro,2021-07-08,Sí
1108,Bar Torralba,Bar,7,San Sebastián de los Reyes,2018-07-01,Sí
1109,Gasolinera Gelabert,Gasolinera,3,Madrid Sur,2024-12-20,Sí
1110,Tienda Valentín,Tienda,6,Alcobendas,2024-10-22,Sí
1111,Bar Juan,Bar,8,Getafe,2017-07-23,No
1112,Restaurante Sales,Restaurante,1,Madrid Centro,2020-10-03,Sí
1113,Tienda Blazquez,Tienda,1,Madrid Centro,2021-07-18,Sí
1114,Bar Pardo,Bar,1,Madrid Centro,2016-09-19,Sí
1115,Supermercado Ariza,Supermercado,3,Madrid Sur,2018-01-16,Sí
1116,Bar Macias,Bar,9,Leganés,2018-03-08,Sí
1117,Bar Verdejo,Bar,1,Madrid Centro,2025-11-21,Sí
1118,Bar Gálvez,Bar,1,Madrid Centro,2018-09-16,No
1119,Gasolinera Aguilar,Gasolinera,1,Madrid Centro,2024-04-22,Sí
1120,Tienda Reig,Tienda,1,Madrid Centro,2025-11-27,No
1121,Bar Marqués,Bar,4,Madrid Este,2023-12-20,Sí
1122,Gasolinera Vargas,Gasolinera,4,Madrid Este,2021-05-29,Sí
1123,Supermercado Valle,Supermercado,1,Madrid Centro,2018-09-07,Sí
1124,Bar Vega,Bar,10,Móstoles,2023-08-06,Sí
1125,Supermercado Mayol,Supermercado,6,Alcobendas,2020-09-20,Sí
1126,Bar Huguet,Bar,4,Madrid Este,2018-03-20,Sí
1127,Tienda Abril,Tienda,4,Madrid Este,2019-03-23,Sí
1128,Bar Alarcón,Bar,3,Madrid Sur,2017-01-05,Sí
1129,Tienda Bru,Tienda,4,Madrid Este,2023-07-18,Sí
1130,Bar Carreras,Bar,6,Alcobendas,2022-12-08,Sí
1131,Tienda Mendizábal,Tienda,4,Madrid Este,2017-11-23,Sí
1132,Tienda Cuenca,Tienda,1,Madrid Centro,2016-12-30,Sí
1133,Bar Noguera,Bar,3,Madrid Sur,2020-11-27,Sí
1134,Supermercado Torrecilla,Supermercado,1,Madrid Centro,2017-03-21,Sí
1135,Tienda Camacho,Tienda,3,Madrid Sur,2020-11-21,Sí
1136,Bar Castelló,Bar,7,San Sebastián de los Reyes,2019-05-04,Sí
1137,Supermercado Arrieta,Supermercado,3,Madrid Sur,2017-01-26,Sí
1138,Supermercado Exposito,Supermercado,2,Madrid Norte,2025-04-30,Sí
1139,Restaurante Abellán,Restaurante,7,San Sebastián de los Reyes,2022-07-01,Sí
1140,Gasolinera Aranda,Gasolinera,3,Madrid Sur,2016-06-03,Sí
1141,Bar Bonet,Bar,8,Getafe,2025-09-20,Sí
1142,Restaurante Toledo,Restaurante,2,Madrid Norte,2022-10-26,Sí
1143,Bar Uribe,Bar,9,Leganés,2017-06-28,Sí
1144,Restaurante Comas,Restaurante,9,Leganés,2017-12-13,Sí
1145,Bar Pinilla,Bar,2,Madrid Norte,2021-03-05,Sí
1146,Restaurante Exposito,Restaurante,9,Leganés,2018-06-26,Sí
1147,Bar Fabregat,Bar,4,Madrid Este,2018-05-15,Sí
1148,Bar Cisneros,Bar,2,Madrid Norte,2023-02-02,No
1149,Gasolinera Sosa,Gasolinera,3,Madrid Sur,2019-06-04,Sí
1150,Bar Cantón,Bar,10,Móstoles,2017-10-23,Sí
1151,Gasolinera Ferrán,Gasolinera,3,Madrid Sur,2021-07-14,Sí
1152,Bar Coronado,Bar,10,Móstoles,2019-10-03,Sí
1153,Bar Andrés,Bar,4,Madrid Este,2019-03-22,Sí
1154,Bar Cañellas,Bar,9,Leganés,2016-06-15,Sí
1155,Restaurante Murillo,Restaurante,5,Madrid Oeste,2018-12-04,Sí
1156,Supermercado Tudela,Supermercado,4,Madrid Este,2026-05-10,Sí
1157,Supermercado Atienza,Supermercado,2,Madrid Norte,2016-11-19,Sí
1158,Bar Gallego,Bar,3,Madrid Sur,2016-08-07,Sí
1159,Restaurante Álamo,Restaurante,6,Alcobendas,2022-12-25,Sí
1160,Bar Gimenez,Bar,8,Getafe,2019-09-06,Sí
1161,Restaurante Guardiola,Restaurante,5,Madrid Oeste,2023-02-08,Sí
1162,Bar Garay,Bar,3,Madrid Sur,2018-09-11,Sí
1163,Bar Jurado,Bar,1,Madrid Centro,2021-03-04,Sí
1164,Restaurante Contreras,Restaurante,2,Madrid Norte,2023-07-06,Sí
1165,Bar Campo,Bar,6,Alcobendas,2025-06-08,Sí
1166,Bar Tejedor,Bar,3,Madrid Sur,2025-04-07,Sí
1167,Tienda García,Tienda,9,Leganés,2020-06-01,Sí
1168,Bar Aller,Bar,4,Madrid Este,2023-12-04,Sí
1169,Bar Bautista,Bar,4,Madrid Este,2023-07-06,Sí
1170,Bar Capdevila,Bar,2,Madrid Norte,2017-09-27,No
1171,Bar Alegre,Bar,8,Getafe,2018-08-30,Sí
1172,Bar Escamilla,Bar,3,Madrid Sur,2023-10-19,Sí
1173,Tienda Sánchez,Tienda,1,Madrid Centro,2023-01-14,Sí
1174,Supermercado Quevedo,Supermercado,8,Getafe,2016-08-26,Sí
1175,Tienda Leal,Tienda,11,Alcorcón,2017-10-11,Sí
1176,Bar Guzmán,Bar,4,Madrid Este,2022-02-15,Sí
1177,Restaurante Pacheco,Restaurante,10,Móstoles,2022-04-07,No
1178,Restaurante Acuña,Restaurante,9,Leganés,2024-09-25,Sí
1179,Tienda Segarra,Tienda,6,Alcobendas,2016-09-17,Sí
1180,Bar Alba,Bar,2,Madrid Norte,2022-03-29,Sí
1181,Bar Armengol,Bar,2,Madrid Norte,2024-08-31,Sí
1182,Bar Jódar,Bar,1,Madrid Centro,2022-08-26,Sí
1183,Bar Romeu,Bar,9,Leganés,2025-03-31,Sí
1184,Tienda Palma,Tienda,1,Madrid Centro,2018-03-04,Sí
1185,Bar Alvarez,Bar,7,San Sebastián de los Reyes,2016-06-02,Sí
1186,Bar Múgica,Bar,3,Madrid Sur,2024-10-27,Sí
1187,Restaurante Almansa,Restaurante,5,Madrid Oeste,2024-04-27,Sí
1188,Bar Manrique,Bar,2,Madrid Norte,2017-05-08,Sí
1189,Bar Seguí,Bar,5,Madrid Oeste,2022-12-19,Sí
1190,Bar Alberto,Bar,6,Alcobendas,2024-08-12,Sí
1191,Bar Peláez,Bar,12,Fuenlabrada,2017-11-11,Sí
1192,Gasolinera Berrocal,Gasolinera,3,Madrid Sur,2017-07-22,Sí
1193,Tienda Atienza,Tienda,3,Madrid Sur,2018-10-18,Sí
1194,Bar Blázquez,Bar,8,Getafe,2018-10-27,Sí
1195,Restaurante Zabaleta,Restaurante,6,Alcobendas,2017-01-10,Sí
1196,Restaurante Estévez,Restaurante,6,Alcobendas,2023-09-21,Sí
1197,Supermercado Aragón,Supermercado,12,Fuenlabrada,2018-05-09,Sí
1198,Tienda Rodrigo,Tienda,11,Alcorcón,2024-05-24,Sí
1199,Supermercado Cuéllar,Supermercado,3,Madrid Sur,2023-12-21,Sí
1200,Supermercado Tomé,Supermercado,3,Madrid Sur,2018-04-27,Sí
1201,Supermercado Bermejo,Supermercado,3,Madrid Sur,2022-05-10,Sí
1202,Bar Guerrero,Bar,8,Getafe,2020-10-16,Sí
1203,Bar Pla,Bar,6,Alcobendas,2023-06-26,Sí
1204,Bar Jara,Bar,1,Madrid Centro,2021-08-11,No
1205,Bar Olivera,Bar,4,Madrid Este,2023-03-03,Sí
1206,Restaurante Viñas,Restaurante,3,Madrid Sur,2017-07-29,Sí
1207,Gasolinera Reguera,Gasolinera,6,Alcobendas,2019-02-18,Sí
1208,Gasolinera Granados,Gasolinera,1,Madrid Centro,2020-07-24,Sí
1209,Bar Calzada,Bar,8,Getafe,2020-03-02,Sí
1210,Bar Vergara,Bar,6,Alcobendas,2019-08-13,Sí
1211,Bar Matas,Bar,1,Madrid Centro,2017-10-19,Sí
1212,Bar Cabezas,Bar,3,Madrid Sur,2024-08-20,Sí
1213,Restaurante Peralta,Restaurante,2,Madrid Norte,2025-02-08,Sí
1214,Bar Pardo,Bar,4,Madrid Este,2016-12-30,Sí
1215,Restaurante Mena,Restaurante,8,Getafe,2021-03-16,Sí
1216,Bar Pintor,Bar,5,Madrid Oeste,2017-02-16,Sí
1217,Gasolinera Nogueira,Gasolinera,1,Madrid Centro,2018-07-22,Sí
1218,Tienda Amat,Tienda,1,Madrid Centro,2018-10-17,Sí
1219,Bar Solé,Bar,5,Madrid Oeste,2018-01-11,Sí
1220,Gasolinera Barral,Gasolinera,3,Madrid Sur,2023-02-14,Sí
1221,Bar Bravo,Bar,1,Madrid Centro,2017-06-05,Sí
1222,Restaurante Osorio,Restaurante,3,Madrid Sur,2025-02-24,Sí
1223,Bar Batalla,Bar,1,Madrid Centro,2024-03-04,Sí
1224,Tienda Cazorla,Tienda,1,Madrid Centro,2020-07-18,Sí
1225,Bar Aller,Bar,2,Madrid Norte,2020-07-18,Sí
1226,Restaurante Ferrán,Restaurante,1,Madrid Centro,2022-11-03,No
1227,Tienda Font,Tienda,5,Madrid Oeste,2016-09-09,Sí
1228,Bar Amador,Bar,5,Madrid Oeste,2019-09-27,Sí
1229,Bar Serra,Bar,5,Madrid Oeste,2023-01-23,Sí
1230,Gasolinera Aguirre,Gasolinera,4,Madrid Este,2019-12-05,Sí
1231,Tienda Galán,Tienda,3,Madrid Sur,2023-06-13,Sí
1232,Bar Ibarra,Bar,9,Leganés,2017-02-03,Sí
1233,Restaurante Verdugo,Restaurante,3,Madrid Sur,2023-05-25,Sí
1234,Tienda Peñalver,Tienda,7,San Sebastián de los Reyes,2024-08-26,Sí
1235,Restaurante Anaya,Restaurante,5,Madrid Oeste,2022-05-27,Sí
1236,Bar Izaguirre,Bar,3,Madrid Sur,2024-08-03,Sí
1237,Bar Almagro,Bar,8,Getafe,2021-07-11,Sí
1238,Tienda Marin,Tienda,4,Madrid Este,2018-03-28,Sí
1239,Gasolinera Duarte,Gasolinera,2,Madrid Norte,2017-01-17,Sí
1240,Tienda Fonseca,Tienda,7,San Sebastián de los Reyes,2018-05-17,Sí
1241,Restaurante Portillo,Restaurante,8,Getafe,2022-05-23,Sí
1242,Tienda Carmona,Tienda,9,Leganés,2018-01-07,Sí
1243,Bar Barrena,Bar,3,Madrid Sur,2019-10-05,Sí
1244,Restaurante Rodríguez,Restaurante,6,Alcobendas,2021-05-18,Sí
1245,Bar Solé,Bar,4,Madrid Este,2021-07-24,No
1246,Gasolinera Lucas,Gasolinera,5,Madrid Oeste,2021-01-05,No
1247,Restaurante Márquez,Restaurante,11,Alcorcón,2021-08-24,No
1248,Bar Pedraza,Bar,2,Madrid Norte,2016-10-17,Sí
1249,Tienda Alcolea,Tienda,1,Madrid Centro,2020-12-23,Sí
1250,Tienda Quintana,Tienda,3,Madrid Sur,2018-12-24,Sí
1251,Bar Martorell,Bar,3,Madrid Sur,2022-07-31,Sí
1252,Bar Bustos,Bar,3,Madrid Sur,2021-11-26,Sí
1253,Supermercado Sarmiento,Supermercado,9,Leganés,2025-12-11,Sí
1254,Tienda Gonzalez,Tienda,3,Madrid Sur,2017-11-27,Sí
1255,Tienda Valverde,Tienda,5,Madrid Oeste,2021-01-04,Sí
1256,Bar Real,Bar,4,Madrid Este,2025-01-11,Sí
1257,Restaurante Mateo,Restaurante,9,Leganés,2017-03-07,Sí
1258,Restaurante Cobo,Restaurante,1,Madrid Centro,2020-09-26,Sí
1259,Restaurante Vilalta,Restaurante,3,Madrid Sur,2020-09-06,Sí
1260,Gasolinera Ariño,Gasolinera,11,Alcorcón,2018-12-04,No
1261,Tienda Bernat,Tienda,4,Madrid Este,2023-11-10,Sí
1262,Tienda Robles,Tienda,10,Móstoles,2025-02-10,Sí
1263,Bar Osorio,Bar,7,San Sebastián de los Reyes,2023-09-05,Sí
1264,Gasolinera Molins,Gasolinera,8,Getafe,2025-04-28,No
1265,Tienda Tapia,Tienda,1,Madrid Centro,2022-01-05,Sí
1266,Bar Rosa,Bar,1,Madrid Centro,2018-04-02,Sí
1267,Gasolinera Arranz,Gasolinera,7,San Sebastián de los Reyes,2022-08-06,Sí
1268,Bar Cervera,Bar,6,Alcobendas,2023-03-16,Sí
1269,Bar Río,Bar,7,San Sebastián de los Reyes,2021-04-29,Sí
1270,Supermercado Escamilla,Supermercado,8,Getafe,2017-10-19,Sí
1271,Tienda Jaén,Tienda,2,Madrid Norte,2017-02-01,Sí
1272,Restaurante Marquez,Restaurante,1,Madrid Centro,2026-01-30,Sí
1273,Gasolinera Gonzalez,Gasolinera,5,Madrid Oeste,2025-09-28,Sí
1274,Gasolinera Ledesma,Gasolinera,3,Madrid Sur,2019-12-07,Sí
1275,Gasolinera Antúnez,Gasolinera,9,Leganés,2017-07-31,Sí
1276,Restaurante Almazán,Restaurante,3,Madrid Sur,2019-10-14,Sí
1277,Restaurante Abellán,Restaurante,2,Madrid Norte,2023-11-27,Sí
1278,Bar Cerezo,Bar,7,San Sebastián de los Reyes,2025-04-07,No
1279,Restaurante Santana,Restaurante,9,Leganés,2017-05-17,Sí
1280,Tienda Fonseca,Tienda,5,Madrid Oeste,2022-06-12,Sí
1281,Restaurante Dalmau,Restaurante,6,Alcobendas,2018-08-06,No
1282,Gasolinera Luján,Gasolinera,3,Madrid Sur,2017-03-19,Sí
1283,Tienda Peláez,Tienda,3,Madrid Sur,2025-07-29,Sí
1284,Tienda Barrios,Tienda,2,Madrid Norte,2022-07-29,Sí
1285,Bar Molina,Bar,4,Madrid Este,2024-12-19,Sí
1286,Gasolinera Villar,Gasolinera,11,Alcorcón,2017-02-18,Sí
1287,Bar Amigó,Bar,3,Madrid Sur,2016-11-10,Sí
1288,Bar Gallardo,Bar,2,Madrid Norte,2023-10-10,Sí
1289,Bar Flor,Bar,9,Leganés,2025-07-31,Sí
1290,Supermercado López,Supermercado,3,Madrid Sur,2018-05-13,Sí
1291,Restaurante Anglada,Restaurante,3,Madrid Sur,2025-05-15,Sí
1292,Bar Peral,Bar,7,San Sebastián de los Reyes,2022-06-22,Sí
1293,Bar Manzanares,Bar,4,Madrid Este,2025-01-26,Sí
1294,Bar Álamo,Bar,8,Getafe,2019-04-15,No
1295,Tienda Alberdi,Tienda,1,Madrid Centro,2018-10-09,Sí
1296,Gasolinera Múñiz,Gasolinera,5,Madrid Oeste,2022-01-01,Sí
1297,Bar Galiano,Bar,4,Madrid Este,2019-05-21,Sí
1298,Bar Calderon,Bar,9,Leganés,2019-01-31,Sí
1299,Tienda Cisneros,Tienda,9,Leganés,2022-04-27,Sí
1300,Bar Blázquez,Bar,5,Madrid Oeste,2019-09-13,No
1301,Bar Jiménez,Bar,1,Madrid Centro,2021-01-08,Sí
1302,Restaurante Trillo,Restaurante,2,Madrid Norte,2018-07-02,Sí
1303,Tienda Nogueira,Tienda,3,Madrid Sur,2025-05-08,No
1304,Restaurante Moraleda,Restaurante,2,Madrid Norte,2025-07-14,Sí
1305,Gasolinera Cruz,Gasolinera,1,Madrid Centro,2025-02-07,Sí
1306,Tienda Benavente,Tienda,5,Madrid Oeste,2021-11-09,Sí
1307,Tienda Jódar,Tienda,5,Madrid Oeste,2020-06-27,Sí
1308,Tienda Río,Tienda,5,Madrid Oeste,2025-04-18,Sí
1309,Bar Abad,Bar,4,Madrid Este,2018-02-04,Sí
1310,Tienda Villa,Tienda,8,Getafe,2022-02-26,Sí
1311,Bar Casado,Bar,2,Madrid Norte,2023-12-07,Sí
1312,Bar Contreras,Bar,4,Madrid Este,2021-06-15,Sí
1313,Tienda Dalmau,Tienda,12,Fuenlabrada,2020-02-21,Sí
1314,Bar Jara,Bar,6,Alcobendas,2021-03-10,Sí
1315,Tienda Salvador,Tienda,3,Madrid Sur,2021-02-02,Sí
1316,Bar Garay,Bar,8,Getafe,2017-06-26,Sí
1317,Restaurante Vila,Restaurante,4,Madrid Este,2022-04-03,Sí
1318,Bar Gil,Bar,5,Madrid Oeste,2017-03-07,No
1319,Gasolinera Soria,Gasolinera,4,Madrid Este,2026-02-10,Sí
1320,Tienda Cortés,Tienda,3,Madrid Sur,2017-10-24,Sí
1321,Bar Daza,Bar,12,Fuenlabrada,2025-09-06,Sí
1322,Bar Calderón,Bar,7,San Sebastián de los Reyes,2018-08-15,Sí
1323,Restaurante Adán,Restaurante,5,Madrid Oeste,2018-12-14,Sí
1324,Bar Agustí,Bar,3,Madrid Sur,2024-03-26,No
1325,Tienda Castellanos,Tienda,6,Alcobendas,2016-10-28,Sí
1326,Bar Fortuny,Bar,7,San Sebastián de los Reyes,2018-11-25,Sí
1327,Tienda Escamilla,Tienda,7,San Sebastián de los Reyes,2021-11-24,No
1328,Gasolinera Fortuny,Gasolinera,2,Madrid Norte,2019-07-01,Sí
1329,Bar Vega,Bar,11,Alcorcón,2018-02-11,Sí
1330,Bar Valenzuela,Bar,8,Getafe,2024-04-03,Sí
1331,Restaurante Castejón,Restaurante,6,Alcobendas,2020-06-02,Sí
1332,Bar Salinas,Bar,1,Madrid Centro,2017-05-11,No
1333,Bar Martin,Bar,3,Madrid Sur,2018-04-11,Sí
1334,Bar Noguera,Bar,3,Madrid Sur,2024-08-24,Sí
1335,Bar Tello,Bar,2,Madrid Norte,2024-07-09,Sí
1336,Tienda Barberá,Tienda,6,Alcobendas,2022-10-31,Sí
1337,Supermercado Redondo,Supermercado,3,Madrid Sur,2023-01-11,Sí
1338,Bar Estévez,Bar,2,Madrid Norte,2019-11-14,Sí
1339,Gasolinera Cuervo,Gasolinera,1,Madrid Centro,2024-06-03,No
1340,Supermercado Seguí,Supermercado,5,Madrid Oeste,2021-02-28,No
1341,Bar Catalán,Bar,5,Madrid Oeste,2023-09-23,No
1342,Tienda Garriga,Tienda,9,Leganés,2023-08-23,Sí
1343,Bar Vélez,Bar,11,Alcorcón,2016-10-09,Sí
1344,Bar Escribano,Bar,5,Madrid Oeste,2022-04-09,Sí
1345,Bar Mascaró,Bar,3,Madrid Sur,2025-12-25,Sí
1346,Bar Huguet,Bar,9,Leganés,2025-03-11,Sí
1347,Tienda Terrón,Tienda,3,Madrid Sur,2016-10-02,No
1348,Bar Olmedo,Bar,4,Madrid Este,2018-12-11,No
1349,Bar Zorrilla,Bar,7,San Sebastián de los Reyes,2024-04-16,Sí
1350,Bar Girón,Bar,3,Madrid Sur,2021-06-04,Sí
1351,Bar Baena,Bar,9,Leganés,2022-12-28,Sí
1352,Gasolinera Herrero,Gasolinera,7,San Sebastián de los Reyes,2025-06-19,Sí
1353,Tienda Casanovas,Tienda,9,Leganés,2022-09-19,Sí
1354,Bar Gordillo,Bar,4,Madrid Este,2022-03-01,Sí
1355,Bar Mendez,Bar,12,Fuenlabrada,2017-07-03,Sí
1356,Tienda Palma,Tienda,10,Móstoles,2018-04-08,Sí
1357,Bar Tamarit,Bar,3,Madrid Sur,2020-04-08,Sí
1358,Restaurante Mariño,Restaurante,3,Madrid Sur,2021-10-11,Sí
1359,Tienda Olmo,Tienda,1,Madrid Centro,2017-10-04,Sí
1360,Tienda Mancebo,Tienda,3,Madrid Sur,2019-12-31,Sí
1361,Gasolinera Pascual,Gasolinera,6,Alcobendas,2022-02-17,Sí
1362,Tienda Navarrete,Tienda,3,Madrid Sur,2020-06-30,Sí
1363,Restaurante Rueda,Restaurante,8,Getafe,2021-08-15,Sí
1364,Tienda Mendoza,Tienda,4,Madrid Este,2017-09-12,Sí
1365,Bar Llopis,Bar,12,Fuenlabrada,2023-05-04,Sí
1366,Bar Catalá,Bar,4,Madrid Este,2020-04-11,Sí
1367,Gasolinera Iglesia,Gasolinera,1,Madrid Centro,2024-02-21,Sí
1368,Restaurante Hernandez,Restaurante,3,Madrid Sur,2016-09-13,Sí
1369,Tienda Cuéllar,Tienda,5,Madrid Oeste,2021-02-09,Sí
1370,Bar Leal,Bar,3,Madrid Sur,2019-02-23,Sí
1371,Restaurante Tejera,Restaurante,3,Madrid Sur,2023-08-14,Sí
1372,Bar España,Bar,10,Móstoles,2021-04-06,Sí
1373,Tienda Avilés,Tienda,3,Madrid Sur,2023-03-05,Sí
1374,Tienda Cabo,Tienda,4,Madrid Este,2018-06-18,Sí
1375,Bar Fuster,Bar,4,Madrid Este,2025-03-22,Sí
1376,Gasolinera Asensio,Gasolinera,3,Madrid Sur,2017-12-05,Sí
1377,Bar Arellano,Bar,10,Móstoles,2022-11-11,Sí
1378,Bar Castells,Bar,7,San Sebastián de los Reyes,2021-03-21,Sí
1379,Bar Calleja,Bar,2,Madrid Norte,2019-06-26,Sí
1380,Restaurante Francisco,Restaurante,8,Getafe,2021-01-25,Sí
1381,Bar Gutierrez,Bar,8,Getafe,2024-01-08,Sí
1382,Bar Manzanares,Bar,1,Madrid Centro,2021-07-04,Sí
1383,Bar Pizarro,Bar,1,Madrid Centro,2018-03-04,Sí
1384,Bar Tamayo,Bar,4,Madrid Este,2022-12-01,Sí
1385,Bar Alfaro,Bar,3,Madrid Sur,2022-01-05,Sí
1386,Tienda Asenjo,Tienda,7,San Sebastián de los Reyes,2018-06-07,Sí
1387,Bar Cabezas,Bar,1,Madrid Centro,2021-12-17,Sí
1388,Bar Busquets,Bar,6,Alcobendas,2023-08-03,Sí
1389,Tienda Cerro,Tienda,6,Alcobendas,2025-11-29,No
1390,Bar Montesinos,Bar,4,Madrid Este,2026-04-22,Sí
1391,Gasolinera Infante,Gasolinera,1,Madrid Centro,2017-03-14,Sí
1392,Bar Sáenz,Bar,8,Getafe,2016-07-03,Sí
1393,Gasolinera Macías,Gasolinera,1,Madrid Centro,2019-04-07,Sí
1394,Tienda Adán,Tienda,12,Fuenlabrada,2024-09-13,Sí
1395,Tienda Barrios,Tienda,3,Madrid Sur,2018-09-29,Sí
1396,Gasolinera Miranda,Gasolinera,12,Fuenlabrada,2020-06-19,No
1397,Gasolinera Barragán,Gasolinera,3,Madrid Sur,2019-07-06,Sí
1398,Tienda Abella,Tienda,4,Madrid Este,2023-06-03,Sí
1399,Bar Garcés,Bar,4,Madrid Este,2020-03-10,No
1400,Restaurante Rios,Restaurante,5,Madrid Oeste,2018-02-18,Sí
1401,Bar Corominas,Bar,4,Madrid Este,2023-08-26,Sí
1402,Bar Palomo,Bar,8,Getafe,2024-09-18,No
1403,Gasolinera Ocaña,Gasolinera,4,Madrid Este,2023-11-17,Sí
1404,Bar Sanabria,Bar,7,San Sebastián de los Reyes,2018-03-18,Sí
1405,Restaurante Belmonte,Restaurante,4,Madrid Este,2021-03-17,Sí
1406,Restaurante Báez,Restaurante,3,Madrid Sur,2022-04-21,Sí
1407,Bar León,Bar,3,Madrid Sur,2024-02-14,Sí
1408,Tienda Noguera,Tienda,2,Madrid Norte,2020-07-17,Sí
1409,Bar Reina,Bar,9,Leganés,2017-04-21,Sí
1410,Bar Lladó,Bar,2,Madrid Norte,2019-06-05,Sí
1411,Restaurante Cámara,Restaurante,3,Madrid Sur,2017-02-21,Sí
1412,Tienda Garay,Tienda,5,Madrid Oeste,2024-03-06,Sí
1413,Bar Belmonte,Bar,11,Alcorcón,2025-07-26,Sí
1414,Bar Cabrero,Bar,4,Madrid Este,2023-01-07,Sí
1415,Bar Pallarès,Bar,9,Leganés,2022-05-07,Sí
1416,Tienda Posada,Tienda,6,Alcobendas,2025-01-27,Sí
1417,Tienda Segura,Tienda,3,Madrid Sur,2023-12-16,Sí
1418,Gasolinera Cervantes,Gasolinera,11,Alcorcón,2026-03-23,Sí
1419,Tienda Vall,Tienda,4,Madrid Este,2022-05-26,No
1420,Bar Huertas,Bar,5,Madrid Oeste,2018-05-23,Sí
1421,Supermercado Izquierdo,Supermercado,4,Madrid Este,2024-12-26,Sí
1422,Bar Abril,Bar,9,Leganés,2024-11-12,Sí
1423,Bar Feliu,Bar,10,Móstoles,2022-12-24,No
1424,Supermercado Gil,Supermercado,8,Getafe,2020-12-30,Sí
1425,Supermercado Lara,Supermercado,1,Madrid Centro,2020-04-04,Sí
1426,Bar Larrañaga,Bar,8,Getafe,2022-03-21,No
1427,Bar Bernal,Bar,11,Alcorcón,2019-07-22,Sí
1428,Bar Ballesteros,Bar,8,Getafe,2022-06-15,Sí
1429,Bar Abad,Bar,11,Alcorcón,2017-04-27,Sí
1430,Restaurante Santamaria,Restaurante,10,Móstoles,2023-09-25,Sí
1431,Bar Valls,Bar,6,Alcobendas,2021-11-06,Sí
1432,Bar Corominas,Bar,1,Madrid Centro,2023-08-17,Sí
1433,Bar Villalobos,Bar,6,Alcobendas,2021-02-03,Sí
1434,Bar Vallejo,Bar,10,Móstoles,2026-03-06,No
1435,Bar Camino,Bar,1,Madrid Centro,2024-09-07,Sí
1436,Bar Figueras,Bar,11,Alcorcón,2025-12-21,Sí
1437,Tienda Enríquez,Tienda,10,Móstoles,2018-01-15,Sí
1438,Supermercado Saez,Supermercado,10,Móstoles,2020-03-02,Sí
1439,Supermercado Delgado,Supermercado,8,Getafe,2020-12-06,Sí
1440,Gasolinera Salvà,Gasolinera,1,Madrid Centro,2023-09-20,Sí
1441,Bar Chaves,Bar,9,Leganés,2018-07-30,Sí
1442,Bar Pablo,Bar,3,Madrid Sur,2025-06-25,Sí
1443,Gasolinera Cervantes,Gasolinera,9,Leganés,2022-02-14,No
1444,Bar Granados,Bar,4,Madrid Este,2024-03-16,No
1445,Tienda Montesinos,Tienda,1,Madrid Centro,2017-03-30,Sí
1446,Tienda Lucena,Tienda,4,Madrid Este,2024-08-04,Sí
1447,Bar Vilar,Bar,10,Móstoles,2019-08-15,Sí
1448,Restaurante Morán,Restaurante,8,Getafe,2025-10-21,Sí
1449,Gasolinera Moya,Gasolinera,11,Alcorcón,2024-01-23,Sí
1450,Bar Sedano,Bar,5,Madrid Oeste,2025-09-03,Sí
1451,Tienda Pelayo,Tienda,3,Madrid Sur,2017-11-22,Sí
1452,Bar Lastra,Bar,8,Getafe,2023-06-16,Sí
1453,Bar Batalla,Bar,5,Madrid Oeste,2024-10-23,Sí
1454,Gasolinera Palacios,Gasolinera,1,Madrid Centro,2017-06-27,Sí
1455,Bar Álvarez,Bar,2,Madrid Norte,2024-09-28,Sí
1456,Bar Alberdi,Bar,2,Madrid Norte,2019-09-03,No
1457,Bar Fuentes,Bar,12,Fuenlabrada,2017-03-21,Sí
1458,Bar Angulo,Bar,3,Madrid Sur,2019-02-24,Sí
1459,Bar Flores,Bar,1,Madrid Centro,2020-09-03,Sí
1460,Bar Yáñez,Bar,2,Madrid Norte,2020-10-04,Sí
1461,Tienda Losada,Tienda,3,Madrid Sur,2021-04-15,Sí
1462,Tienda Montoya,Tienda,7,San Sebastián de los Reyes,2024-02-22,Sí
1463,Gasolinera Hernández,Gasolinera,1,Madrid Centro,2019-04-14,Sí
1464,Bar Gascón,Bar,9,Leganés,2020-04-26,Sí
1465,Bar Duque,Bar,5,Madrid Oeste,2017-01-14,Sí
1466,Bar Sandoval,Bar,7,San Sebastián de los Reyes,2025-06-28,No
1467,Bar Maldonado,Bar,7,San Sebastián de los Reyes,2023-09-12,Sí
1468,Bar Taboada,Bar,11,Alcorcón,2021-01-24,Sí
1469,Bar Luz,Bar,8,Getafe,2021-11-30,Sí
1470,Bar Torrents,Bar,4,Madrid Este,2022-06-12,Sí
1471,Restaurante Alberto,Restaurante,8,Getafe,2023-02-20,Sí
1472,Gasolinera Gil,Gasolinera,1,Madrid Centro,2023-09-14,No
1473,Tienda Valls,Tienda,3,Madrid Sur,2026-05-27,Sí
1474,Gasolinera Llopis,Gasolinera,6,Alcobendas,2019-05-23,Sí
1475,Tienda Galvez,Tienda,4,Madrid Este,2024-06-06,Sí
1476,Gasolinera Terrón,Gasolinera,9,Leganés,2018-11-16,Sí
1477,Bar Llobet,Bar,1,Madrid Centro,2025-11-23,Sí
1478,Bar Blanca,Bar,1,Madrid Centro,2023-06-08,Sí
1479,Tienda Andrés,Tienda,5,Madrid Oeste,2025-12-05,Sí
1480,Bar Grande,Bar,1,Madrid Centro,2022-06-18,No
1481,Gasolinera Gilabert,Gasolinera,2,Madrid Norte,2021-03-13,Sí
1482,Bar Criado,Bar,2,Madrid Norte,2020-04-17,Sí
1483,Supermercado Frías,Supermercado,3,Madrid Sur,2022-05-31,Sí
1484,Gasolinera Bayo,Gasolinera,5,Madrid Oeste,2023-01-13,Sí
1485,Bar Royo,Bar,6,Alcobendas,2022-07-16,Sí
1486,Bar Barral,Bar,1,Madrid Centro,2022-07-11,Sí
1487,Bar Jurado,Bar,6,Alcobendas,2021-09-06,No
1488,Bar Alcalá,Bar,11,Alcorcón,2017-01-21,Sí
1489,Bar Vilalta,Bar,8,Getafe,2017-06-25,Sí
1490,Tienda Balaguer,Tienda,4,Madrid Este,2019-09-30,Sí
1491,Tienda Barros,Tienda,1,Madrid Centro,2026-01-11,Sí
1492,Bar Mateu,Bar,9,Leganés,2020-09-05,No
1493,Bar Márquez,Bar,4,Madrid Este,2026-01-01,Sí
1494,Bar Pascual,Bar,11,Alcorcón,2019-10-07,Sí
1495,Restaurante Frutos,Restaurante,9,Leganés,2020-09-04,No
1496,Bar Ferrándiz,Bar,3,Madrid Sur,2023-10-26,Sí
1497,Bar Pou,Bar,5,Madrid Oeste,2017-03-08,No
1498,Tienda Herrero,Tienda,4,Madrid Este,2017-01-20,Sí
1499,Tienda Lobato,Tienda,5,Madrid Oeste,2023-12-22,Sí
1500,Supermercado Ordóñez,Supermercado,3,Madrid Sur,2023-11-04,Sí
1501,Restaurante Iglesia,Restaurante,6,Alcobendas,2021-10-29,Sí
1502,Bar Rivera,Bar,11,Alcorcón,2019-11-11,No
1503,Bar Ibarra,Bar,1,Madrid Centro,2025-12-28,No
1504,Gasolinera Batlle,Gasolinera,4,Madrid Este,2025-06-15,Sí
1505,Bar Agustín,Bar,8,Getafe,2019-07-15,Sí
1506,Tienda Corral,Tienda,11,Alcorcón,2023-02-28,Sí
1507,Bar Salvador,Bar,7,San Sebastián de los Reyes,2021-07-19,Sí
1508,Restaurante Montserrat,Restaurante,5,Madrid Oeste,2024-04-27,Sí
1509,Bar Briones,Bar,7,San Sebastián de los Reyes,2025-08-26,Sí
1510,Bar Cadenas,Bar,6,Alcobendas,2018-05-17,Sí
1511,Bar Piñeiro,Bar,1,Madrid Centro,2017-07-25,Sí
1512,Gasolinera Corral,Gasolinera,12,Fuenlabrada,2024-08-31,No
1513,Bar Ferrera,Bar,9,Leganés,2021-07-07,Sí
1514,Bar Galvez,Bar,10,Móstoles,2019-03-21,Sí
1515,Tienda Valenzuela,Tienda,3,Madrid Sur,2019-06-03,Sí
1516,Tienda Oller,Tienda,7,San Sebastián de los Reyes,2017-04-12,Sí
1517,Restaurante Criado,Restaurante,6,Alcobendas,2024-03-08,Sí
1518,Bar Pol,Bar,3,Madrid Sur,2019-08-13,Sí
1519,Supermercado Vara,Supermercado,7,San Sebastián de los Reyes,2026-04-09,Sí
1520,Restaurante Teruel,Restaurante,5,Madrid Oeste,2019-06-10,Sí
1521,Bar Tejero,Bar,4,Madrid Este,2017-11-03,Sí
1522,Tienda Pereira,Tienda,6,Alcobendas,2017-09-08,No
1523,Bar Murcia,Bar,3,Madrid Sur,2026-02-21,Sí
1524,Tienda Franch,Tienda,4,Madrid Este,2017-03-18,Sí
1525,Bar Montalbán,Bar,3,Madrid Sur,2020-03-30,Sí
1526,Bar Arnaiz,Bar,8,Getafe,2018-01-12,Sí
1527,Gasolinera Morán,Gasolinera,3,Madrid Sur,2021-11-29,Sí
1528,Bar Menéndez,Bar,4,Madrid Este,2025-11-02,Sí
1529,Restaurante Ferrero,Restaurante,8,Getafe,2020-02-11,Sí
1530,Restaurante Balaguer,Restaurante,2,Madrid Norte,2018-10-09,Sí
1531,Supermercado Verdejo,Supermercado,7,San Sebastián de los Reyes,2024-04-11,Sí
1532,Bar Ariza,Bar,3,Madrid Sur,2017-01-21,Sí
1533,Bar Cepeda,Bar,3,Madrid Sur,2019-07-28,Sí
1534,Gasolinera Lobo,Gasolinera,9,Leganés,2018-08-16,Sí
1535,Supermercado Ibañez,Supermercado,5,Madrid Oeste,2025-06-22,Sí
1536,Bar Llopis,Bar,12,Fuenlabrada,2018-10-08,Sí
1537,Gasolinera Sevillano,Gasolinera,9,Leganés,2025-09-24,Sí
1538,Restaurante Palau,Restaurante,12,Fuenlabrada,2020-02-25,Sí
1539,Bar Arnal,Bar,4,Madrid Este,2018-04-19,Sí
1540,Bar Roldán,Bar,5,Madrid Oeste,2017-09-05,Sí
1541,Supermercado Escudero,Supermercado,9,Leganés,2023-06-04,Sí
1542,Gasolinera Torre,Gasolinera,7,San Sebastián de los Reyes,2023-10-29,Sí
1543,Bar Borrego,Bar,4,Madrid Este,2024-10-04,Sí
1544,Bar Blanch,Bar,5,Madrid Oeste,2022-01-24,Sí
1545,Bar Donoso,Bar,8,Getafe,2017-05-31,Sí
1546,Gasolinera Larrañaga,Gasolinera,7,San Sebastián de los Reyes,2019-12-19,Sí
1547,Bar Córdoba,Bar,2,Madrid Norte,2018-09-09,Sí
1548,Supermercado Vall,Supermercado,1,Madrid Centro,2018-10-01,No
1549,Bar Ricart,Bar,9,Leganés,2016-08-14,Sí
1550,Bar Mulet,Bar,3,Madrid Sur,2022-05-20,Sí
1551,Tienda Ribes,Tienda,1,Madrid Centro,2023-03-09,Sí
1552,Tienda Mármol,Tienda,2,Madrid Norte,2019-09-27,Sí
1553,Restaurante Vidal,Restaurante,2,Madrid Norte,2024-09-28,No
1554,Bar Nicolás,Bar,7,San Sebastián de los Reyes,2022-09-21,Sí
1555,Supermercado Amaya,Supermercado,12,Fuenlabrada,2018-09-05,Sí
1556,Tienda Villaverde,Tienda,9,Leganés,2021-05-03,Sí
1557,Bar Osorio,Bar,2,Madrid Norte,2016-11-07,Sí
1558,Tienda Sobrino,Tienda,2,Madrid Norte,2025-11-07,Sí
1559,Bar Viña,Bar,1,Madrid Centro,2020-10-17,Sí
1560,Restaurante Alcalá,Restaurante,5,Madrid Oeste,2021-03-24,No
1561,Bar Catalán,Bar,8,Getafe,2017-07-23,Sí
1562,Restaurante Navarrete,Restaurante,3,Madrid Sur,2026-06-01,Sí
1563,Tienda Tur,Tienda,8,Getafe,2019-09-07,Sí
1564,Restaurante Bernal,Restaurante,4,Madrid Este,2017-12-22,Sí
1565,Supermercado Carbonell,Supermercado,9,Leganés,2022-02-22,Sí
1566,Tienda Alcázar,Tienda,2,Madrid Norte,2016-07-07,Sí
1567,Bar Feijoo,Bar,8,Getafe,2022-05-23,Sí
1568,Tienda Ochoa,Tienda,6,Alcobendas,2016-11-25,Sí
1569,Tienda Torrijos,Tienda,12,Fuenlabrada,2018-10-21,Sí
1570,Bar Polo,Bar,6,Alcobendas,2025-07-23,No
1571,Tienda Ramos,Tienda,2,Madrid Norte,2020-07-05,Sí
1572,Tienda Adán,Tienda,9,Leganés,2018-02-13,Sí
1573,Bar Cordero,Bar,4,Madrid Este,2024-03-17,Sí
1574,Supermercado Esteban,Supermercado,2,Madrid Norte,2023-01-31,No
1575,Bar Losada,Bar,12,Fuenlabrada,2017-08-24,Sí
1576,Restaurante Patiño,Restaurante,2,Madrid Norte,2022-02-21,Sí
1577,Bar Pizarro,Bar,4,Madrid Este,2022-09-08,Sí
1578,Gasolinera Téllez,Gasolinera,7,San Sebastián de los Reyes,2020-12-05,Sí
1579,Bar Andreu,Bar,10,Móstoles,2024-06-15,Sí
1580,Bar Peña,Bar,6,Alcobendas,2021-01-01,Sí
1581,Tienda Higueras,Tienda,2,Madrid Norte,2016-09-09,Sí
1582,Bar Pino,Bar,3,Madrid Sur,2021-04-14,Sí
1583,Supermercado Jara,Supermercado,2,Madrid Norte,2024-04-15,Sí
1584,Supermercado Núñez,Supermercado,1,Madrid Centro,2022-07-20,Sí
1585,Restaurante Polo,Restaurante,5,Madrid Oeste,2019-06-15,Sí
1586,Tienda Borrás,Tienda,7,San Sebastián de los Reyes,2021-01-12,Sí
1587,Bar Mesa,Bar,3,Madrid Sur,2023-12-15,Sí
1588,Tienda Sosa,Tienda,9,Leganés,2021-03-30,Sí
1589,Restaurante Alegre,Restaurante,3,Madrid Sur,2024-03-16,Sí
1590,Bar Nevado,Bar,10,Móstoles,2020-09-10,Sí
1591,Tienda Ferrer,Tienda,8,Getafe,2020-05-24,Sí
1592,Tienda Escolano,Tienda,1,Madrid Centro,2016-12-24,No
1593,Bar Marqués,Bar,2,Madrid Norte,2026-05-13,Sí
1594,Tienda Barrena,Tienda,3,Madrid Sur,2022-06-12,Sí
1595,Bar Manuel,Bar,6,Alcobendas,2018-07-14,Sí
1596,Restaurante Fernandez,Restaurante,3,Madrid Sur,2022-05-25,No
1597,Tienda Company,Tienda,12,Fuenlabrada,2026-02-28,Sí
1598,Tienda Blanch,Tienda,8,Getafe,2016-11-08,Sí
1599,Tienda González,Tienda,8,Getafe,2022-08-21,Sí
1600,Bar Perales,Bar,10,Móstoles,2025-10-02,Sí
1601,Bar Pellicer,Bar,1,Madrid Centro,2025-01-06,Sí
1602,Tienda Coca,Tienda,8,Getafe,2018-12-21,Sí
1603,Bar Pavón,Bar,1,Madrid Centro,2025-06-06,Sí
1604,Bar Barrera,Bar,5,Madrid Oeste,2022-06-29,Sí
1605,Bar López,Bar,9,Leganés,2023-08-10,Sí
1606,Supermercado Ruiz,Supermercado,6,Alcobendas,2025-03-26,No
1607,Gasolinera Pinto,Gasolinera,9,Leganés,2020-07-07,Sí
1608,Bar Alsina,Bar,3,Madrid Sur,2021-12-08,Sí
1609,Tienda Solana,Tienda,7,San Sebastián de los Reyes,2019-05-15,Sí
1610,Supermercado Soto,Supermercado,2,Madrid Norte,2019-08-11,Sí
1611,Bar Pedraza,Bar,11,Alcorcón,2017-12-13,Sí
1612,Restaurante Vaquero,Restaurante,1,Madrid Centro,2018-02-22,No
1613,Bar Quesada,Bar,1,Madrid Centro,2021-09-20,Sí
1614,Bar Mena,Bar,11,Alcorcón,2018-02-07,No
1615,Gasolinera Espejo,Gasolinera,1,Madrid Centro,2020-09-24,Sí
1616,Bar Gámez,Bar,3,Madrid Sur,2025-05-17,Sí
1617,Restaurante Vazquez,Restaurante,10,Móstoles,2023-05-05,Sí
1618,Tienda Lopez,Tienda,3,Madrid Sur,2022-07-11,Sí
1619,Restaurante Llorente,Restaurante,4,Madrid Este,2018-12-15,Sí
1620,Bar Borja,Bar,4,Madrid Este,2018-07-05,Sí
1621,Bar Español,Bar,5,Madrid Oeste,2024-07-21,Sí
1622,Bar Morales,Bar,1,Madrid Centro,2017-04-20,Sí
1623,Bar Bayón,Bar,4,Madrid Este,2016-12-08,Sí
1624,Bar Mata,Bar,9,Leganés,2024-11-17,Sí
1625,Bar Llanos,Bar,2,Madrid Norte,2021-09-24,No
1626,Gasolinera Viñas,Gasolinera,11,Alcorcón,2021-07-28,Sí
1627,Bar Rosselló,Bar,5,Madrid Oeste,2025-04-28,Sí
1628,Bar Nebot,Bar,4,Madrid Este,2020-02-21,Sí
1629,Supermercado Costa,Supermercado,3,Madrid Sur,2023-02-24,Sí
1630,Bar Cruz,Bar,10,Móstoles,2024-10-23,Sí
1631,Tienda Llorens,Tienda,7,San Sebastián de los Reyes,2021-04-10,Sí
1632,Bar Lucas,Bar,4,Madrid Este,2024-01-26,Sí
1633,Bar Gil,Bar,1,Madrid Centro,2024-02-18,Sí
1634,Bar Garay,Bar,8,Getafe,2021-10-27,Sí
1635,Tienda Sala,Tienda,7,San Sebastián de los Reyes,2025-01-16,Sí
1636,Bar Hervia,Bar,9,Leganés,2017-08-22,Sí
1637,Bar Aranda,Bar,1,Madrid Centro,2025-10-18,Sí
1638,Gasolinera Mateo,Gasolinera,9,Leganés,2020-12-26,Sí
1639,Tienda Sarabia,Tienda,1,Madrid Centro,2017-08-30,Sí
1640,Bar Moya,Bar,6,Alcobendas,2022-07-20,Sí
1641,Bar Laguna,Bar,3,Madrid Sur,2021-06-01,No
1642,Bar Morán,Bar,8,Getafe,2020-09-05,Sí
1643,Bar Robles,Bar,6,Alcobendas,2017-12-03,Sí
1644,Bar Valero,Bar,11,Alcorcón,2021-06-13,Sí
1645,Bar Palacio,Bar,4,Madrid Este,2021-12-12,Sí
1646,Gasolinera Posada,Gasolinera,3,Madrid Sur,2016-06-08,Sí
1647,Gasolinera Olivera,Gasolinera,2,Madrid Norte,2020-02-24,Sí
1648,Bar Sáez,Bar,1,Madrid Centro,2022-05-28,Sí
1649,Tienda Roca,Tienda,3,Madrid Sur,2025-05-09,No
1650,Bar Alarcón,Bar,4,Madrid Este,2024-01-23,Sí
1651,Tienda Heras,Tienda,6,Alcobendas,2022-04-11,Sí
1652,Restaurante Viña,Restaurante,9,Leganés,2016-09-01,Sí
1653,Bar Rebollo,Bar,6,Alcobendas,2025-03-13,Sí
1654,Bar Pallarès,Bar,7,San Sebastián de los Reyes,2024-07-31,Sí
1655,Bar Barranco,Bar,3,Madrid Sur,2019-06-24,Sí
1656,Tienda Osuna,Tienda,4,Madrid Este,2026-04-24,Sí
1657,Gasolinera Aranda,Gasolinera,10,Móstoles,2020-03-26,Sí
1658,Gasolinera Peinado,Gasolinera,9,Leganés,2023-06-30,Sí
1659,Bar Chamorro,Bar,6,Alcobendas,2020-02-28,Sí
1660,Bar Seguí,Bar,2,Madrid Norte,2026-05-11,Sí
1661,Supermercado Serrano,Supermercado,12,Fuenlabrada,2017-03-09,Sí
1662,Gasolinera Chico,Gasolinera,7,San Sebastián de los Reyes,2020-12-06,Sí
1663,Tienda Blazquez,Tienda,1,Madrid Centro,2024-02-23,Sí
1664,Supermercado Ayuso,Supermercado,3,Madrid Sur,2019-11-18,Sí
1665,Bar Sánchez,Bar,1,Madrid Centro,2022-10-04,Sí
1666,Tienda Pujol,Tienda,11,Alcorcón,2023-01-27,No
1667,Gasolinera Blanes,Gasolinera,3,Madrid Sur,2025-08-17,No
1668,Supermercado Alcaraz,Supermercado,9,Leganés,2019-10-01,Sí
1669,Gasolinera Porta,Gasolinera,10,Móstoles,2026-03-22,Sí
1670,Bar Roldan,Bar,5,Madrid Oeste,2016-07-03,Sí
1671,Gasolinera Benavent,Gasolinera,7,San Sebastián de los Reyes,2023-11-16,Sí
1672,Bar Mendizábal,Bar,3,Madrid Sur,2022-05-19,Sí
1673,Tienda Pinilla,Tienda,9,Leganés,2023-11-11,Sí
1674,Restaurante Cuevas,Restaurante,6,Alcobendas,2022-12-28,Sí
1675,Gasolinera Mosquera,Gasolinera,6,Alcobendas,2016-11-21,Sí
1676,Bar Guardiola,Bar,9,Leganés,2022-06-02,Sí
1677,Supermercado Rivas,Supermercado,9,Leganés,2024-02-14,No
1678,Gasolinera Álvaro,Gasolinera,6,Alcobendas,2019-05-04,No
1679,Tienda Gras,Tienda,1,Madrid Centro,2024-05-04,Sí
1680,Tienda Uribe,Tienda,12,Fuenlabrada,2021-06-21,No
1681,Supermercado Nadal,Supermercado,12,Fuenlabrada,2017-05-26,Sí
1682,Tienda Pomares,Tienda,1,Madrid Centro,2020-09-01,Sí
1683,Tienda Pacheco,Tienda,5,Madrid Oeste,2023-04-17,Sí
1684,Bar Huguet,Bar,5,Madrid Oeste,2018-07-08,Sí
1685,Bar Almagro,Bar,2,Madrid Norte,2022-07-27,Sí
1686,Bar Gilabert,Bar,8,Getafe,2023-02-16,Sí
1687,Tienda Fortuny,Tienda,2,Madrid Norte,2021-12-14,Sí
1688,Tienda Canals,Tienda,9,Leganés,2025-12-23,No
1689,Restaurante Camacho,Restaurante,9,Leganés,2025-03-31,Sí
1690,Restaurante Lobo,Restaurante,8,Getafe,2026-03-06,Sí
1691,Supermercado Cabrera,Supermercado,8,Getafe,2022-04-21,Sí
1692,Supermercado Aragón,Supermercado,5,Madrid Oeste,2026-01-08,Sí
1693,Supermercado Arteaga,Supermercado,1,Madrid Centro,2020-02-05,No
1694,Tienda Gallart,Tienda,8,Getafe,2026-01-24,Sí
1695,Bar Revilla,Bar,5,Madrid Oeste,2026-03-30,Sí
1696,Gasolinera Gómez,Gasolinera,5,Madrid Oeste,2017-02-27,Sí
1697,Restaurante Almeida,Restaurante,1,Madrid Centro,2017-01-28,Sí
1698,Bar Vázquez,Bar,1,Madrid Centro,2022-09-22,Sí
1699,Bar Viñas,Bar,2,Madrid Norte,2023-01-15,Sí
1700,Tienda Yuste,Tienda,4,Madrid Este,2020-04-03,Sí
1701,Tienda Burgos,Tienda,12,Fuenlabrada,2022-08-04,Sí
1702,Restaurante Crespo,Restaurante,12,Fuenlabrada,2019-11-30,Sí
1703,Bar Hoyos,Bar,1,Madrid Centro,2022-03-12,Sí
1704,Bar Rosales,Bar,7,San Sebastián de los Reyes,2020-02-27,Sí
1705,Tienda Bayón,Tienda,3,Madrid Sur,2023-12-01,Sí
1706,Tienda Haro,Tienda,1,Madrid Centro,2025-06-27,Sí
1707,Bar Montoya,Bar,9,Leganés,2022-02-05,Sí
1708,Bar Figueroa,Bar,3,Madrid Sur,2018-02-25,Sí
1709,Bar Mariscal,Bar,1,Madrid Centro,2025-08-04,Sí
1710,Bar Cuenca,Bar,5,Madrid Oeste,2021-08-17,Sí
1711,Supermercado Pagès,Supermercado,5,Madrid Oeste,2018-09-16,No
1712,Bar Roda,Bar,2,Madrid Norte,2025-12-08,Sí
1713,Restaurante Garcés,Restaurante,12,Fuenlabrada,2020-12-31,Sí
1714,Restaurante Bejarano,Restaurante,3,Madrid Sur,2025-12-21,Sí
1715,Supermercado Becerra,Supermercado,4,Madrid Este,2022-01-31,No
1716,Restaurante Cáceres,Restaurante,1,Madrid Centro,2025-09-07,Sí
1717,Bar Iñiguez,Bar,5,Madrid Oeste,2017-09-09,No
1718,Tienda Cuevas,Tienda,1,Madrid Centro,2021-09-17,Sí
1719,Bar Ribera,Bar,5,Madrid Oeste,2019-01-30,Sí
1720,Bar Bermejo,Bar,3,Madrid Sur,2017-02-08,Sí
1721,Restaurante Oliveras,Restaurante,3,Madrid Sur,2023-02-07,Sí
1722,Bar Mulet,Bar,11,Alcorcón,2023-06-21,Sí
1723,Bar Vergara,Bar,1,Madrid Centro,2021-11-08,Sí
1724,Bar Tormo,Bar,5,Madrid Oeste,2023-06-25,No
1725,Bar Hierro,Bar,5,Madrid Oeste,2017-05-30,Sí
1726,Tienda Cabrero,Tienda,7,San Sebastián de los Reyes,2023-12-17,Sí
1727,Supermercado Juliá,Supermercado,3,Madrid Sur,2021-04-08,Sí
1728,Restaurante Mas,Restaurante,6,Alcobendas,2024-07-20,No
1729,Bar Méndez,Bar,2,Madrid Norte,2021-05-09,Sí
1730,Bar Blanca,Bar,2,Madrid Norte,2024-07-01,Sí
1731,Bar Simó,Bar,1,Madrid Centro,2018-12-20,Sí
1732,Bar Girón,Bar,4,Madrid Este,2026-05-16,Sí
1733,Gasolinera Patiño,Gasolinera,3,Madrid Sur,2018-08-02,Sí
1734,Bar Cañete,Bar,10,Móstoles,2017-11-04,Sí
1735,Tienda Piña,Tienda,3,Madrid Sur,2019-09-17,Sí
1736,Bar Macías,Bar,5,Madrid Oeste,2025-02-07,Sí
1737,Bar Serrano,Bar,7,San Sebastián de los Reyes,2024-05-10,Sí
1738,Tienda Barroso,Tienda,1,Madrid Centro,2024-07-16,Sí
1739,Restaurante Segarra,Restaurante,8,Getafe,2017-11-13,Sí
1740,Bar Calvet,Bar,1,Madrid Centro,2019-06-10,Sí
1741,Bar Mendizábal,Bar,1,Madrid Centro,2025-05-05,No
1742,Restaurante Sastre,Restaurante,1,Madrid Centro,2017-07-01,Sí
1743,Bar Osuna,Bar,5,Madrid Oeste,2016-12-18,Sí
1744,Restaurante Tolosa,Restaurante,4,Madrid Este,2020-08-22,No
1745,Gasolinera Paniagua,Gasolinera,5,Madrid Oeste,2019-08-30,Sí
1746,Bar Bermejo,Bar,1,Madrid Centro,2016-12-05,Sí
1747,Tienda Hurtado,Tienda,4,Madrid Este,2021-04-15,Sí
1748,Bar Villena,Bar,7,San Sebastián de los Reyes,2017-12-30,Sí
1749,Bar Baquero,Bar,1,Madrid Centro,2022-08-13,Sí
1750,Bar Acero,Bar,9,Leganés,2018-09-10,Sí
1751,Bar Ortuño,Bar,8,Getafe,2025-12-14,Sí
1752,Supermercado Amador,Supermercado,1,Madrid Centro,2019-03-27,Sí
1753,Bar Lobo,Bar,1,Madrid Centro,2024-12-08,Sí
1754,Restaurante Diéguez,Restaurante,5,Madrid Oeste,2016-12-30,Sí
1755,Bar Ródenas,Bar,5,Madrid Oeste,2016-10-08,Sí
1756,Bar Sarmiento,Bar,4,Madrid Este,2024-01-18,No
1757,Bar Company,Bar,3,Madrid Sur,2025-05-08,Sí
1758,Restaurante Vendrell,Restaurante,5,Madrid Oeste,2018-05-09,Sí
1759,Restaurante Guzman,Restaurante,5,Madrid Oeste,2025-11-26,Sí
1760,Bar Pardo,Bar,9,Leganés,2023-08-25,Sí
1761,Restaurante Maestre,Restaurante,8,Getafe,2022-03-06,Sí
1762,Bar Saldaña,Bar,5,Madrid Oeste,2020-07-31,Sí
1763,Gasolinera Correa,Gasolinera,3,Madrid Sur,2023-07-09,Sí
1764,Bar Ruiz,Bar,4,Madrid Este,2021-07-13,Sí
1765,Tienda Matas,Tienda,4,Madrid Este,2024-03-16,Sí
1766,Tienda Casanova,Tienda,4,Madrid Este,2018-05-14,Sí
1767,Restaurante Bauzà,Restaurante,4,Madrid Este,2024-10-13,Sí
1768,Bar Vilanova,Bar,11,Alcorcón,2024-07-05,Sí
1769,Bar Batalla,Bar,11,Alcorcón,2024-04-23,Sí
1770,Bar Macias,Bar,4,Madrid Este,2021-07-23,Sí
1771,Restaurante Manrique,Restaurante,2,Madrid Norte,2022-04-20,Sí
1772,Restaurante Cuevas,Restaurante,7,San Sebastián de los Reyes,2025-02-10,Sí
1773,Tienda Ortiz,Tienda,1,Madrid Centro,2020-09-02,Sí
1774,Tienda Ramirez,Tienda,12,Fuenlabrada,2020-12-13,Sí
1775,Tienda Guillen,Tienda,8,Getafe,2019-05-17,No
1776,Bar Montesinos,Bar,8,Getafe,2021-11-16,Sí
1777,Restaurante Mayo,Restaurante,8,Getafe,2021-06-25,Sí
1778,Bar Linares,Bar,1,Madrid Centro,2023-10-25,Sí
1779,Bar Ojeda,Bar,2,Madrid Norte,2020-03-30,No
1780,Bar Ávila,Bar,4,Madrid Este,2023-07-20,Sí
1781,Tienda Araujo,Tienda,9,Leganés,2016-11-22,Sí
1782,Bar Pascual,Bar,8,Getafe,2018-03-06,No
1783,Bar Esparza,Bar,12,Fuenlabrada,2018-01-11,Sí
1784,Restaurante Cifuentes,Restaurante,3,Madrid Sur,2022-08-08,Sí
1785,Bar Lucena,Bar,8,Getafe,2018-06-15,Sí
1786,Gasolinera Oliva,Gasolinera,6,Alcobendas,2019-08-11,Sí
1787,Bar Romero,Bar,5,Madrid Oeste,2025-06-15,Sí
1788,Bar Cortés,Bar,4,Madrid Este,2024-01-23,Sí
1789,Bar Bárcena,Bar,1,Madrid Centro,2018-03-10,Sí
1790,Tienda Moya,Tienda,3,Madrid Sur,2020-06-09,Sí
1791,Bar Andreu,Bar,4,Madrid Este,2024-03-01,Sí
1792,Bar Valderrama,Bar,1,Madrid Centro,2020-09-30,No
1793,Bar Lucas,Bar,7,San Sebastián de los Reyes,2019-10-30,Sí
1794,Supermercado Nicolau,Supermercado,1,Madrid Centro,2019-12-08,Sí
1795,Bar Peláez,Bar,7,San Sebastián de los Reyes,2025-05-10,Sí
1796,Bar Alsina,Bar,10,Móstoles,2021-07-05,Sí
1797,Bar Jáuregui,Bar,3,Madrid Sur,2018-10-04,Sí
1798,Restaurante Castillo,Restaurante,12,Fuenlabrada,2023-12-11,Sí
1799,Gasolinera Losada,Gasolinera,2,Madrid Norte,2018-05-23,Sí
1800,Bar Ramirez,Bar,6,Alcobendas,2026-05-22,Sí
1801,Tienda Roldán,Tienda,1,Madrid Centro,2018-08-22,Sí
1802,Restaurante Barba,Restaurante,9,Leganés,2016-08-25,No
1803,Tienda Ferrándiz,Tienda,6,Alcobendas,2020-02-24,Sí
1804,Tienda Cruz,Tienda,7,San Sebastián de los Reyes,2025-01-15,Sí
1805,Bar Vélez,Bar,1,Madrid Centro,2025-01-19,Sí
1806,Bar Escolano,Bar,8,Getafe,2025-08-27,Sí
1807,Restaurante Falcón,Restaurante,6,Alcobendas,2019-07-06,Sí
1808,Tienda Abril,Tienda,10,Móstoles,2025-01-31,Sí
1809,Gasolinera Catalán,Gasolinera,1,Madrid Centro,2024-05-20,Sí
1810,Bar Mir,Bar,4,Madrid Este,2016-11-06,Sí
1811,Restaurante Calvo,Restaurante,6,Alcobendas,2023-10-06,Sí
1812,Bar Valenzuela,Bar,8,Getafe,2021-07-18,Sí
1813,Supermercado Colom,Supermercado,7,San Sebastián de los Reyes,2020-06-14,Sí
1814,Restaurante Alcalde,Restaurante,4,Madrid Este,2024-09-09,No
1815,Bar Barrio,Bar,5,Madrid Oeste,2019-01-09,Sí
1816,Bar Berenguer,Bar,1,Madrid Centro,2024-04-18,Sí
1817,Tienda Soto,Tienda,2,Madrid Norte,2023-03-03,Sí
1818,Restaurante Menéndez,Restaurante,9,Leganés,2025-05-02,Sí
1819,Supermercado Valenzuela,Supermercado,2,Madrid Norte,2021-12-31,Sí
1820,Restaurante Artigas,Restaurante,7,San Sebastián de los Reyes,2017-03-26,Sí
1821,Bar Pinedo,Bar,8,Getafe,2025-03-17,Sí
1822,Supermercado Bellido,Supermercado,5,Madrid Oeste,2021-04-02,Sí
1823,Bar Olivera,Bar,10,Móstoles,2016-11-18,No
1824,Supermercado Blanes,Supermercado,8,Getafe,2018-07-05,Sí
1825,Bar Mateu,Bar,5,Madrid Oeste,2018-05-10,No
1826,Bar Barral,Bar,12,Fuenlabrada,2018-04-15,Sí
1827,Restaurante Guzmán,Restaurante,5,Madrid Oeste,2018-05-04,Sí
1828,Tienda Arribas,Tienda,3,Madrid Sur,2016-12-30,Sí
1829,Bar Manuel,Bar,4,Madrid Este,2020-07-27,Sí
1830,Bar Pi,Bar,5,Madrid Oeste,2017-04-27,Sí
1831,Bar Cabrero,Bar,5,Madrid Oeste,2021-04-27,Sí
1832,Bar Canales,Bar,6,Alcobendas,2022-07-07,Sí
1833,Bar Carbó,Bar,5,Madrid Oeste,2018-06-18,Sí
1834,Tienda Lillo,Tienda,1,Madrid Centro,2023-06-07,Sí
1835,Supermercado Gutiérrez,Supermercado,8,Getafe,2020-04-01,Sí
1836,Bar Agustín,Bar,9,Leganés,2017-03-03,Sí
1837,Restaurante Ramos,Restaurante,10,Móstoles,2025-07-24,No
1838,Tienda Blanca,Tienda,2,Madrid Norte,2021-12-22,No
1839,Tienda Poza,Tienda,4,Madrid Este,2025-09-16,Sí
1840,Supermercado Bolaños,Supermercado,7,San Sebastián de los Reyes,2025-01-27,Sí
1841,Tienda Narváez,Tienda,1,Madrid Centro,2024-09-13,Sí
1842,Bar Morales,Bar,2,Madrid Norte,2017-08-31,Sí
1843,Bar Antón,Bar,3,Madrid Sur,2019-11-15,Sí
1844,Restaurante Expósito,Restaurante,3,Madrid Sur,2024-12-08,Sí
1845,Restaurante Gracia,Restaurante,7,San Sebastián de los Reyes,2025-07-07,Sí
1846,Restaurante Diaz,Restaurante,3,Madrid Sur,2018-12-16,Sí
1847,Bar Cánovas,Bar,2,Madrid Norte,2018-08-18,Sí
1848,Supermercado Segovia,Supermercado,3,Madrid Sur,2019-07-11,Sí
1849,Supermercado Pagès,Supermercado,7,San Sebastián de los Reyes,2023-07-27,Sí
1850,Bar Carvajal,Bar,2,Madrid Norte,2023-01-30,Sí
1851,Bar Adadia,Bar,1,Madrid Centro,2019-07-11,Sí
1852,Tienda Ferrero,Tienda,4,Madrid Este,2021-12-26,Sí
1853,Tienda Barceló,Tienda,4,Madrid Este,2026-05-27,Sí
1854,Bar Osuna,Bar,6,Alcobendas,2018-04-02,Sí
1855,Tienda Quesada,Tienda,4,Madrid Este,2021-09-08,No
1856,Bar Barco,Bar,2,Madrid Norte,2019-02-01,Sí
1857,Bar Vicens,Bar,2,Madrid Norte,2019-05-15,Sí
1858,Gasolinera Aparicio,Gasolinera,5,Madrid Oeste,2019-08-19,Sí
1859,Bar Valentín,Bar,2,Madrid Norte,2023-12-31,Sí
1860,Bar Boix,Bar,6,Alcobendas,2024-05-28,Sí
1861,Bar Paniagua,Bar,12,Fuenlabrada,2024-05-17,Sí
1862,Restaurante Riera,Restaurante,9,Leganés,2022-12-31,Sí
1863,Bar Monreal,Bar,4,Madrid Este,2021-02-26,Sí
1864,Restaurante Prats,Restaurante,7,San Sebastián de los Reyes,2020-10-24,Sí
1865,Restaurante Calderon,Restaurante,1,Madrid Centro,2019-12-18,Sí
1866,Bar Saldaña,Bar,3,Madrid Sur,2026-04-06,No
1867,Gasolinera Pera,Gasolinera,7,San Sebastián de los Reyes,2019-02-27,Sí
1868,Bar Narváez,Bar,7,San Sebastián de los Reyes,2021-04-03,Sí
1869,Bar Hoz,Bar,1,Madrid Centro,2018-11-14,Sí
1870,Bar Vega,Bar,11,Alcorcón,2021-09-17,Sí
1871,Supermercado Montenegro,Supermercado,1,Madrid Centro,2017-08-16,Sí
1872,Tienda Palomino,Tienda,2,Madrid Norte,2024-05-25,Sí
1873,Tienda Abad,Tienda,4,Madrid Este,2021-03-11,Sí
1874,Tienda Rebollo,Tienda,6,Alcobendas,2021-04-10,Sí
1875,Bar Escamilla,Bar,8,Getafe,2019-06-17,Sí
1876,Restaurante Mosquera,Restaurante,10,Móstoles,2021-05-21,Sí
1877,Restaurante Hernandez,Restaurante,2,Madrid Norte,2025-10-17,Sí
1878,Bar Fernández,Bar,7,San Sebastián de los Reyes,2021-07-07,Sí
1879,Supermercado Giner,Supermercado,6,Alcobendas,2021-12-27,Sí
1880,Bar Reyes,Bar,3,Madrid Sur,2017-06-17,Sí
1881,Gasolinera Peral,Gasolinera,11,Alcorcón,2016-07-19,No
1882,Bar González,Bar,2,Madrid Norte,2016-10-15,Sí
1883,Restaurante Casanova,Restaurante,7,San Sebastián de los Reyes,2020-06-16,Sí
1884,Bar Mur,Bar,2,Madrid Norte,2021-06-08,Sí
1885,Restaurante Querol,Restaurante,9,Leganés,2019-04-23,Sí
1886,Bar Cardona,Bar,5,Madrid Oeste,2020-05-07,Sí
1887,Supermercado Peralta,Supermercado,6,Alcobendas,2019-10-12,Sí
1888,Supermercado Aparicio,Supermercado,8,Getafe,2024-05-09,Sí
1889,Tienda Alvarado,Tienda,3,Madrid Sur,2024-09-05,Sí
1890,Bar Polo,Bar,7,San Sebastián de los Reyes,2021-10-12,Sí
1891,Bar España,Bar,9,Leganés,2025-04-20,Sí
1892,Tienda Miralles,Tienda,10,Móstoles,2021-08-07,Sí
1893,Bar Villaverde,Bar,4,Madrid Este,2020-09-09,Sí
1894,Bar Farré,Bar,1,Madrid Centro,2019-02-24,Sí
1895,Tienda Oliva,Tienda,3,Madrid Sur,2022-07-15,Sí
1896,Tienda Tena,Tienda,2,Madrid Norte,2017-06-02,No
1897,Restaurante Taboada,Restaurante,1,Madrid Centro,2022-08-04,Sí
1898,Gasolinera Batlle,Gasolinera,3,Madrid Sur,2019-01-02,No
1899,Bar Montes,Bar,4,Madrid Este,2018-07-18,No
1900,Supermercado Mateo,Supermercado,4,Madrid Este,2019-10-07,Sí
1901,Bar Vilanova,Bar,6,Alcobendas,2017-09-03,Sí
1902,Bar Diéguez,Bar,4,Madrid Este,2018-01-26,Sí
1903,Bar Ribas,Bar,6,Alcobendas,2023-02-19,Sí
1904,Tienda Tolosa,Tienda,9,Leganés,2026-04-09,Sí
1905,Bar Bonet,Bar,2,Madrid Norte,2018-05-28,No
1906,Bar Tejero,Bar,9,Leganés,2017-03-21,Sí
1907,Bar Viana,Bar,1,Madrid Centro,2017-07-06,Sí
1908,Bar Iñiguez,Bar,2,Madrid Norte,2019-07-29,Sí
1909,Bar Duque,Bar,2,Madrid Norte,2018-10-12,Sí
1910,Bar Correa,Bar,8,Getafe,2017-07-12,Sí
1911,Tienda Conde,Tienda,4,Madrid Este,2016-06-09,Sí
1912,Supermercado Casas,Supermercado,10,Móstoles,2025-09-04,Sí
1913,Bar Salamanca,Bar,2,Madrid Norte,2021-10-06,Sí
1914,Supermercado Badía,Supermercado,8,Getafe,2017-03-20,Sí
1915,Tienda Alcalá,Tienda,8,Getafe,2019-02-04,Sí
1916,Restaurante Lasa,Restaurante,4,Madrid Este,2019-04-21,Sí
1917,Bar Serra,Bar,8,Getafe,2020-08-09,Sí
1918,Gasolinera Bas,Gasolinera,2,Madrid Norte,2019-11-04,No
1919,Bar Hernando,Bar,3,Madrid Sur,2025-03-22,Sí
1920,Gasolinera Hoz,Gasolinera,3,Madrid Sur,2021-09-03,Sí
1921,Restaurante Castrillo,Restaurante,10,Móstoles,2020-07-07,Sí
1922,Bar Alegria,Bar,4,Madrid Este,2025-08-04,Sí
1923,Bar Ferrero,Bar,1,Madrid Centro,2021-05-27,Sí
1924,Gasolinera Segarra,Gasolinera,6,Alcobendas,2016-08-30,Sí
1925,Bar Tormo,Bar,5,Madrid Oeste,2017-05-20,Sí
1926,Gasolinera Casals,Gasolinera,6,Alcobendas,2016-08-06,No
1927,Supermercado Pedraza,Supermercado,3,Madrid Sur,2017-11-18,Sí
1928,Bar Canales,Bar,9,Leganés,2021-06-13,Sí
1929,Restaurante Cifuentes,Restaurante,4,Madrid Este,2019-10-03,Sí
1930,Restaurante Hervás,Restaurante,1,Madrid Centro,2024-06-17,Sí
1931,Gasolinera Antúnez,Gasolinera,3,Madrid Sur,2019-01-07,Sí
1932,Restaurante Checa,Restaurante,4,Madrid Este,2017-01-06,Sí
1933,Tienda Castell,Tienda,7,San Sebastián de los Reyes,2020-01-29,Sí
1934,Bar Llamas,Bar,1,Madrid Centro,2020-09-22,Sí
1935,Restaurante Salvà,Restaurante,2,Madrid Norte,2021-09-13,Sí
1936,Restaurante Antón,Restaurante,5,Madrid Oeste,2025-06-17,Sí
1937,Bar Ramírez,Bar,11,Alcorcón,2024-07-29,No
1938,Supermercado Pinedo,Supermercado,3,Madrid Sur,2025-07-10,Sí
1939,Bar Mayoral,Bar,1,Madrid Centro,2022-01-07,No
1940,Restaurante Núñez,Restaurante,3,Madrid Sur,2018-12-17,Sí
1941,Tienda Mosquera,Tienda,2,Madrid Norte,2016-11-27,Sí
1942,Bar Blanes,Bar,1,Madrid Centro,2024-09-08,Sí
1943,Bar Vila,Bar,2,Madrid Norte,2019-11-12,Sí
1944,Gasolinera Perea,Gasolinera,8,Getafe,2025-06-16,Sí
1945,Tienda Ferreras,Tienda,4,Madrid Este,2021-11-16,Sí
1946,Tienda Ariza,Tienda,5,Madrid Oeste,2019-07-19,Sí
1947,Tienda Galindo,Tienda,5,Madrid Oeste,2024-03-06,Sí
1948,Bar Méndez,Bar,3,Madrid Sur,2018-12-12,Sí
1949,Bar Royo,Bar,10,Móstoles,2023-05-20,Sí
1950,Bar Cortés,Bar,2,Madrid Norte,2022-10-01,Sí
1951,Bar Lillo,Bar,3,Madrid Sur,2021-06-27,Sí
1952,Bar Jordá,Bar,2,Madrid Norte,2016-08-06,Sí
1953,Restaurante Guardiola,Restaurante,9,Leganés,2025-08-23,Sí
1954,Restaurante Maldonado,Restaurante,6,Alcobendas,2018-03-15,No
1955,Bar Sáenz,Bar,11,Alcorcón,2025-09-21,Sí
1956,Restaurante Belmonte,Restaurante,4,Madrid Este,2017-05-28,Sí
1957,Bar Fuente,Bar,3,Madrid Sur,2022-05-08,Sí
1958,Bar Arribas,Bar,5,Madrid Oeste,2020-08-13,Sí
1959,Bar Bru,Bar,11,Alcorcón,2021-03-30,Sí
1960,Bar Juan,Bar,1,Madrid Centro,2017-03-20,Sí
1961,Gasolinera Jove,Gasolinera,8,Getafe,2019-03-05,Sí
1962,Bar Mendizábal,Bar,4,Madrid Este,2025-08-23,Sí
1963,Gasolinera Alemany,Gasolinera,3,Madrid Sur,2025-08-28,Sí
1964,Supermercado Arana,Supermercado,6,Alcobendas,2023-10-21,No
1965,Tienda Olivares,Tienda,3,Madrid Sur,2026-02-05,Sí
1966,Supermercado Huerta,Supermercado,2,Madrid Norte,2022-06-27,Sí
1967,Restaurante Soto,Restaurante,5,Madrid Oeste,2023-06-29,Sí
1968,Gasolinera Muñoz,Gasolinera,5,Madrid Oeste,2017-12-11,Sí
1969,Bar Portero,Bar,9,Leganés,2026-05-29,Sí
1970,Bar Pablo,Bar,6,Alcobendas,2021-05-27,Sí
1971,Tienda Ávila,Tienda,12,Fuenlabrada,2023-11-06,Sí
1972,Bar Ribera,Bar,4,Madrid Este,2024-07-30,Sí
1973,Bar Ferrándiz,Bar,5,Madrid Oeste,2022-08-21,Sí
1974,Restaurante Baquero,Restaurante,5,Madrid Oeste,2017-04-24,No
1975,Tienda Albero,Tienda,12,Fuenlabrada,2017-09-11,Sí
1976,Tienda Varela,Tienda,3,Madrid Sur,2024-11-06,Sí
1977,Restaurante Valera,Restaurante,4,Madrid Este,2021-08-21,Sí
1978,Bar Adán,Bar,2,Madrid Norte,2018-09-25,Sí
1979,Supermercado Elías,Supermercado,7,San Sebastián de los Reyes,2024-10-15,Sí
1980,Bar Tapia,Bar,11,Alcorcón,2024-10-31,Sí
1981,Tienda Ferrández,Tienda,3,Madrid Sur,2018-08-05,Sí
1982,Restaurante Segura,Restaurante,6,Alcobendas,2020-05-30,Sí
1983,Gasolinera Borja,Gasolinera,8,Getafe,2018-12-30,Sí
1984,Supermercado Montaña,Supermercado,8,Getafe,2026-01-06,Sí
1985,Bar Cabañas,Bar,6,Alcobendas,2018-04-11,Sí
1986,Bar Tapia,Bar,8,Getafe,2022-05-02,Sí
1987,Restaurante Rosselló,Restaurante,7,San Sebastián de los Reyes,2021-03-21,Sí
1988,Bar Bermúdez,Bar,12,Fuenlabrada,2022-07-15,Sí
1989,Supermercado Ureña,Supermercado,3,Madrid Sur,2021-03-27,Sí
1990,Bar Baena,Bar,8,Getafe,2024-11-08,Sí
1991,Supermercado Barba,Supermercado,12,Fuenlabrada,2024-08-12,Sí
1992,Tienda Luján,Tienda,1,Madrid Centro,2023-06-27,No
1993,Bar Barceló,Bar,1,Madrid Centro,2024-04-05,Sí
1994,Bar Morillo,Bar,3,Madrid Sur,2019-10-24,Sí
1995,Bar Oliva,Bar,9,Leganés,2016-12-31,Sí
1996,Tienda Plaza,Tienda,8,Getafe,2023-07-01,Sí
1997,Bar Caballero,Bar,5,Madrid Oeste,2018-09-07,Sí
1998,Bar Luján,Bar,1,Madrid Centro,2017-01-15,Sí
1999,Bar Molina,Bar,4,Madrid Este,2023-12-02,Sí
2000,Bar Vazquez,Bar,5,Madrid Oeste,2022-01-25,Sí
